Brand,Model Name,Model Image,Technology,2G bands,GPRS,EDGE,Announced,Status,Dimensions,Weight,SIM,,Type,Size,Resolution,OS,Chipset,CPU,Card slot,Internal,Single,Video,Single_1,Video_1,Loudspeaker,3.5mm jack,WLAN,Bluetooth,GPS,NFC,Radio,USB,Sensors,Type_1,Talk time,Colors,Price,3G bands,4G bands,Speed,GPU,Features,_1,Features_1,_1_1,Stand-by,Performance,Display,Camera,Loudspeaker_1,Audio quality,Battery life,Protection,Charging,Models,Talk time_1,SAR EU,Music play,SAR,Browser,Keyboard,Build,Triple,Dual,32GB 3GB RAM,Quad,64GB 4GB RAM,128GB 4GB RAM,128GB 6GB RAM,32GB 2GB RAM,16GB 2GB RAM,8GB 1GB RAM,16GB 1GB RAM,Infrared port,Phonebook,Call records,Messaging,Games,Java,Stand-by_1,Alert types,Clock,Alarm,Languages
,,,,,,,,,,,,,,,,,,,,,,,,,,,,,,,,,,,,,,,,,,,,,,,,,,,,,,,,,,,,,,,,,,,,,,,,,,,,,,,,,,,,
b'alcatel',b'alcatel 3L (2021)',b'https://fdn2.gsmarena.com/vv/bigpic/alcatel-a3l-2021.jpg',b'GSM / HSPA / LTE',b'GSM 850 / 900 / 1800 / 1900 - SIM 1 & SIM 2 (dual-SIM model only)',,,"b'2021, January 12'","b'Coming soon. Exp. release 2021, March'",b'165.6 x 75.6 x 8.7 mm (6.52 x 2.98 x 0.34 in)',b'194 g (6.84 oz)',"b'Single SIM (Nano-SIM) or Dual SIM (Nano-SIM, dual stand-by)'",b'eMMC 5.1',b'IPS LCD',"b'6.52 inches, 102.6 cm2 (~82.0% screen-to-body ratio)'","b'720 x 1600 pixels, 20:9 ratio (~269 ppi density)'",b'Android 11',b'Mediatek MT6762D Helio P22 (12 nm)',b'Octa-core (4x1.8 GHz Cortex-A53 & 4x1.5 GHz Cortex-A53)',b'microSDXC (only single sim model)',b'64GB 4GB RAM',"b'8 MP, f/2.0, 26mm (wide), 1/4"", 1.12\xc2\xb5m'",b'1080p@30fps',,b'1080p@30fps',b'Yes',b'Yes',"b'Wi-Fi 802.11 b/g/n, Wi-Fi Direct, hotspot'","b'5.0, A2DP, LE'","b'Yes, with A-GPS, GLONASS, GALILEO, BDS'",b'Yes',b'FM radio',"b'microUSB 2.0, USB On-The-Go'","b'Fingerprint (rear-mounted), accelerometer, proximity, compass'","b'Li-Po 4000 mAh, non-removable'",,"b'Jewelry Blue, Jewelry Black'",b'About 150 EUR',b'HSDPA 850 / 900 / 1900 / 2100',"b'1, 3, 7, 8, 20, 28'","b'HSPA 42.2/5.76 Mbps, LTE Cat4 150/50 Mbps'",b'PowerVR GE8320',"b'LED flash, HDR, panorama'",,b'HDR',,,,,,,,,,b'Charging 10W',,,,,,,,"b'Glass front, plastic back, plastic frame'","b'48 MP, f/1.8, 26mm (wide), 1/2.0"", 0.8\xc2\xb5m, PDAF 2 MP, f/2.4, (macro) 2 MP, f/2.4, (depth)'",,,,,,,,,,,,,,,,,,,,,
,,,,,,,,,,,,,,,,,,,,,,,,,,,,,,,,,,,,,,,,,,,,,,,,,,,,,,,,,,,,,,,,,,,,,,,,,,,,,,,,,,,,
b'alcatel',b'alcatel 1S (2021)',b'https://fdn2.gsmarena.com/vv/bigpic/alcatel-1s-2021-.jpg',b'GSM / HSPA / LTE',b'GSM 850 / 900 / 1800 / 1900 - SIM 1 & SIM 2 (dual-SIM model only)',,,"b'2021, January 12'","b'Coming soon. Exp. release 2021, Februrary'",b'165.6 x 75.6 x 8.8 mm (6.52 x 2.98 x 0.35 in)',b'190 g (6.70 oz)',"b'Single SIM (Nano-SIM) or Hybrid Dual SIM (Nano-SIM, dual stand-by)'",b'eMMC 5.1',b'IPS LCD',"b'6.52 inches, 102.6 cm2 (~82.0% screen-to-body ratio)'","b'720 x 1600 pixels, 20:9 ratio (~269 ppi density)'",b'Android 11',b'Mediatek MT6762D Helio P22 (12 nm)',b'Octa-core (4x1.8 GHz Cortex-A53 & 4x1.5 GHz Cortex-A53)',b'microSDXC (uses shared SIM slot)',b'32GB 3GB RAM',"b'5 MP, f/2.2, 27mm (wide), 1/5"", 1.12\xc2\xb5m'",b'1080p@30fps',,b'1080p@30fps',b'Yes',b'Yes',"b'Wi-Fi 802.11 b/g/n, Wi-Fi Direct, hotspot'","b'5.0, A2DP, LE'","b'Yes, with A-GPS, GLONASS, GALILEO, BDS'",b'No',b'FM radio',"b'microUSB 2.0, USB On-The-Go'","b'Fingerprint (rear-mounted), accelerometer, proximity, compass'","b'Li-Po 4000 mAh, non-removable'",,"b'Elegant Black, Twilight Blue'",b'About 110 EUR',b'HSDPA 850 / 900 / 1900 / 2100',"b'1, 3, 5, 7, 8, 20, 28, 38, 40, 41'","b'HSPA 42.2/5.76 Mbps, LTE Cat4 150/50 Mbps'",b'PowerVR GE8320',"b'LED flash, HDR, panorama'",,b'HDR',,,,,,,,,,b'Charging 10W',,,,,,,,"b'Glass front, plastic back, plastic frame'","b'13 MP, f/2.0, 27mm (wide), 1/3.06"", 1.12\xc2\xb5m, PDAF 2 MP, f/2.4, (macro) 2 MP, f/2.4, (depth)'",,,,,,,,,,,,,,,,,,,,,
,,,,,,,,,,,,,,,,,,,,,,,,,,,,,,,,,,,,,,,,,,,,,,,,,,,,,,,,,,,,,,,,,,,,,,,,,,,,,,,,,,,,
b'alcatel',b'alcatel 1L (2021)',b'https://fdn2.gsmarena.com/vv/bigpic/alcatel-1l-2021-.jpg',b'GSM / HSPA / LTE',b'GSM 850 / 900 / 1800 / 1900 - SIM 1 & SIM 2 (dual-SIM model only)',,,"b'2021, January 12'","b'Coming soon. Exp. release 2021, March'",b'-',b'-',"b'Single SIM (Nano-SIM) or Hybrid Dual SIM (Nano-SIM, dual stand-by)'",b'eMMC 5.1',b'IPS LCD',"b'6.1 inches, 89.8 cm2'","b'720 x 1600 pixels, 20:9 ratio (~288 ppi density)'",b'Android 11',,,b'microSDXC (uses shared SIM slot)',b'32GB 2GB RAM',b'Unspecified',b'1080p@30fps',,b'1080p@30fps',b'Yes',b'Yes',"b'Wi-Fi 802.11 b/g/n, Wi-Fi Direct, hotspot'","b'5.0, A2DP, LE'","b'Yes, with A-GPS, GLONASS, GALILEO, BDS'",b'No',b'Unspecified',"b'microUSB 2.0, USB On-The-Go'","b'Fingerprint (rear-mounted), accelerometer, proximity'","b'Li-Ion 3000 mAh, non-removable'",,"b'Black, Blue'",b'About 110 EUR',b'HSDPA 850 / 900 / 1900 / 2100',b'LTE (unspecified)',"b'HSPA 42.2/5.76 Mbps, LTE Cat4 150/50 Mbps'",,"b'LED flash, HDR, panorama'",,b'HDR',,,,,,,,,,,,,,,,,,"b'Glass front, plastic back, plastic frame'",,"b'13 MP, 27mm (wide), 1/3.06"", 1.12\xc2\xb5m, PDAF 2 MP, f/2.4, (depth)'",,,,,,,,,,,,,,,,,,,,
,,,,,,,,,,,,,,,,,,,,,,,,,,,,,,,,,,,,,,,,,,,,,,,,,,,,,,,,,,,,,,,,,,,,,,,,,,,,,,,,,,,,
b'alcatel',b'alcatel 1SE (2020)',b'https://fdn2.gsmarena.com/vv/bigpic/alcatel-1-se-2020.jpg',b'GSM / HSPA / LTE',b'GSM 850 / 900 / 1800 / 1900 - SIM 1 & SIM 2',,,"b'2020, October 28'","b'Available. Released 2020, October 28'",b'159.2 x 75.2 x 8.7 mm (6.27 x 2.96 x 0.34 in)',b'175 g (6.17 oz)',"b'Hybrid Dual SIM (Nano-SIM, dual stand-by)'",b'eMMC 5.1',b'IPS LCD',"b'6.22 inches, 96.6 cm2 (~80.7% screen-to-body ratio)'","b'720 x 1520 pixels, 19:9 ratio (~270 ppi density)'",b'Android 10',b'Unisoc SC9863A (28nm)',b'Octa-core (4x1.6 GHz Cortex-A55 & 4x1.2 GHz Cortex-A55)',b'microSDXC (uses shared SIM slot)',"b'32GB 3GB RAM, 128GB 4GB RAM'","b'5 MP, f/2.2, (wide), 1/5"", 1.12\xc2\xb5m'",b'1080p@30fps',,b'1080p@30fps',b'Yes',b'Yes',"b'Wi-Fi 802.11 b/g/n, Wi-Fi Direct, hotspot'","b'4.2, A2DP'","b'Yes, with A-GPS'",b'No',b'FM radio',b'microUSB 2.0',"b'Fingerprint (rear-mounted), accelerometer, proximity'","b'Li-Po 4000 mAh, non-removable'",,"b'Agate Greeen, Power Gray'",b'\xe2\x82\xac\xe2\x80\x89102.22 / \xc2\xa3\xe2\x80\x8989.79',b'HSDPA 850 / 900 / 1900 / 2100',"b'1, 3, 7, 8, 20, 28'","b'HSPA 21.1/5.76 Mbps, LTE Cat4 150/50 Mbps'",b'IMG8322',"b'LED flash, HDR, panorama'",,b'HDR',,,,,,,,,,,"b'5030F, 5030U'",,,,,,,"b'Glass front, plastic frame, plastic back'","b'13 MP, f/2.2, (wide), 1/3.06"", 1.12\xc2\xb5m, AF 5 MP, f/2.2, (ultrawide), 1/5.0"", 1.12\xc2\xb5m 2 MP, f/2.4, (depth)'",,b'\xe2\x82\xac\xe2\x80\x89102.22',,,,,,,,,,,,,,,,,,,
,,,,,,,,,,,,,,,,,,,,,,,,,,,,,,,,,,,,,,,,,,,,,,,,,,,,,,,,,,,,,,,,,,,,,,,,,,,,,,,,,,,,
b'alcatel',b'alcatel Go Flip 3',b'https://fdn2.gsmarena.com/vv/bigpic/alcatel-go-flip3.jpg',b'GSM / CDMA / HSPA / LTE',b'GSM 850 / 900 / 1800 / 1900',,,"b'2019, September 19'","b'Available. Released 2019, September 19'",b'104.9 x 53.1 x 20.1 mm (4.13 x 2.09 x 0.79 in)',b'118 g (4.16 oz)',b'Nano-SIM',b'CDMA 800 / 1900',b'TN TFT',"b'2.8 inches, 24.3 cm2 (~43.6% screen-to-body ratio)'","b'240 x 320 pixels, 4:3 ratio (~143 ppi density)'",b'KaiOS 2.5',b'Qualcomm MSM8909 Snapdragon 210 (28 nm)',b'Quad-core 1.1 GHz Cortex-A7',b'microSDHC (dedicated slot)',b'4GB 512MB RAM',b'2 MP',b'720p@30fps',,,b'Yes',b'Yes',"b'Wi-Fi 802.11 b/g/n, hotspot'","b'4.2, A2DP'",b'No',b'No',b'FM radio',b'microUSB 2.0',b'',"b'Li-Ion 1350 mAh, removable'",,b'Prime Black',b'About 80 EUR',b'HSDPA 850 / 1700(AWS) / 1900',"b'2, 4, 5, 12, 25, 26, 41, 66, 71'","b'HSPA, LTE'",b'Adreno 304',,"b'Second external TN TFT display, 1.44 inches, 128 x 128 pixels'",,b'',,,,,,,,,,,,,,b'1.28 W/kg (head) \xc2\xa0 \xc2\xa0 1.16 W/kg (body)',,,,,,,,,,,,,,,,,,,,,,,,,
,,,,,,,,,,,,,,,,,,,,,,,,,,,,,,,,,,,,,,,,,,,,,,,,,,,,,,,,,,,,,,,,,,,,,,,,,,,,,,,,,,,,
b'alcatel',b'alcatel Go Flip V',b'https://fdn2.gsmarena.com/vv/bigpic/alcatel-go-flipv.jpg',b'GSM / HSPA / LTE',b'GSM 850 / 1900',,,"b'2019, July 11'","b'Available. Released 2019, July 11'",b'104.9 x 52.8 x 18.7 mm (4.13 x 2.08 x 0.74 in)',b'118 g (4.16 oz)',b'Nano-SIM',"b'Second external TN TFT display, 1.44 inches, 128 x 128 pixels'",b'TN TFT',"b'2.8 inches, 24.3 cm2 (~43.8% screen-to-body ratio)'","b'240 x 320 pixels, 4:3 ratio (~143 ppi density)'",b'KaiOS 2.5',b'Qualcomm MSM8909 Snapdragon 210 (28 nm)',b'Quad-core 1.1 GHz Cortex-A7',b'microSDHC (dedicated slot)',b'8GB 1GB RAM',b'2 MP',b'720p@30fps',,,b'Yes',b'Yes',"b'Wi-Fi 802.11 b/g/n, hotspot'","b'4.2, A2DP'",b'No',b'No',b'FM radio',b'microUSB 2.0',b'',"b'Li-Ion 1350 mAh, removable'",,b'Black',b'About 80 EUR',b'HSDPA 850 / 1700(AWS) / 1900',"b'2, 4, 5, 13'","b'HSPA, LTE'",b'Adreno 304',,b'',,,,,,,,,,,,,,,,b'1.08 W/kg (head) \xc2\xa0 \xc2\xa0 1.32 W/kg (body)',,,,,,,,,,,,,,,,,,,,,,,,,
,,,,,,,,,,,,,,,,,,,,,,,,,,,,,,,,,,,,,,,,,,,,,,,,,,,,,,,,,,,,,,,,,,,,,,,,,,,,,,,,,,,,
b'alcatel',b'alcatel 3X (2020)',b'https://fdn2.gsmarena.com/vv/bigpic/alcatel-3x-2020.jpg',b'GSM / HSPA / LTE',b'GSM 850 / 900 / 1800 / 1900 - SIM 1 & SIM 2',,,"b'2020, June'","b'Available. Released 2020, June'",b'165 x 75 x 9.1 mm (6.50 x 2.95 x 0.36 in)',b'186 g (6.56 oz)',"b'Hybrid Dual SIM (Nano-SIM, dual stand-by)'",b'eMMC 5.1',b'IPS LCD',"b'6.52 inches, 102.6 cm2 (~82.9% screen-to-body ratio)'","b'720 x 1600 pixels, 20:9 ratio (~269 ppi density)'",b'Android 10',b'Mediatek MT6762 Helio P22 (12 nm)',b'Octa-core 2.0 GHz Cortex-A53',b'microSDXC (uses shared SIM slot)',"b'64GB 4GB RAM, 128GB 4GB RAM, 128GB 6GB RAM'","b'8 MP, f/2.0, (wide), 1/4"", 1.12\xc2\xb5m'",b'1080p@30fps',,b'1080p@30fps',b'Yes',b'Yes',"b'Wi-Fi 802.11 b/g/n, Wi-Fi Direct, hotspot'","b'5.0, A2DP, LE'","b'Yes, with A-GPS'",b'No',b'FM radio',"b'microUSB 2.0, USB On-The-Go'","b'Fingerprint (rear-mounted), accelerometer, proximity, compass'","b'Li-Po 5000 mAh, non-removable'",,"b'Black, Blue'",b'\xe2\x82\xac\xe2\x80\x89169.99 / \xc2\xa3\xe2\x80\x89144.90',b'HSDPA 850 / 900 / 1900 / 2100',"b'1, 3, 5, 7, 8, 20, 28, 38, 40, 41'","b'HSPA 42.2/11.5 Mbps, LTE Cat4 150/50 Mbps'",b'PowerVR GE8320',"b'Dual-LED dual-tone flash, HDR, panorama'",,,,,,,,,,,,,b'5061U',,,,,,,"b'Glass front, plastic back, plastic frame'",,,,"b'16 MP, f/1.8, (wide), 1/2.8"", 1.12\xc2\xb5m, PDAF 5 MP, f/2.2, (ultrawide), 1/5.0"", 1.12\xc2\xb5m 2 MP, f/2.4, (macro) 2 MP, f/2.4, (depth)'",b'\xe2\x82\xac\xe2\x80\x89169.99',b'\xc2\xa3\xe2\x80\x89212.43',b'\xe2\x82\xac\xe2\x80\x89186.43',,,,,,,,,,,,,,,
,,,,,,,,,,,,,,,,,,,,,,,,,,,,,,,,,,,,,,,,,,,,,,,,,,,,,,,,,,,,,,,,,,,,,,,,,,,,,,,,,,,,
b'alcatel',b'alcatel 3L (2020)',b'https://fdn2.gsmarena.com/vv/bigpic/alcatel-a3l-2020-.jpg',b'GSM / HSPA / LTE',b'GSM 850 / 900 / 1800 / 1900 - SIM 1 & SIM 2',,,"b'2020, January'","b'Available. Released 2020, May'",b'158.7 x 74.6 x 8.5 mm (6.25 x 2.94 x 0.33 in)',b'165 g (5.82 oz)',"b'Hybrid Dual SIM (Nano-SIM, dual stand-by)'",b'eMMC 5.1',b'IPS LCD',"b'6.22 inches, 96.6 cm2 (~81.6% screen-to-body ratio)'","b'720 x 1520 pixels, 19:9 ratio (~270 ppi density)'",b'Android 10',b'Mediatek MT6762 Helio P22 (12 nm)',b'Octa-core 2.0 GHz Cortex-A53',b'microSDXC (uses shared SIM slot)',b'64GB 4GB RAM',"b'8 MP, f/2.0, (wide), 1/4"", 1.12\xc2\xb5m'",b'1080p@30fps',,b'1080p@30fps',b'Yes',b'Yes',"b'Wi-Fi 802.11 b/g/n, Wi-Fi Direct, hotspot'","b'5.0, A2DP, LE'","b'Yes, with A-GPS'",b'No',b'FM radio',b'microUSB 2.0',"b'Fingerprint (rear-mounted), accelerometer, proximity, compass'","b'Li-Po 4000 mAh, non-removable'",,"b'Chameleon Blue, Dark Chrome, Agate Green'",b'\xe2\x82\xac\xe2\x80\x89121.68 / \xc2\xa3\xe2\x80\x8999.99',b'HSDPA 850 / 900 / 1900 / 2100',"b'1, 3, 5, 7, 8, 20, 28, 38, 40'","b'HSPA 42.2/5.76 Mbps, LTE Cat4 150/50 Mbps'",b'PowerVR GE8320',"b'LED flash, HDR, panorama'",,b'HDR',,,,,,,,,,b'Charging 10W',"b'5029Y, 5029, 5029D'",,,,,,,"b'Glass front, plastic back, plastic frame'","b'48 MP, f/1.8, (wide), 1/2.25"", 0.8\xc2\xb5m, PDAF 5 MP, f/2.4, (ultrawide/depth sensor), 1/5.0"", 1.12\xc2\xb5m 2 MP, f/2.4, (macro)'",,,,b'\xe2\x82\xac\xe2\x80\x89121.68',,,,,,,,,,,,,,,,,
,,,,,,,,,,,,,,,,,,,,,,,,,,,,,,,,,,,,,,,,,,,,,,,,,,,,,,,,,,,,,,,,,,,,,,,,,,,,,,,,,,,,
b'alcatel',b'alcatel 1S (2020)',b'https://fdn2.gsmarena.com/vv/bigpic/alcatel-a3l-2020-.jpg',b'GSM / HSPA / LTE',b'GSM 850 / 900 / 1800 / 1900 - SIM 1 & SIM 2',,,"b'2020, January'","b'Available. Released 2020, May'",b'158.7 x 74.6 x 8.5 mm (6.25 x 2.94 x 0.33 in)',b'165 g (5.82 oz)',"b'Hybrid Dual SIM (Nano-SIM, dual stand-by)'",b'eMMC 5.1',b'IPS LCD',"b'6.22 inches, 96.6 cm2 (~81.6% screen-to-body ratio)'","b'720 x 1520 pixels, 19:9 ratio (~270 ppi density)'",b'Android 10',b'Mediatek MT6762D Helio P22 (12 nm)',b'Octa-core 1.8 GHz Cortex-A53',b'microSDXC (uses shared SIM slot)',b'32GB 3GB RAM',"b'5 MP, f/2.2, (wide), 1/5"", 1.12\xc2\xb5m'",b'1080p@30fps',,b'1080p@30fps',b'Yes',b'Yes',"b'Wi-Fi 802.11 b/g/n, Wi-Fi Direct, hotspot'","b'5.0, A2DP, LE'","b'Yes, with A-GPS'",b'No',b'FM radio',b'microUSB 2.0',"b'Fingerprint (rear-mounted), accelerometer, proximity, compass'","b'Li-Po 4000 mAh, non-removable'",,"b'Agate Green, Power Grey'",b'$\xe2\x80\x89114.99 / \xe2\x82\xac\xe2\x80\x8992.90 / \xc2\xa3\xe2\x80\x8987.49',b'HSDPA 850 / 900 / 1900 / 2100',"b'1, 3, 5, 7, 8, 20, 28, 38, 40'","b'HSPA 42.2/5.76 Mbps, LTE Cat4 150/50 Mbps'",b'PowerVR GE8320',"b'LED flash, HDR, panorama'",,,,,,,,,,,,,"b'5028Y, 5028D, 5028D_EEA'",,,,,,,"b'Glass front, plastic back, plastic frame'","b'13 MP, f/1.8, (wide), 1/3.1"", 1.12\xc2\xb5m, AF 5 MP, f/2.2, (ultrawide/depth sensor), 1/5.0"", 1.12\xc2\xb5m 2 MP, f/2.4, (macro)'",,b'$\xe2\x80\x89114.99',,,,,,,,,,,,,,,,,,,
,,,,,,,,,,,,,,,,,,,,,,,,,,,,,,,,,,,,,,,,,,,,,,,,,,,,,,,,,,,,,,,,,,,,,,,,,,,,,,,,,,,,
b'alcatel',b'alcatel 1V (2020)',b'https://fdn2.gsmarena.com/vv/bigpic/alcatel-a3l-2020-.jpg',b'GSM / HSPA / LTE',b'GSM 850 / 900 / 1800 / 1900 - SIM 1 & SIM 2',,,"b'2020, January'","b'Available. Released 2020, May'",b'158.7 x 74.8 x 8.9 mm (6.25 x 2.94 x 0.35 in)',b'160 g (5.64 oz)',"b'Hybrid Dual SIM (Nano-SIM, dual stand-by)'","b'HSDPA 850 / 900 / 1700(AWS) / 1900 / 2100 - 5007G, 5007A'",b'IPS LCD',"b'6.22 inches, 96.6 cm2 (~81.3% screen-to-body ratio)'","b'720 x 1520 pixels, 19:9 ratio (~270 ppi density)'",b'Android 10',b'Mediatek MT6762D Helio P22 (12 nm)',b'Octa-core 1.8 GHz Cortex-A53',b'microSDXC (uses shared SIM slot)',b'32GB 2GB RAM',"b'5 MP, f/2.2, (wide), 1/5"", 1.12\xc2\xb5m'",b'1080p@30fps',,b'1080p@30fps',b'Yes',b'Yes',"b'Wi-Fi 802.11 b/g/n, Wi-Fi Direct, hotspot'","b'5.0, A2DP, LE'","b'Yes, with A-GPS'",b'No',b'FM radio',b'microUSB 2.0',"b'Fingerprint (rear-mounted), accelerometer, proximity'","b'Li-Po 4000 mAh, non-removable'",,"b'Prime Black, Pine Green, Metallic Black, Agate Green'",b'$\xe2\x80\x8997.99 / \xe2\x82\xac\xe2\x80\x8979.90 / \xc2\xa3\xe2\x80\x8981.75',b'HSDPA 850 / 900 / 1900 / 2100 - 5007U',"b'1, 3, 5, 7, 8, 20, 28, 38, 40, 41 - 5007U'","b'HSPA 42.2/5.76 Mbps, LTE Cat4 150/50 Mbps'",b'PowerVR GE8320',"b'LED flash, HDR, panorama'","b'2, 3, 4, 5, 7, 8, 13, 17, 28, 66 - 5007G, 5007A'",,b'eMMC 5.1',,,,,,,,,,"b'5007U, 5007G, 5007A'",,,,,,,"b'Glass front, plastic back, plastic frame'",,"b'13 MP, f/1.8, (wide), 1/3.1"", 1.12\xc2\xb5m, AF 5 MP, f/2.4, (depth)'",,,,,,b'$\xe2\x80\x8997.99',,,,,,,,,,,,,,
,,,,,,,,,,,,,,,,,,,,,,,,,,,,,,,,,,,,,,,,,,,,,,,,,,,,,,,,,,,,,,,,,,,,,,,,,,,,,,,,,,,,
b'alcatel',b'alcatel 1B (2020)',b'https://fdn2.gsmarena.com/vv/bigpic/alcatel-1b-2020.jpg',b'GSM / HSPA / LTE',b'GSM 850 / 900 / 1800 / 1900 - SIM 1 & SIM 2',,,"b'2020, January'","b'Available. Released 2020, May'",b'146.1 x 71.6 x 9.9 mm (5.75 x 2.82 x 0.39 in)',b'168 g (5.93 oz)',"b'Hybrid Dual SIM (Nano-SIM, dual stand-by)'",,b'IPS LCD',"b'5.5 inches, 78.1 cm2 (~74.6% screen-to-body ratio)'","b'720 x 1440 pixels, 18:9 ratio (~293 ppi density)'",b'Android 10 (Go edition)',b'Qualcomm QM215 (28 nm)',b'Quad-core 1.3 GHz Cortex-A53',b'microSDHC (dedicated slot)',b'16GB 2GB RAM',"b'13 MP, f/2.0, (wide), 1/4.0"", 1.12\xc2\xb5m, AF'",b'1080p@30fps',"b'5 MP, f/2.2, (wide), 1/5"", 1.12\xc2\xb5m'",b'1080p@30fps',b'Yes',b'Yes',"b'Wi-Fi 802.11 b/g/n, Wi-Fi Direct, hotspot'","b'4.2, A2DP, LE'","b'Yes, with A-GPS'",b'No',b'FM radio',b'microUSB 2.0',"b'Accelerometer, proximity'",b'Li-Ion 3000 mAh battery',,"b'Prime Black, Pine Green'",b'$\xe2\x80\x8989.99 / \xe2\x82\xac\xe2\x80\x8973.54 / \xc2\xa3\xe2\x80\x8967.94',b'HSDPA 850 / 900 / 1900 / 2100',"b'1, 3, 5, 7, 8, 20, 28'","b'HSPA 42.2/5.76 Mbps, LTE Cat4 150/50 Mbps'",b'Adreno 308',"b'LED flash, HDR'",,,,,,,,,,,,,"b'5002A, 5002D, 5002F, 5002I, 5002M, 5002X'",,,,,,,"b'Glass front, plastic back, plastic frame'",,,,,,,,,b'$\xe2\x80\x8989.99',,,,,,,,,,,,,
,,,,,,,,,,,,,,,,,,,,,,,,,,,,,,,,,,,,,,,,,,,,,,,,,,,,,,,,,,,,,,,,,,,,,,,,,,,,,,,,,,,,
b'alcatel',b'alcatel 3v (2019)',b'https://fdn2.gsmarena.com/vv/bigpic/alcatel-3v-2019.jpg',b'GSM / HSPA / LTE',b'GSM 850 / 900 / 1800 / 1900',,,"b'2019, Q2'","b'Available. Released 2019, Q4'",b'174.5 x 83.3 x 8.4 mm (6.87 x 3.28 x 0.33 in)',b'197.9 g (6.98 oz)',b'Nano-SIM',b'eMMC 5.1',b'IPS LCD',"b'6.7 inches, 115.8 cm2 (~79.7% screen-to-body ratio)'","b'720 x 1440 pixels, 18:9 ratio (~240 ppi density)'",b'Android 9.0 (Pie)',b'Mediatek MT6762 Helio P22 (12 nm)',b'Octa-core 2.0 GHz Cortex-A53',b'microSDXC (dedicated slot)',b'32GB 3GB RAM',b'8 MP',b'1080p@30fps',,b'720p@30fps',"b'Yes, with stereo speakers'",b'Yes',"b'Wi-Fi 802.11 a/b/g/n, dual-band, Wi-Fi Direct, hotspot'","b'4.2, A2DP, LE'","b'Yes, with A-GPS'",b'No',b'FM radio',b'USB Type-C 2.0',"b'Fingerprint (rear-mounted), accelerometer, proximity, compass'","b'Li-Po 4000 mAh, non-removable'",,b'Elegant Black',b'About 170 EUR',b'HSDPA 850 / 900 / 1700(AWS) / 1900 / 2100',"b'1, 2, 3, 4, 5, 7, 12, 13, 17, 20, 25, 26, 41, 66, 71'","b'HSPA 42.2/11.5 Mbps, LTE Cat4 150/50 Mbps'",b'PowerVR GE8320',"b'LED flash, HDR, panorama'",,,,,,,,,,,b'DragonTrail Pro',b'Fast charging Pump Express+',b'5032W',,,,,,,"b'Glass front (DragonTrail Pro glass), plastic back, plastic frame'",,"b'16 MP, PDAF 5 MP, f/2.4, (depth)'",,,,,,,,,,,,,,,,,,,,
,,,,,,,,,,,,,,,,,,,,,,,,,,,,,,,,,,,,,,,,,,,,,,,,,,,,,,,,,,,,,,,,,,,,,,,,,,,,,,,,,,,,
b'alcatel',b'alcatel 3x (2019)',b'https://fdn2.gsmarena.com/vv/bigpic/alcatel-3x-2019.jpg',b'GSM / HSPA / LTE',b'GSM 850 / 900 / 1800 / 1900 - SIM 1 & SIM 2 (dual-SIM model only)',,,"b'2019, September'","b'Available. Released 2019, Q4'",b'164.9 x 75.8 x 8.4 mm (6.49 x 2.98 x 0.33 in)',b'178 g (6.28 oz)',"b'Single SIM (Nano-SIM) or Dual SIM (Nano-SIM, dual stand-by)'",b'HSDPA 850 / 900 / 1700(AWS) / 1900 / 2100 - 5048A',b'IPS LCD',"b'6.52 inches, 102.6 cm2 (~82.1% screen-to-body ratio)'","b'720 x 1600 pixels, 20:9 ratio (~269 ppi density)'",b'Android 9.0 (Pie)',b'Mediatek MT6763V Helio P23 (16 nm)',b'Octa-core (4x2.0 GHz Cortex-A53 & 4x1.5 GHz Cortex-A53)',b'microSDXC (dedicated slot)',"b'64GB 4GB RAM, 128GB 6GB RAM'","b'8 MP, f/2.0, 25mm (wide), 1/4"", 1.12\xc2\xb5m'",b'1080p@30fps',,b'1080p@30fps',b'Yes',b'Yes',"b'Wi-Fi 802.11 b/g/n, Wi-Fi Direct, hotspot'","b'4.2, A2DP, LE'","b'Yes, with A-GPS'",b'Yes',b'FM radio',b'USB Type-C 2.0',"b'Fingerprint (rear-mounted), accelerometer, proximity'","b'Li-Po 4000 mAh, non-removable'",,"b'Jewelry Black, Jewelry Green, Jewelry Rose'",b'About 150 EUR',b'HSDPA 850 / 900 / 1900 / 2100 - 5048Y',"b'1, 3, 5, 7, 8, 20, 28, 38, 40 - 5048Y'","b'HSPA 42.2/11.5 Mbps, LTE Cat4 150/50 Mbps'",b'Mali-G71 MP2',"b'Dual-LED dual-tone flash, HDR, panorama'","b'1, 2, 3, 4, 5, 7, 8, 12, 13, 17, 28, 66 - 5048A'",,b'eMMC 5.1',,,,,,,,,b'Charging 10W',"b'5048Y, 5048A, 5048Y_EEA, 5048I'",,,,,,,"b'Glass front, plastic back, plastic frame'","b'16 MP, f/1.8, 27mm (wide), 1/2.8"", 1.12\xc2\xb5m, PDAF 8 MP, f/2.2, 17mm (ultrawide), 1/4.0"", 1.12\xc2\xb5m 5 MP, f/2.4, (depth)'",,,,,,,,,,,,,,,,,,,,,
,,,,,,,,,,,,,,,,,,,,,,,,,,,,,,,,,,,,,,,,,,,,,,,,,,,,,,,,,,,,,,,,,,,,,,,,,,,,,,,,,,,,
b'alcatel',b'alcatel 1v (2019)',b'https://fdn2.gsmarena.com/vv/bigpic/alcatel-1v-2019.jpg',b'GSM / HSPA / LTE',b'GSM 850 / 900 / 1800 / 1900 - SIM 1 & SIM 2 (dual-SIM model only)',,,"b'2019, September'","b'Available. Released 2019, Q4'",b'149.1 x 72.2 x 8.9 mm (5.87 x 2.84 x 0.35 in)',b'153.2 g (5.40 oz)',"b'Single SIM (Nano-SIM) or Dual SIM (Nano-SIM, dual stand-by)'",b'HSDPA 850 / 900 / 1700(AWS) / 1900 / 2100 - 5001A/5001J',b'IPS LCD',"b'5.5 inches, 78.1 cm2 (~72.5% screen-to-body ratio)'","b'480 x 960 pixels, 18:9 ratio (~195 ppi density)'",b'Android 9.0 Pie (Go edition)',b'Unisoc SC9863A (28nm)',b'Octa-core (4x1.6 GHz Cortex-A55 & 4x1.2 GHz Cortex-A55)',b'microSDXC',"b'16GB 1GB RAM, 16GB 2GB RAM, 16GB 3GB RAM'","b'5 MP, f/2.2, 28mm (wide), 1/5.0"", 1.12\xc2\xb5m or 8 MP, f/2.2, 28mm (wide), 1/4.0"", 1.12\xc2\xb5m'",b'1080p@30fps',"b'5 MP, f/2.2, 28mm (wide), 1/5"", 1.12\xc2\xb5m'",b'1080p@30fps',b'Yes',b'Yes',"b'Wi-Fi 802.11 b/g/n, Wi-Fi Direct, hotspot'","b'4.2, A2DP, LE'","b'Yes, with A-GPS'",b'No',b'FM radio',b'microUSB 2.0',"b'Fingerprint (under display, optical) - market dependant, accelerometer, proximity'","b'Li-Ion 2460 mAh, removable'",,"b'Anthracite Black, Metallic Blue, Metallic Gold, Metallic Rose'",b'About 80 EUR',b'HSDPA 800 / 850 / 900 / 1900 / 2100 - 5001D/5001U/5001T',"b'1, 3, 7, 8, 20, 28 - 5001D'","b'HSPA 21.1/5.76 Mbps, LTE Cat4 150/50 Mbps'",b'IMG8322',"b'LED flash, HDR, panorama'","b'1, 2, 3, 4, 5, 7, 8, 13, 28, 66 - 5001A/5001J'",b'LED flash',"b'1, 3, 5, 7, 8, 20, 28, 38, 40 - 5001T'",,,,,,,,,,"b'5001D, 5001A, 5001U, 5001T, 5001J'",,,,,,,,,,,,,,,,,,,,,,,,,,,,,
,,,,,,,,,,,,,,,,,,,,,,,,,,,,,,,,,,,,,,,,,,,,,,,,,,,,,,,,,,,,,,,,,,,,,,,,,,,,,,,,,,,,
b'alcatel',b'alcatel 3T 8',b'https://fdn2.gsmarena.com/vv/bigpic/alcatel-3t-8.jpg',b'LTE',b'N/A',b'No',b'No',"b'2018, October 08'","b'Available. Released 2018, October 08'",b'209.5 x 125 x 8.3 mm (8.25 x 4.92 x 0.33 in)',b'279 g (9.84 oz)',b'Micro-SIM',,b'IPS LCD',"b'8.0 inches, 185.6 cm2 (~70.9% screen-to-body ratio)'","b'800 x 1280 pixels, 16:10 ratio (~189 ppi density)'",b'Android 8.1 (Oreo)',b'Mediatek MT8765',b'Quad-core 1.28 GHz',b'microSDXC (dedicated slot)',"b'16GB 1GB RAM, 32GB 2GB RAM, 32GB 3GB RAM'","b'5 MP, f/2.4, (wide), 1/5.0"", 1.12\xc2\xb5m'",b'1080p@30fps',"b'2 MP, f/2.8, (wide), 1/5.0"", 1.65\xc2\xb5m'",b'720p@30fps',b'Yes',b'Yes',"b'Wi-Fi 802.11 a/b/g/n, Wi-Fi Direct, hotspot'","b'4.2, A2DP, LE'",b'No',b'No',b'FM radio',b'microUSB 2.0',b'Accelerometer',"b'Li-Po 4080 mAh, non-removable'",,"b'Black, Blue'",b'About 140 EUR',b'N/A',"b'2, 4, 5, 12, 66, 71'",b'LTE',,,,,,,,,,,,,,,b'9027Q',,,,,,,"b'Glass front, plastic back, plastic frame'",,,,,,,,,,,,,,,,,,,,,,
,,,,,,,,,,,,,,,,,,,,,,,,,,,,,,,,,,,,,,,,,,,,,,,,,,,,,,,,,,,,,,,,,,,,,,,,,,,,,,,,,,,,
b'alcatel',b'alcatel Smart Tab 7',b'https://fdn2.gsmarena.com/vv/bigpic/alcatel-smart-tab-7-2019.jpg',b'No cellular connectivity',b'N/A',b'No',b'No',"b'2019, September'","b'Available. Released 2019, Q4'",b'176 x 126 x 12 mm (6.93 x 4.96 x 0.47 in)',b'268 g (9.45 oz)',b'No',b'Built-in kickstand',b'TN TFT',"b'7.0 inches, 137.9 cm2 (~62.2% screen-to-body ratio)'","b'600 x 1024 pixels, 16:9 ratio (~170 ppi density)'",b'Android 9.0 (Pie)',b'Mediatek MT8167D',b'Quad-core 1.3 GHz Cortex-A53',b'microSDXC (dedicated slot)',b'16GB 1.5GB RAM',"b'0.3 MP, f/2.4, 1/5.0""'",b'',"b'2 MP, f/2.4, 1/5"", 1.65\xc2\xb5m'",b'',"b'Yes, with dual speakers'",b'Yes',"b'Wi-Fi 802.11 b/g/n, hotspot'","b'4.2, A2DP, LE'",b'No',b'No',b'FM radio',b'microUSB 2.0',b'Accelerometer',"b'Li-Ion 2580 mAh, non-removable'",,b'Black',b'About 80 EUR',b'N/A',b'N/A',b'No',b'IMG GE8300',,,,,,,,,,,,,,,,,,,,,,,,,,,,,,,,,,,,,,,,,,,
,,,,,,,,,,,,,,,,,,,,,,,,,,,,,,,,,,,,,,,,,,,,,,,,,,,,,,,,,,,,,,,,,,,,,,,,,,,,,,,,,,,,
b'alcatel',b'alcatel 3T 10',b'https://fdn2.gsmarena.com/vv/bigpic/alcatel-3t-10-2019.jpg',b'GSM / HSPA / LTE',b'GSM 850 / 900 / 1800 / 1900',,,"b'2019, February'","b'Available. Released 2019, Q1'",b'260 x 156.6 x 9 mm (10.24 x 6.17 x 0.35 in)',b'440 g (15.52 oz)',b'Nano-SIM',,b'IPS LCD',"b'10.0 inches, 290.0 cm2 (~71.2% screen-to-body ratio)'","b'800 x 1280 pixels, 16:10 ratio (~151 ppi density)'",b'Android 8.1 (Oreo)',,,b'microSDXC (dedicated slot)',b'16GB 2GB RAM',"b'2 MP, f/2.8, 1/5.0"", 1.65\xc2\xb5m'",b'720p@30fps',"b'2 MP, f/2.8, 1/5"", 1.65\xc2\xb5m'",b'720p@30fps',b'Yes',b'Yes',"b'Wi-Fi 802.11 a/b/g/n, Wi-Fi Direct, hotspot'","b'4.2, A2DP, LE'",b'No',b'No',b'FM radio',b'microUSB 2.0',"b'Accelerometer, proximity'","b'Li-Ion 4080 mAh, non-removable'",,"b'Prime Black, Midnight Blue'",,b'HSDPA 850 / 900 / 1900 / 2100',"b'1, 3, 7, 8, 20, 28'","b'HSPA 42.2/11.5 Mbps, LTE Cat4 150/50 Mbps'",,,,,,,,,,,,,,,"b'8088L, 8088Q, 8088X'",,,,,,,,,,,,,,,,,,,,,,,,,,,,,
,,,,,,,,,,,,,,,,,,,,,,,,,,,,,,,,,,,,,,,,,,,,,,,,,,,,,,,,,,,,,,,,,,,,,,,,,,,,,,,,,,,,
b'alcatel',b'alcatel 3L',b'https://fdn2.gsmarena.com/vv/bigpic/alcatel-3l.jpg',b'GSM / HSPA / LTE',b'GSM 850 / 900 / 1800 / 1900 - SIM 1 & SIM 2',,,"b'2019, February'","b'Available. Released 2019, Q1'",b'151.1 x 69.7 x 8 mm (5.95 x 2.74 x 0.31 in)',b'145 g (5.11 oz)',"b'Hybrid Dual SIM (Nano-SIM, dual stand-by)'",b'eMMC 5.1',b'IPS LCD',"b'5.94 inches, 86.6 cm2 (~82.2% screen-to-body ratio)'","b'720 x 1560 pixels, 19.5:9 ratio (~289 ppi density)'",b'Android 8.1 (Oreo)',b'Mediatek MT6739 (28 nm) - EuropeQualcomm SDM429 Snapdragon 429 (12 nm)',b'Quad-core 1.5 GHz Cortex-A53 - EuropeQuad-core 1.8 GHz Cortex-A53',b'microSDXC (uses shared SIM slot)',b'16GB 2GB RAM',"b'8 MP, f/2.0, 1/4"", 1.12\xc2\xb5m'",b'1080p@30fps',,b'720p@30fps',b'Yes',b'Yes',"b'Wi-Fi 802.11 b/g/n, Wi-Fi Direct, hotspot'","b'4.2, A2DP, LE'","b'Yes, with A-GPS, GLONASS, GALILEO'",b'Yes (market dependent)',b'FM radio',b'microUSB 2.0',"b'Fingerprint (rear-mounted, market dependent), accelerometer, proximity'",b'Li-Ion 3500 mAh battery',,"b'Anthracite black, Metallic Blue'",,b'HSDPA 850 / 900 / 1900 / 2100',"b'1, 3, 7, 8, 20'","b'HSPA 42.2/5.76 Mbps, LTE Cat4 150/50 Mbps'",b'PowerVR GE8100 - EuropeAdreno 504',"b'LED flash, HDR, panorama'",,b'HDR',,,,,,,,,b'Asahi Dragontrail Glass',,"b'5039U, 5039D, 5039D_EEA'",,,,,,,,,"b'13 MP, f/2.0, 1/3.1"", 1.12\xc2\xb5m 5 MP, f/2.4, (depth)'",,,,,,,,,,,,,,,,,,,,
,,,,,,,,,,,,,,,,,,,,,,,,,,,,,,,,,,,,,,,,,,,,,,,,,,,,,,,,,,,,,,,,,,,,,,,,,,,,,,,,,,,,
b'alcatel',b'alcatel 3 (2019)',b'https://fdn2.gsmarena.com/vv/bigpic/alcatel-3-2019.jpg',b'GSM / HSPA / LTE',b'GSM 850 / 900 / 1800 / 1900 - SIM 1 & SIM 2',,,"b'2019, February'","b'Available. Released 2019, Q1'",b'151.1 x 69.7 x 8 mm (5.95 x 2.74 x 0.31 in)',b'145 g (5.11 oz)',"b'Hybrid Dual SIM (Nano-SIM, dual stand-by)'",b'eMMC 5.1',b'IPS LCD',"b'5.94 inches, 86.6 cm2 (~82.2% screen-to-body ratio)'","b'720 x 1560 pixels, 19.5:9 ratio (~289 ppi density)'",b'Android 8.1 (Oreo)',b'Qualcomm SDM439 Snapdragon 439 (12 nm)',b'Octa-core (4x1.95 GHz Cortex-A53 & 4x1.45 GHz Cortex A53)',b'microSDXC (uses shared SIM slot)',"b'32GB 3GB RAM, 64GB 4GB RAM'","b'8 MP, f/2.0, 1/4"", 1.12\xc2\xb5m'",b'1080p@30fps',,b'720p@30fps',b'Yes',b'Yes',"b'Wi-Fi 802.11 b/g/n, Wi-Fi Direct, hotspot'","b'4.2, A2DP, LE'","b'Yes, with A-GPS, GLONASS, GALILEO'",b'Yes (market dependent)',b'FM radio',b'microUSB 2.0',"b'Fingerprint (rear-mounted), accelerometer, proximity, compass'","b'Li-Ion 3500 mAh, non-removable'",,"b'Blue-purple gradient, Black-blue gradien'",,b'HSDPA 850 / 900 / 1900 / 2100',"b'1, 3, 7, 8, 20, 28'","b'HSPA 42.2/5.76 Mbps, LTE Cat4 150/50 Mbps'",b'Adreno 505',"b'LED flash, HDR, panorama'",,b'HDR',,,,,,,,,b'Asahi Dragontrail Glass',,"b'5053K, 5053A, 5053Y, 5053D, 5053Y_EEA'",,,,,,,,,"b'13 MP, f/2.0, 1/3.1"", 1.12\xc2\xb5m 5 MP, f/2.4, (depth)'",,,,,,,,,,,,,,,,,,,,
,,,,,,,,,,,,,,,,,,,,,,,,,,,,,,,,,,,,,,,,,,,,,,,,,,,,,,,,,,,,,,,,,,,,,,,,,,,,,,,,,,,,
b'alcatel',b'alcatel 1s',b'https://fdn2.gsmarena.com/vv/bigpic/alcatel-1s.jpg',b'GSM / HSPA / LTE',b'GSM 850 / 900 / 1800 / 1900 - SIM 1 & SIM 2',,,"b'2019, February'","b'Available. Released 2019, Q1'",b'147.8 x 70.7 x 8.6 mm (5.82 x 2.78 x 0.34 in)',b'146 g (5.15 oz)',"b'Hybrid Dual SIM (Nano-SIM, dual stand-by)'",,b'IPS LCD',"b'5.5 inches, 78.1 cm2 (~74.7% screen-to-body ratio)'","b'720 x 1440 pixels, 18:9 ratio (~293 ppi density)'",b'Android 9.0 (Pie)',b'Unisoc SC9863 (28nm)',b'Octa-core (4x1.6 GHz Cortex-A55 & 4x1.2 GHz Cortex-A55)',b'microSDXC (uses shared SIM slot)',"b'32GB 3GB RAM, 64GB 4GB RAM'","b'5 MP, f/2.2, 1/5"", 1.12\xc2\xb5m'",b'1080p@30fps',,b'720p@30fps',b'Yes',b'Yes',"b'Wi-Fi 802.11 b/g/n, Wi-Fi Direct, hotspot'","b'4.2, A2DP, LE'","b'Yes, with A-GPS'",b'No',b'FM radio',b'microUSB 2.0',"b'Fingerprint (rear-mounted), accelerometer, proximity'","b'Li-Ion 3060 mAh, non-removable'",,"b'Blue, Black, Rose, Gold'",,b'HSDPA 850 / 900 / 1900 / 2100',"b'1, 3, 7, 8, 20, 28'","b'HSPA 42.2/5.76 Mbps, LTE Cat4 150/50 Mbps'",b'IMG8322',"b'LED flash, HDR, panorama'",,b'HDR',,,,,,,,,,,"b'5024A, 5024D, 5024I, 5024J, 5024D_EEA, 5024F, 5024F_EEA'",,,,,,,,,"b'13 MP, f/2.0, 1/3.1"", 1.12\xc2\xb5m 2 MP, (depth)'",,,,,,,,,,,,,,,,,,,,
,,,,,,,,,,,,,,,,,,,,,,,,,,,,,,,,,,,,,,,,,,,,,,,,,,,,,,,,,,,,,,,,,,,,,,,,,,,,,,,,,,,,
b'alcatel',b'alcatel 1x (2019)',b'https://fdn2.gsmarena.com/vv/bigpic/alcatel-1x-2019.jpg',b'GSM / HSPA / LTE',b'GSM 850 / 900 / 1800 / 1900 - SIM 1 & SIM 2 (dual-SIM model only)',,,"b'2019, January'","b'Available. Released 2019, Q1'",b'146.4 x 68.8 x 8.3 mm (5.76 x 2.71 x 0.33 in)',b'130 g (4.59 oz)',"b'Single SIM (Nano-SIM) or Dual SIM (Nano-SIM, dual stand-by)'",b'HSDPA 850 / 900 / 1900 / 2100 - 5059X/Y/D/J/T/I',b'IPS LCD',"b'5.5 inches, 78.1 cm2 (~77.5% screen-to-body ratio)'","b'720 x 1440 pixels, 18:9 ratio (~293 ppi density)'",b'Android 8.1 (Oreo)',b'Mediatek MT6739 (28 nm)',b'Quad-core 1.5 GHz Cortex-A53',b'microSDXC',b'16GB 2GB RAM',b'5 MP',b'1080p@30fps',,b'720p',b'Yes',b'Yes',"b'Wi-Fi 802.11 b/g/n, Wi-Fi Direct, hotspot'","b'4.2, A2DP, LE'","b'Yes, with A-GPS'",b'No',b'FM radio',b'microUSB 2.0',"b'Fingerprint (rear-mounted, 5008T only), accelerometer, proximity'","b'Li-Ion 3000 mAh, removable'",,"b'Pebble Blue, Pebble Black'",b'About 120 EUR',b'HSDPA 850 / 900 / 1700(AWS) / 1900 / 2100 - 5059A',"b'1, 3, 5, 7, 8, 28, 38, 40 - 5008T'","b'HSPA 42.2/5.76 Mbps, LTE Cat4 150/50 Mbps'",b'PowerVR GE8100',"b'LED flash, HDR'","b'1, 3, 7, 8, 20, 28 - 5008Y'",b'LED flash',b'eMMC 5.1',,,,,,,,,,"b'5008T, 5008Y, 5008U, 5008R, 5008D_EEA, 5008Y_EEA, 5008D'",,,,,,,,,b'13 MP 2 MP',,,,,,,,,,,,,,,,,,,,
,,,,,,,,,,,,,,,,,,,,,,,,,,,,,,,,,,,,,,,,,,,,,,,,,,,,,,,,,,,,,,,,,,,,,,,,,,,,,,,,,,,,
b'alcatel',b'alcatel 1c (2019)',b'https://fdn2.gsmarena.com/vv/bigpic/alcatel-1c-2019.jpg',b'GSM / HSPA',b'GSM 850 / 900 / 1800 / 1900',,,"b'2019, January'","b'Available. Released 2019, Q1'",b'136.6 x 65.3 x 10 mm (5.38 x 2.57 x 0.39 in)',b'148 g (5.22 oz)',b'Single SIM (Nano-SIM)',b'HSDPA 850 / 900 / 1900 / 2100',b'IPS LCD',"b'5.0 inches, 64.5 cm2 (~72.3% screen-to-body ratio)'","b'480 x 960 pixels, 18:9 ratio (~215 ppi density)'",b'Android 8.1 Oreo (Go edition)',b'Spreadtrum SC7731E',b'Quad-core 1.3 GHz Cortex-A53',b'microSDHC',b'8GB 1GB RAM',b'5 MP',b'720p@30fps',b'2 MP',b'720p@30fps',b'Yes',b'Yes',"b'Wi-Fi 802.11 b/g/n, Wi-Fi Direct, hotspot'","b'4.2, A2DP, LE'","b'Yes, with A-GPS'",b'No',b'FM radio',b'microUSB 2.0',"b'Accelerometer, proximity'",b'Li-Ion 2000 mAh battery',,"b'Enamel Blue, Blush Pink, Volcano Black'",b'About 70 EUR',b'HSDPA 850 / 900 / 1700(AWS) / 1900 / 2100',,b'HSPA 42.2/5.76 Mbps',,"b'LED flash, HDR'",,b'LED flash',,,,,,,,,,,"b'5009A, 5009D, 5003G, 5003D_EEA, 5003D'",,,,,,,,,,,,,,,,,,,,,,,,,,,,,
,,,,,,,,,,,,,,,,,,,,,,,,,,,,,,,,,,,,,,,,,,,,,,,,,,,,,,,,,,,,,,,,,,,,,,,,,,,,,,,,,,,,
b'alcatel',b'alcatel 1',b'https://fdn2.gsmarena.com/vv/bigpic/alcatel-1-2018.jpg',b'GSM / HSPA / LTE',b'GSM 850 / 900 / 1800 / 1900',,,"b'2018, July'","b'Available. Released 2018, July'",b'137.6 x 65.7 x 9.8 mm (5.42 x 2.59 x 0.39 in)',b'134 g (4.73 oz)',b'Single SIM (Nano-SIM)',b'eMMC 5.1',b'IPS LCD',"b'5.0 inches, 64.5 cm2 (~71.4% screen-to-body ratio)'","b'480 x 960 pixels, 18:9 ratio (~215 ppi density)'",b'Android 8.1 Oreo (Go edition)',b'Mediatek MT6739 (28 nm)',b'Quad-core 1.3 GHz Cortex-A53',b'microSDHC',"b'8GB 1GB RAM, 16GB 1GB RAM'",b'5 MP',b'1080p@30fps',b'2 MP',b'720p@30fps',b'Yes',b'Yes',"b'Wi-Fi 802.11 b/g/n, Wi-Fi Direct, hotspot'","b'4.2, A2DP, LE'","b'Yes, with A-GPS'",b'No',b'FM radio',b'microUSB 2.0',"b'Accelerometer, proximity'",b'Li-Ion 2000 mAh battery',,"b'Black, Blue, Gold, Pink'",b'$\xe2\x80\x8956.12 / \xe2\x82\xac\xe2\x80\x8961.78 / \xc2\xa3\xe2\x80\x8947.49',b'HSDPA 850 / 900 / 1900 / 2100',"b'1, 3, 7, 8, 20'",b'HSPA 42.2/5.76 Mbps',,b'LED flash',,,,,,,,,,,,,"b'5033X, 5033J, 5033T, 5033D, 5033G, 5033M, 5033X_EEA, 5033F, 5033E'",,,,,,,,,,,,,,,,,b'$\xe2\x80\x8961.48',b'$\xe2\x80\x8956.12',,,,,,,,,,,
,,,,,,,,,,,,,,,,,,,,,,,,,,,,,,,,,,,,,,,,,,,,,,,,,,,,,,,,,,,,,,,,,,,,,,,,,,,,,,,,,,,,
b'alcatel',b'alcatel Tetra',b'https://fdn2.gsmarena.com/vv/bigpic/alcatel-tetra.jpg',b'GSM / HSPA / LTE',b'GSM 850 / 900 / 1800 / 1900',,,"b'2018, September'","b'Available. Released 2018, September'",b'142.5 x 71.9 x 9.4 mm (5.61 x 2.83 x 0.37 in)',b'150 g (5.29 oz)',b'Nano-SIM',b'eMMC 5.1',b'IPS LCD',"b'5.0 inches, 68.9 cm2 (~67.2% screen-to-body ratio)'","b'480 x 854 pixels, 16:9 ratio (~196 ppi density)'",b'Android 8.1 (Oreo)',b'Mediatek MT6739WM (28 nm)',b'Quad-core 1.1 GHz Cortex-A53',b'microSDXC (dedicated slot)',b'16GB 2GB RAM',"b'5 MP, AF'",b'720p@30fps',b'2 MP',b'720p@30fps',b'Yes',b'Yes',"b'Wi-Fi 802.11 b/g/n, Wi-Fi Direct, hotspot'","b'4.1, A2DP, LE'","b'Yes, with A-GPS'",b'No',b'FM radio',b'microUSB 2.0',"b'Accelerometer, proximity'","b'Li-Ion 2050 mAh, removable'",,b'Stealth Black',b'About 50 USD',b'HSDPA 850 / 1700(AWS) / 1900',"b'2, 4, 5, 12, 14'","b'HSPA 42.2/5.76 Mbps, LTE Cat4 150/50 Mbps'",b'PowerVR GE8100',"b'LED flash, HDR'",,,,,,,,,,,b'Asahi Dragontrail Glass',,,,,,,,,,,,,,,,,,,,,,,,,,,,,,,
,,,,,,,,,,,,,,,,,,,,,,,,,,,,,,,,,,,,,,,,,,,,,,,,,,,,,,,,,,,,,,,,,,,,,,,,,,,,,,,,,,,,
b'alcatel',b'alcatel 7',b'https://fdn2.gsmarena.com/vv/bigpic/alcatel-7-.jpg',b'GSM / HSPA / LTE',b'GSM 850 / 900 / 1800 / 1900',,,"b'2018, August'","b'Available. Released 2018, August'",b'162.1 x 75 x 8.6 mm (6.38 x 2.95 x 0.34 in)',b'175 g (6.17 oz)',b'Nano-SIM',b'eMMC 5.1',b'IPS LCD',"b'6.0 inches, 93.8 cm2 (~77.1% screen-to-body ratio)'","b'1080 x 2180 pixels, 18:9 ratio (~402 ppi density)'",b'Android 8.1 (Oreo)',b'Mediatek MT6763T Helio P23 (16 nm)',b'Octa-core 2.5 GHz Cortex-A53',b'microSDXC (dedicated slot)',b'32GB 2GB RAM',"b'8 MP, f/2.8, 1/4"", 1.12\xc2\xb5m'",b'1080p@30fps (gyro-EIS)',,b'1080p@30fps',b'Yes',b'Yes',"b'Wi-Fi 802.11 a/b/g/n, Wi-Fi Direct, hotspot'","b'4.0, A2DP, LE'","b'Yes, with A-GPS'",b'No',b'FM radio',b'USB Type-C 2.0',"b'Fingerprint (rear-mounted), accelerometer, gyro, proximity, compass'","b'Li-Ion 4000 mAh, non-removable'",b'Up to 28 h (3G)',b'Black',b'About 180 USD',b'HSDPA 850 / 1700(AWS) / 1900',"b'2, 4, 5, 12, 66, 71'","b'HSPA 42.2/5.76 Mbps, LTE-A (2CA) Cat6 300/50 Mbps'",b'Mali-G71 MP2',"b'Dual-LED dual-tone flash, HDR, panorama'",,b'LED flash',,b'Up to 700 h (3G)',,,,,,,b'Asahi Glass',b'Charging 10W Pump Express 2.0+',b'6062W',,,,,,,,,"b'12 MP, f/2.2, 27mm (wide), 1/2.8"", 1.25 \xce\xbcm, PDAF 2 MP, f/2.4, (depth)'",,,,,,,,,,b'Yes',,,,,,,,,,
,,,,,,,,,,,,,,,,,,,,,,,,,,,,,,,,,,,,,,,,,,,,,,,,,,,,,,,,,,,,,,,,,,,,,,,,,,,,,,,,,,,,
b'alcatel',b'alcatel 5v',b'https://fdn2.gsmarena.com/vv/bigpic/alcatel-5v.jpg',b'GSM / HSPA / LTE',b'GSM 850 / 900 / 1800 / 1900 - SIM 1 & SIM 2 (dual-SIM only)',,,"b'2018, July'","b'Available. Released 2018, August'",b'153.7 x 74.5 x 8.5 mm (6.05 x 2.93 x 0.33 in)',b'158 g (5.57 oz)',"b'Single SIM (Micro-SIM) or Dual SIM (Micro-SIM, dual stand-by)'",b'eMMC 5.1',b'IPS LCD',"b'6.2 inches, 96.7 cm2 (~84.5% screen-to-body ratio)'",b'720 x 1500 pixels (~268 ppi density)',b'Android 8.1 (Oreo)',b'Mediatek MT6762 Helio P22 (12 nm)',b'Octa-core 2.0 GHz Cortex-A53',b'microSDXC',b'32GB 3GB RAM',"b'8 MP, f/2.8, 1/4"", 1.12\xc2\xb5m'",b'1080p@30fps (gyro-EIS)',,b'720p@30fps',b'Yes',b'Yes',"b'Wi-Fi 802.11 b/g/n, Wi-Fi Direct, hotspot'","b'4.0, A2DP, LE'","b'Yes, with A-GPS'",b'Yes',b'FM radio',b'microUSB 2.0',"b'Fingerprint (rear-mounted), accelerometer, gyro, proximity, compass'","b'Li-Ion 4000 mAh, non-removable'",,"b'Black, Blue'",b'About 180 EUR',b'HSDPA 900 / 2100',"b'1, 3, 7, 8, 20, 28'","b'HSPA 42.2/5.76 Mbps, LTE Cat4 150/50 Mbps'",b'PowerVR GE8320',"b'Dual-LED dual-tone flash, HDR, panorama'",,b'LED flash',,,,,,,,,b'Asahi Dragontrail Glass',,"b'5060D, 5060A'",,,,,,,,,"b'12 MP, f/2.2, 1/2.8"", 1.25 \xce\xbcm, PDAF 2 MP, f/2.4, (depth)'",,,,,,,,,,,,,,,,,,,,
,,,,,,,,,,,,,,,,,,,,,,,,,,,,,,,,,,,,,,,,,,,,,,,,,,,,,,,,,,,,,,,,,,,,,,,,,,,,,,,,,,,,
b'alcatel',b'alcatel 5',b'https://fdn2.gsmarena.com/vv/bigpic/alcatel-5-.jpg',b'GSM / HSPA / LTE',b'GSM 850 / 900 / 1800 / 1900 - SIM 1 & SIM 2 (dual-SIM model only)',,,"b'2018, February'","b'Available. Released 2018, February'",b'152.3 x 71.1 x 8.4 mm (6.00 x 2.80 x 0.33 in)',b'144 g (5.08 oz)',"b'Single SIM (Nano-SIM) or Dual SIM (Nano-SIM, dual stand-by)'",b'HSDPA 850 / 900 / 1700(AWS) / 1900 / 2100 - 5086A',b'IPS LCD',"b'5.7 inches, 83.8 cm2 (~77.4% screen-to-body ratio)'","b'720 x 1440 pixels, 18:9 ratio (~282 ppi density)'",b'Android 7.1 (Nougat)',b'Mediatek MT6750 (28 nm)',b'Octa-core (4x1.5 GHz Cortex-A53 & 4x1.0 GHz Cortex-A53)',b'microSDXC',"b'16GB 2GB RAM, 32GB 3GB RAM'","b'12 MP, f/2.2, 1/2.9"", 1.25\xc2\xb5m, AF'",b'1080p@30fps',,b'1080p@30fps',b'Yes',b'Yes',"b'Wi-Fi 802.11 b/g/n, Wi-Fi Direct, hotspot'","b'4.2, A2DP, LE'","b'Yes, with A-GPS, GLONASS'",b'Yes (5086Y only)',b'Wireless FM radio (no wired headphones required)',b'USB Type-C 2.0',"b'Fingerprint (rear-mounted), accelerometer, proximity, compass'","b'Li-Ion 3000 mAh, non-removable'",,"b'Metallic Gold, Metallic Black'",b'About 230 EUR',b'HSDPA 850 / 900 / 1900 / 2100 - 5086D/Y',"b'1, 3, 7, 8, 20, 28 - 5086D/Y'","b'HSPA 42.2/11.5 Mbps, LTE Cat4 150/50 Mbps'",b'Mali-T860MP2',"b'Dual-LED dual-tone flash, HDR, panorama'","b'1, 2, 3, 4, 5, 7, 8, 12, 13, 17, 28 - 5086A'",,b'eMMC 5.1',,,,,,,,,,"b'5086D, , 5086Y, 5086A'",,,,,,,,,"b'13 MP, f/2.0, 1.4\xc2\xb5m 5 MP, depth sensor'",,,,,,,,,,,,,,,,,,,,
,,,,,,,,,,,,,,,,,,,,,,,,,,,,,,,,,,,,,,,,,,,,,,,,,,,,,,,,,,,,,,,,,,,,,,,,,,,,,,,,,,,,
b'alcatel',b'alcatel 3v',b'https://fdn2.gsmarena.com/vv/bigpic/alcatel-3v.jpg',b'GSM / HSPA / LTE',b'GSM 850 / 900 / 1800 / 1900 - SIM 1 & SIM 2 (dual-SIM model only)',,,"b'2018, February'","b'Available. Released 2018, February'",b'162 x 76 x 8.1 mm (6.38 x 2.99 x 0.32 in)',b'155 g (5.47 oz)',"b'Single SIM (Nano-SIM) or Dual SIM (Nano-SIM, dual stand-by)'",b'HSDPA 850 / 900 / 1700(AWS) / 1900 / 2100 - 5099A',b'IPS LCD',"b'6.0 inches, 92.9 cm2 (~75.5% screen-to-body ratio)'","b'1080 x 2160 pixels, 18:9 ratio (~402 ppi density)'",b'Android 8.0 (Oreo)',b'Mediatek MT8735A',b'Quad-core 1.45 GHz Cortex-A53',b'microSDXC',"b'16GB 2GB RAM, 32GB 2GB RAM'",b'5 MP',b'1080p@30fps',,b'720p',b'Yes',b'Yes',"b'Wi-Fi 802.11 b/g/n, Wi-Fi Direct, hotspot'","b'4.2, A2DP, LE'","b'Yes, with A-GPS'",b'Yes (5099Y only)',b'FM radio',b'microUSB 2.0',"b'Fingerprint (rear-mounted), accelerometer, gyro, proximity, compass'","b'Li-Ion 3000 mAh, non-removable'",,"b'Spectrum Black, Spectrum Blue, Spectrum Gold'",b'About 160 EUR',b'HSDPA 850 / 900 / 1900 / 2100 - 5099Y/D/U/I',"b'1, 3, 7, 8, 20, 28, 38 - 5099Y/D'","b'HSPA 42.2/11.5 Mbps, LTE Cat4 150/50 Mbps'",b'Mali-T720MP2',"b'LED flash, HDR, panorama'","b'1, 3, 5, 7, 8, 20, 28, 38, 40 - 5099U/I'",b'LED flash',"b'1, 2, 3, 4, 5, 7, 8, 12, 13, 17, 28 - 5099A'",,,,,,,,,,"b'5099Y, 5099A, 5099D, 5099U, 5099I'",,,,,,,,,"b'12 MP, f/2.2, 1/2.8"", 1.25 \xce\xbcm, PDAF 2 MP, f/2.4, (depth)'",,,,,,,,,,,,,,,,,,,,
,,,,,,,,,,,,,,,,,,,,,,,,,,,,,,,,,,,,,,,,,,,,,,,,,,,,,,,,,,,,,,,,,,,,,,,,,,,,,,,,,,,,
b'alcatel',b'alcatel 3x (2018)',b'https://fdn2.gsmarena.com/vv/bigpic/alcatel-3x-.jpg',b'GSM / HSPA / LTE',b'GSM 850 / 900 / 1800 / 1900 - SIM 1 & SIM 2 (dual-SIM)',,,"b'2018, February'","b'Available. Released 2018, May'",b'153.5 x 71.6 x 8.5 mm (6.04 x 2.82 x 0.33 in)',b'144 g (5.08 oz)',"b'Single SIM (Nano-SIM) or Dual SIM (Nano-SIM, dual stand-by)'",b'HSDPA 850 / 900 / 1900 / 2100 - 5058I/T/Y',b'IPS LCD',"b'5.7 inches, 83.8 cm2 (~76.3% screen-to-body ratio)'","b'720 x 1440 pixels, 18:9 ratio (~282 ppi density)'",b'Android 7.1 (Nougat)',b'Mediatek MT6739 (28 nm)',b'Quad-core 1.3 GHz Cortex-A53',b'microSDXC (dedicated slot)',"b'16GB 2GB RAM, 32GB 3GB RAM'",b'',b'1080p@30fps',,b'',b'Yes',b'Yes',"b'Wi-Fi 802.11 b/g/n, Wi-Fi Direct, hotspot'","b'4.2, A2DP, LE'","b'Yes, with A-GPS'",b'Yes (5058Y only)',b'FM radio',"b'microUSB 2.0, USB On-The-Go'","b'Fingerprint (rear-mounted), accelerometer, proximity, compass'","b'Li-Ion 3000 mAh, non-removable'",,"b'Metallic Black, Metallic Blue, Metallic Gold - EU/MEASpectrum Black, Spectrum Blue, Spectrum Gold - LATAM'",b'About 130 EUR',b'HSDPA 850 / 900 / 1700(AWS) / 1900 / 2100 - 5058A/J',"b'1, 2, 3, 4, 5, 7, 8, 12, 13, 17, 28 - 5058A/J'","b'HSPA 42.2/11.5 Mbps, LTE Cat4 150/50 Mbps'",b'PowerVR GE8100',"b'Dual-LED dual-tone flash, HDR, panorama'","b'1, 3, 5, 7, 8, 20, 28, 38, 40 - 5058I/T'",b'LED flash',b'eMMC 5.1',,,,,,,,,,"b'5058, 5058I, 5058T, 5058Y, 5058A, 5058J'",,,,,,,,,b'',,,,,,,,,,,,,,,,,,,,
,,,,,,,,,,,,,,,,,,,,,,,,,,,,,,,,,,,,,,,,,,,,,,,,,,,,,,,,,,,,,,,,,,,,,,,,,,,,,,,,,,,,
b'alcatel',b'alcatel 3',b'https://fdn2.gsmarena.com/vv/bigpic/alcatel-3-.jpg',b'GSM / HSPA / LTE',b'GSM 850 / 900 / 1800 / 1900 - SIM 1 & SIM 2 (dual-SIM model only)',,,"b'2018, February'","b'Available. Released 2018, May'",b'147.1 x 68.8 x 8.5 mm (5.79 x 2.71 x 0.33 in)',b'145 g (5.11 oz)',"b'Single SIM (Nano-SIM) or Dual SIM (Nano-SIM, dual stand-by)'",b'HSDPA 850 / 900 / 1900 / 2100 - 5052Y/D',b'IPS LCD',"b'5.5 inches, 78.1 cm2 (~77.1% screen-to-body ratio)'","b'720 x 1440 pixels, 18:9 ratio (~293 ppi density)'",b'Android 8.0 (Oreo)',b'Mediatek MT6739 (28 nm)',b'Quad-core 1.3 GHz Cortex-A53',b'microSDXC',b'16GB 2GB RAM',"b'13 MP, f/2.0, 1/3.1"", 1.12\xc2\xb5m, PDAF'",b'1080p@30fps',b'5 MP',b'',b'Yes',b'Yes',"b'Wi-Fi 802.11 b/g/n, Wi-Fi Direct, hotspot'","b'4.2, A2DP, LE'","b'Yes, with A-GPS'",b'Yes (5052Y only)',b'FM radio',"b'microUSB 2.0, USB On-The-Go'","b'Fingerprint (rear-mounted), accelerometer, proximity, compass'","b'Li-Ion 3000 mAh, non-removable'",,"b'Spectrum Black, Spectrum Gold (LATAM), Spectrum Black, Spectrum Blue (APAC), Spectrum Black, Spectrum Blue, Spectrum Gold (EU/MEA)'",b'About 170 EUR',b'HSDPA 850 / 900 / 1700(AWS) / 1900 / 2100 - 5052A',"b'1, 2, 3, 4, 5, 7, 8, 12, 13, 17, 28 - 5052A'","b'HSPA 42.2/11.5 Mbps, LTE Cat4 150/50 Mbps'",b'PowerVR GE8100',"b'LED flash, HDR, panorama'","b'1, 3, 7, 8, 20 - 5052Y/D'",b'LED flash',b'eMMC 5.1',,,,,,,,,,"b'5052D, 5052A, 5052Y'",,,,,,,,,,,,,,,,,,,,,,,,,,,,,
,,,,,,,,,,,,,,,,,,,,,,,,,,,,,,,,,,,,,,,,,,,,,,,,,,,,,,,,,,,,,,,,,,,,,,,,,,,,,,,,,,,,
b'alcatel',b'alcatel 1x',b'https://fdn2.gsmarena.com/vv/bigpic/alcatel-1x-.jpg',b'GSM / HSPA / LTE',b'GSM 850 / 900 / 1800 / 1900 - SIM 1 & SIM 2 (dual-SIM model only)',,,"b'2018, February'","b'Available. Released 2018, May'",b'147.5 x 70.6 x 9.1 mm (5.81 x 2.78 x 0.36 in)',b'151 g (5.33 oz)',"b'Single SIM (Nano-SIM) or Dual SIM (Nano-SIM, dual stand-by)'",b'HSDPA 850 / 900 / 1900 / 2100 - 5059X/Y/D/J/T/I',b'IPS LCD',"b'5.3 inches, 72.5 cm2 (~69.6% screen-to-body ratio)'","b'480 x 960 pixels, 18:9 ratio (~203 ppi density)'","b'Android 8.1 (Oreo) - 5059D only, Android 8.1 Oreo (Go edition) - all other models'",b'Mediatek MT6739 (28 nm)',b'Quad-core 1.3 GHz Cortex-A53',b'microSDHC',"b'16GB 1GB RAM, 16GB 2GB RAM'","b'8 MP, f/2.0, 1/4.0"", 1.12\xc2\xb5m, AF 13 MP (5059D only)'",b'1080p@30fps',b'5 MP',b'720p',b'Yes',b'Yes',"b'Wi-Fi 802.11 b/g/n, Wi-Fi Direct, hotspot'","b'4.2, A2DP, LE'","b'Yes, with A-GPS'",b'Yes (5059Y only)',b'FM radio',b'microUSB 2.0',"b'Fingerprint (rear-mounted, 5059A/J only), accelerometer, proximity'",b'Li-Ion 2460 mAh battery',,"b'Black, Blue (EU, MEA, APAC); Black, Gold, Rose Gold (LATAM)'",b'About 100 EUR',b'HSDPA 850 / 900 / 1700(AWS) / 1900 / 2100 - 5059A',"b'1, 2, 3, 4, 5, 7, 8, 12, 13, 17, 28 - 5059A'","b'HSPA 42.2/5.76 Mbps, LTE Cat4 150/50 Mbps'",b'PowerVR GE8100',"b'LED flash, HDR'","b'1, 2, 3, 4, 5, 7, 12, 13, 17, 28 - 5059J'",b'LED flash',b'eMMC 5.1',,,,,,,,,,"b'5059, 5059D, 5059I, 5059A, 5059Y, 5059X, 5059J, 5059T, 5059Z'",,,,,,,,,,,,,,,,,,,,,,,,,,,,,
,,,,,,,,,,,,,,,,,,,,,,,,,,,,,,,,,,,,,,,,,,,,,,,,,,,,,,,,,,,,,,,,,,,,,,,,,,,,,,,,,,,,
b'alcatel',b'alcatel 3c',b'https://fdn2.gsmarena.com/vv/bigpic/alcatel-3c-.jpg',b'GSM / HSPA / LTE',b'GSM 850 / 900 / 1800 / 1900 - SIM 1 & SIM 2 (dual-SIM)',,,"b'2018, January'","b'Available. Released 2018, May'",b'161 x 76 x 7.9 mm (6.34 x 2.99 x 0.31 in)',b'169 g (5.96 oz)',b'Dual SIM (dual stand-by)',,b'IPS LCD',"b'6.0 inches, 92.9 cm2 (~75.9% screen-to-body ratio)'","b'720 x 1440 pixels, 18:9 ratio (~268 ppi density)'",b'Android 7.1 (Nougat)',b'Mediatek MT8321 (28 nm)',b'Quad-core 1.3 GHz Cortex-A7',b'microSDXC',b'16GB 1GB RAM',"b'8 MP, AF'",b'1080p@30fps',b'5 MP',b'',b'Yes',b'Yes',"b'Wi-Fi 802.11 b/g/n, Wi-Fi Direct, hotspot'","b'4.2, A2DP, LE'","b'Yes, with A-GPS'",b'No',b'FM radio',b'microUSB 2.0',"b'Fingerprint (rear-mounted), accelerometer, proximity'","b'Li-Ion 3000 mAh, non-removable'",,"b'Black, Gold, Blue'",b'About 130 EUR',b'HSDPA 850 / 900 / 1900 / 2100',"b'1, 3, 7, 8, 20'","b'HSPA 42.2/11.5 Mbps, LTE Cat4 150/50 Mbps'",b'Mali-400',"b'LED flash, HDR, panorama'",,,,,,,,,,,,,b'5026D',,,,,,,,,,,,,,,,,,,,,,,,,,,,,
,,,,,,,,,,,,,,,,,,,,,,,,,,,,,,,,,,,,,,,,,,,,,,,,,,,,,,,,,,,,,,,,,,,,,,,,,,,,,,,,,,,,
b'alcatel',b'alcatel 3088',b'https://fdn2.gsmarena.com/vv/bigpic/alcatel-3088.jpg',b'GSM / HSPA / LTE',b'GSM 850 / 900 / 1800 / 1900',b'Yes',b'Yes',b'2019',b'Available. Released 2019',b'125.2 x 50.5 x 12.8 mm (4.93 x 1.99 x 0.50 in)',b'90 g (3.17 oz)',b'Nano-SIM',b'HSDPA 850 / 900 / 1900 / 2100',"b'TFT, 256K colors'","b'2.4 inches, 17.8 cm2 (~28.2% screen-to-body ratio)'","b'240 x 320 pixels, 4:3 ratio (~167 ppi density)'",b'KaiOS',b'Spreadtrum SC9820E',b'Dual-core (2x1.3 GHz Cortex-A7)',b'No',b'4GB 512MB',b'2 MP',b'480p',,,b'Yes',b'Yes',"b'Wi-Fi 802.11 b/g/n, hotspot'","b'4.1, A2DP'",b'Yes',b'No',b'FM radio',b'microUSB 2.0',b'',b'Li-Ion 1530 mAh battery',b'Up to 15 h (2G) / Up to 9 h (3G)',"b'Black, Gray, Blue'",b'About 50 EUR',,"b'1, 3, 7, 8, 20, 28'","b'HSPA 42.2/5.76 Mbps, LTE Cat4 150/50 Mbps'",,b'LED flash',"b'1, 3, 5, 7, 8, 28, 38, 40'",,"b'MP3/MP4/H.263 player Photo viewer Organizer Facebook, Whatsapp, YouTube, Google Maps'",b'Up to 300 h (2G) / Up to 300 h (3G)',,,,,,,,,"b'3088X, 3088T'",,,,,,,,,,,,,,,,,,,,,,,,,,,,,
,,,,,,,,,,,,,,,,,,,,,,,,,,,,,,,,,,,,,,,,,,,,,,,,,,,,,,,,,,,,,,,,,,,,,,,,,,,,,,,,,,,,
b'alcatel',b'alcatel 1T 10',b'https://fdn2.gsmarena.com/vv/bigpic/alcatel-1t-10.jpg',b'No cellular connectivity',b'N/A',b'No',b'Yes',"b'2018, February'","b'Available. Released 2018, June'",b'255 x 155 x 9.4 mm (10.04 x 6.10 x 0.37 in)',b'415 g (14.64 oz)',b'No',,b'TFT',"b'10.1 inches, 295.8 cm2 (~74.8% screen-to-body ratio)'","b'1280 x 800 pixels, 16:10 ratio (~149 ppi density)'",b'Android 8.1 (Oreo)',b'Mediatek MT8321 (28 nm)',b'Quad-core 1.3 GHz Cortex-A7',b'microSDXC (dedicated slot)',b'16GB 1GB RAM',b'2 MP',b'720p@30fps',b'2 MP',b'',b'Yes',b'Yes',"b'Wi-Fi 802.11 b/g/n, Wi-Fi Direct, hotspot'","b'4.2, A2DP'","b'Yes, with A-GPS'",b'No',b'FM radio',b'microUSB 2.0',b'Accelerometer',"b'Li-Ion 4000 mAh, non-removable'",,"b'Gray, Dark Blue'",b'About 100 EUR',,,b'No',b'Mali-400',,,,,,,,,,,,,,,,,,,,,,,,,,,,,,,,,,,,,,,,,,,
,,,,,,,,,,,,,,,,,,,,,,,,,,,,,,,,,,,,,,,,,,,,,,,,,,,,,,,,,,,,,,,,,,,,,,,,,,,,,,,,,,,,
b'alcatel',b'alcatel 1T 7',b'https://fdn2.gsmarena.com/vv/bigpic/alcatel-1t-7.jpg',b'No cellular connectivity',b'N/A',b'No',b'Yes',"b'2018, February'","b'Available. Released 2018, June'",b'189.5 x 111 x 9.2 mm (7.46 x 4.37 x 0.36 in)',b'245 g (8.64 oz)',b'No',,b'TFT',"b'7.0 inches, 137.9 cm2 (~65.6% screen-to-body ratio)'","b'1024 x 600 pixels, 16:9 ratio (~170 ppi density)'",b'Android 8.1 (Oreo)',b'Mediatek MT8321A/D (28 nm)',b'Quad-core 1.3 GHz Cortex-A7',b'microSDXC (dedicated slot)',b'8GB 1GB RAM',b'2 MP',b'720p@30fps',b'VGA',b'',b'Yes',b'Yes',"b'Wi-Fi 802.11 b/g/n, Wi-Fi Direct, hotspot'","b'4.2, A2DP'","b'Yes, with A-GPS'",b'No',b'FM radio',b'microUSB 2.0',b'Accelerometer',"b'Li-Ion 2580 mAh, non-removable'",,"b'Gray, Dark Blue'",b'About 70 EUR',,,b'No',b'Mali-400',,,,,,,,,,,,,,b'9009G',,,,,,,,,,,,,,,,,,,,,,,,,,,,,
