Brand,Model Name,Model Image,Technology,2G bands,3G bands,4G bands,Speed,Announced,Status,Dimensions,Weight,SIM,Type,Size,Resolution,OS,Chipset,CPU,GPU,Card slot,Internal,Single,Features,Video,Single_1,Video_1,Loudspeaker,3.5mm jack,WLAN,Bluetooth,GPS,NFC,Radio,USB,Sensors,Type_1,Charging,Colors,Dual,Price,,Triple,Stand-by,Talk time,Features_1,Protection,_1,_1_1,Models,Build,GPRS,EDGE,Phonebook,Call records,Messaging,Games,Java,Dual_1,Music play,Infrared port,Keyboard,Browser
,,,,,,,,,,,,,,,,,,,,,,,,,,,,,,,,,,,,,,,,,,,,,,,,,,,,,,,,,,,,,,
b'blu',b'BLU View Mega',b'https://fdn2.gsmarena.com/vv/bigpic/blu-view-mega.jpg',b'GSM / HSPA / LTE',b'GSM 850 / 900 / 1800 / 1900',b'HSDPA 850 / 1700(AWS) / 1900',"b'2, 4, 5, 12, 13, 25, 26, 41, 66, 71'","b'HSPA 42.2/5.76 Mbps, LTE Cat6 300/50 Mbps'","b'2020, April'","b'Available. Released 2020, April'",b'167.5 x 78 x 9.4 mm (6.59 x 3.07 x 0.37 in)',b'189 g (6.67 oz)',b'Nano-SIM',b'IPS LCD',"b'6.0 inches, 92.9 cm2 (~71.1% screen-to-body ratio)'","b'720 x 1440 pixels, 18:9 ratio (~268 ppi density)'",b'Android 9.0 (Pie)',b'Mediatek MT6761 Helio A22 (12 nm)',b'Quad-core 2.0 GHz Cortex-A53',b'PowerVR GE6300',b'microSDXC',b'32GB 2GB RAM',b'13 MP',b'LED flash',b'1080p@30fps',b'8 MP',b'720p@30fps',b'Yes',b'Yes',"b'Wi-Fi 802.11 b/g/n, Wi-Fi Direct, hotspot'","b'4.1, A2DP, LE'","b'Yes, with A-GPS'",b'No',b'FM radio',b'microUSB 2.0',"b'Accelerometer, proximity'","b'Li-Po 3000 mAh, removable'",b'0',b'Black',,,,,,,,,,,,,,,,,,,,,,,,
,,,,,,,,,,,,,,,,,,,,,,,,,,,,,,,,,,,,,,,,,,,,,,,,,,,,,,,,,,,,,,
b'blu',b'BLU G50 Mega',b'https://fdn2.gsmarena.com/vv/bigpic/blu-g50-mega.jpg',b'GSM / HSPA / LTE',b'GSM 850 / 900 / 1800 / 1900 - SIM 1 & SIM 2',b'HSDPA 850 / 900 / 1700(AWS) / 1900 / 2100',"b'2, 3, 4, 5, 7, 12, 17, 28'","b'HSPA 42.2/5.76 Mbps, LTE'","b'2020, November'","b'Available. Released 2020, November'",b'156.1 x 72.5 x 9.3 mm (6.15 x 2.85 x 0.37 in)',b'190 g (6.70 oz)',"b'Dual SIM (Nano-SIM, dual stand-by)'",b'IPS LCD',"b'6.5 inches, 102.0 cm2 (~90.1% screen-to-body ratio)'","b'720 x 1600 pixels, 20:9 ratio (~270 ppi density)'",b'Android 10',,b'Octa-core 1.6 GHz Cortex-A55',b'IMG8322',b'microSDXC',b'32GB 2GB RAM',b'8 MP',"b'LED flash, HDR, panorama'",b'1080p@30fps',,b'720p@30fps',b'Yes',b'Yes',"b'Wi-Fi 802.11 b/g/n, Wi-Fi Direct, hotspot'","b'4.1, A2DP, LE'","b'Yes, with A-GPS'",b'No',b'FM radio',b'USB Type-C 2.0',"b'Fingerprint (rear-mounted), accelerometer, proximity'","b'Li-Po 4000 mAh, non-removable'",b'Charging 10W',"b'Black, Blue, Red, Green'","b'12 MP, f/2.2, 1.25\xc2\xb5m, AF 12 MP, f/2.2, 1.25\xc2\xb5m, AF'",b'About 129 USD',,,,,,,,,,,,,,,,,,,,,,
,,,,,,,,,,,,,,,,,,,,,,,,,,,,,,,,,,,,,,,,,,,,,,,,,,,,,,,,,,,,,,
b'blu',b'BLU J7L',b'https://fdn2.gsmarena.com/vv/bigpic/blu-j7l.jpg',b'GSM / HSPA / LTE',b'GSM 850 / 900 / 1800 / 1900 - SIM 1 & SIM 2',b'HSDPA 850 / 900 / 1700(AWS) / 1900 / 2100',"b'1, 2, 3, 4, 5, 7, 12, 17, 28'","b'HSPA 42.2/5.76 Mbps, LTE'","b'2020, October'","b'Available. Released 2020, October'",b'155 x 74.7 x 10.9 mm (6.10 x 2.94 x 0.43 in)',b'173 g (6.10 oz)',"b'Dual SIM (Nano-SIM/Micro-SIM, dual stand-by)'",b'IPS LCD',"b'5.7 inches, 83.8 cm2 (~72.4% screen-to-body ratio)'","b'720 x 1440 pixels, 18:9 ratio (~282 ppi density)'",b'Android 10 (Go edition)',,b'Quad-core 1.4 GHz Cortex-A53',b'Mali-T820',b'microSDXC',b'32GB 1GB RAM',b'8 MP',b'LED flash',b'1080p@30fps',b'8 MP',b'720p@30fps',b'Yes',b'Yes',"b'Wi-Fi 802.11 b/g/n, Wi-Fi Direct, hotspot'","b'4.0, A2DP'","b'Yes, with A-GPS'",b'No',b'FM radio',b'microUSB 2.0',"b'Fingerprint (rear-mounted), accelerometer'",b'Li-Ion 3000 mAh',,"b'Blue, Black, Violet, Tan'",,b'About 70 USD',b'eMMC 5.1',,,,,,,,,,,,,,,,,,,,,
,,,,,,,,,,,,,,,,,,,,,,,,,,,,,,,,,,,,,,,,,,,,,,,,,,,,,,,,,,,,,,
b'blu',b'BLU J5L',b'https://fdn2.gsmarena.com/vv/bigpic/blu-j5l.jpg',b'GSM / HSPA / LTE',b'GSM 850 / 900 / 1800 / 1900 - SIM 1 & SIM 2',b'HSDPA 850 / 900 / 1700(AWS) / 1900 / 2100',"b'1, 2, 3, 4, 5, 7, 12, 17, 28'","b'HSPA 42.2/5.76 Mbps, LTE'","b'2020, October'","b'Available. Released 2020, October'",b'144 x 72.3 x 11.2 mm (5.67 x 2.85 x 0.44 in)',b'155 g (5.47 oz)',"b'Dual SIM (Nano-SIM/Micro-SIM, dual stand-by)'",b'IPS LCD',"b'5.0 inches, 68.9 cm2 (~66.2% screen-to-body ratio)'","b'720 x 1280 pixels, 16:9 ratio (~294 ppi density)'",b'Android 10 (Go edition)',,b'Quad-core 1.4 GHz Cortex-A53',b'Mali-T820',b'microSDXC',b'32GB 1GB RAM',b'8 MP',b'LED flash',b'1080p@30fps',b'8 MP',b'720p@30fps',b'Yes',b'Yes',"b'Wi-Fi 802.11 b/g/n, Wi-Fi Direct, hotspot'","b'4.0, A2DP'","b'Yes, with A-GPS'",b'No',b'FM radio',b'microUSB 2.0',b'Accelerometer',b'Li-Ion 2200 mAh',,"b'Blue, Black, Violet, Tan'",,,b'eMMC 5.1',,,,,,,,,,,,,,,,,,,,,
,,,,,,,,,,,,,,,,,,,,,,,,,,,,,,,,,,,,,,,,,,,,,,,,,,,,,,,,,,,,,,
b'blu',b'BLU J6 2020',b'https://fdn2.gsmarena.com/vv/bigpic/blu-j6-2020.jpg',b'GSM / HSPA',b'GSM 850 / 900 / 1800 / 1900 - SIM 1 & SIM 2',b'HSDPA 850 / 900 / 1900 / 2100',,b'HSPA 21.1/5.76 Mbps',"b'2020, October'","b'Available. Released 2020, October'",b'160.7 x 78.4 x 10.3 mm (6.33 x 3.09 x 0.41 in)',b'227 g (8.01 oz)',"b'Dual SIM (Nano-SIM, dual stand-by)'",b'IPS LCD',"b'6.0 inches, 92.9 cm2 (~73.7% screen-to-body ratio)'","b'720 x 1440 pixels, 18:9 ratio (~268 ppi density)'",b'Android 10 (Go edition)',,b'Quad-core 1.3 GHz Cortex-A7',b'Mali-400',b'microSDXC',b'32GB 1GB RAM',"b'8 MP, AF'",b'LED flash',b'720p@30fps',b'8 MP',b'720p@30fps',b'Yes',b'Yes',"b'Wi-Fi 802.11 b/g/n, Wi-Fi Direct, hotspot'","b'4.1, A2DP'","b'Yes, with A-GPS'",b'No',b'FM radio',b'microUSB 2.0',"b'Fingerprint (rear-mounted), accelerometer, proximity'","b'Li-Po 4000 mAh, non-removable'",,"b'Blue, Black, Violet, Tan'",,b'About 80 USD',b'eMMC 5.1',,,,,,,,,,,,,,,,,,,,,
,,,,,,,,,,,,,,,,,,,,,,,,,,,,,,,,,,,,,,,,,,,,,,,,,,,,,,,,,,,,,,
b'blu',b'BLU C6L 2020',b'https://fdn2.gsmarena.com/vv/bigpic/blu-c6l-2020.jpg',b'GSM / HSPA / LTE',b'GSM 850 / 900 / 1800 / 1900 - SIM 1 & SIM 2',b'HSDPA 850 / 900 / 1700(AWS) / 1900 / 2100',"b'1, 2, 3, 4, 5, 7, 12, 17, 28'","b'HSPA 42.2/5.76 Mbps, LTE'","b'2020, October'","b'Available. Released 2020, October'",b'155 x 74.7 x 10.9 mm (6.10 x 2.94 x 0.43 in)',b'167 g (5.89 oz)',"b'Dual SIM (Nano-SIM/Micro-SIM, dual stand-by)'",b'IPS LCD',"b'5.7 inches, 83.8 cm2 (~72.4% screen-to-body ratio)'","b'720 x 1440 pixels, 18:9 ratio (~282 ppi density)'",b'Android 10 (Go edition)',,b'Quad-core 1.4 GHz Cortex-A53',b'Mali-T820',b'microSDXC',b'16GB 1GB RAM',b'8 MP',b'LED flash',b'720p@30fps',b'8 MP',b'720p@30fps',b'Yes',b'Yes',"b'Wi-Fi 802.11 b/g/n, Wi-Fi Direct, hotspot'","b'4.0, A2DP'","b'Yes, with A-GPS'",b'No',b'FM radio',b'microUSB 2.0',"b'Fingerprint (rear-mounted), accelerometer'",b'Li-Ion 3000 mAh',,"b'Red, Blue, Green'",,b'About 60 USD',b'eMMC 5.1',,,,,,,,,,,,,,,,,,,,,
,,,,,,,,,,,,,,,,,,,,,,,,,,,,,,,,,,,,,,,,,,,,,,,,,,,,,,,,,,,,,,
b'blu',b'BLU C5L 2020',b'https://fdn2.gsmarena.com/vv/bigpic/blu-c5l-2020.jpg',b'GSM / HSPA / LTE',b'GSM 850 / 900 / 1800 / 1900 - SIM 1 & SIM 2',b'HSDPA 850 / 900 / 1700(AWS) / 1900 / 2100',"b'1, 2, 3, 4, 5, 7, 12, 17, 28'","b'HSPA 42.2/5.76 Mbps, LTE'","b'2020, October'","b'Available. Released 2020, October'",b'144 x 72.3 x 11.2 mm (5.67 x 2.85 x 0.44 in)',b'150 g (5.29 oz)',"b'Dual SIM (Nano-SIM/Micro-SIM, dual stand-by)'",b'IPS LCD',"b'5.0 inches, 68.9 cm2 (~66.2% screen-to-body ratio)'","b'720 x 1280 pixels, 16:9 ratio (~294 ppi density)'",b'Android 10 (Go edition)',,b'Quad-core 1.4 GHz Cortex-A53',b'Mali-T820',b'microSDXC',b'16GB 1GB RAM',b'8 MP',b'LED flash',b'720p@30fps',b'8 MP',b'720p@30fps',b'Yes',b'Yes',"b'Wi-Fi 802.11 b/g/n, Wi-Fi Direct, hotspot'","b'4.0, A2DP'","b'Yes, with A-GPS'",b'No',b'FM radio',b'microUSB 2.0',b'Accelerometer',b'Li-Ion 2200 mAh',,"b'Red, Blue, Pastel'",,b'About 50 USD',b'eMMC 5.1',,,,,,,,,,,,,,,,,,,,,
,,,,,,,,,,,,,,,,,,,,,,,,,,,,,,,,,,,,,,,,,,,,,,,,,,,,,,,,,,,,,,
b'blu',b'BLU C6 2020',b'https://fdn2.gsmarena.com/vv/bigpic/blu-c6-2020.jpg',b'GSM / HSPA',b'GSM 850 / 900 / 1800 / 1900 - SIM 1 & SIM 2',b'HSDPA 850 / 900 / 1900 / 2100',,b'HSPA 21.1/5.76 Mbps',"b'2020, October'","b'Available. Released 2020, October'",b'160.7 x 78.4 x 10.3 mm (6.33 x 3.09 x 0.41 in)',b'230 g (8.11 oz)',"b'Dual SIM (Nano-SIM, dual stand-by)'",b'IPS LCD',"b'6.0 inches, 92.9 cm2 (~73.7% screen-to-body ratio)'","b'720 x 1440 pixels, 18:9 ratio (~268 ppi density)'",b'Android 10 (Go edition)',,b'Quad-core 1.3 GHz Cortex-A7',b'Mali-400',b'microSDXC',b'16GB 1GB RAM',"b'8 MP, AF'",b'LED flash',b'720p@30fps',b'8 MP',b'720p@30fps',b'Yes',b'Yes',"b'Wi-Fi 802.11 b/g/n, Wi-Fi Direct, hotspot'","b'4.1, A2DP'","b'Yes, with A-GPS'",b'No',b'FM radio',b'microUSB 2.0',"b'Fingerprint (rear-mounted), accelerometer, proximity'","b'Li-Po 4000 mAh, non-removable'",,"b'Red, Gradient Blue, Gradient Greena'",,b'About 80 USD',b'eMMC 5.1',,,,,,,,,,,,,,,,,,,,,
,,,,,,,,,,,,,,,,,,,,,,,,,,,,,,,,,,,,,,,,,,,,,,,,,,,,,,,,,,,,,,
b'blu',b'BLU G50 Plus',b'https://fdn2.gsmarena.com/vv/bigpic/blu-g50-plus.jpg',b'GSM / HSPA / LTE',b'GSM 850 / 900 / 1800 / 1900 - SIM 1 & SIM 2',b'HSDPA 850 / 900 / 1700(AWS) / 1900 / 2100',"b'1, 2, 3, 4, 5, 7, 12, 17, 28'","b'HSPA 42.2/5.76 Mbps, LTE'","b'2020, September 22'","b'Available. Released 2020, September 22'",b'158.7 x 76 x 9.1 mm (6.25 x 2.99 x 0.36 in)',b'180 g (6.35 oz)',"b'Dual SIM (Nano-SIM, dual stand-by)'",b'IPS LCD',"b'6.2 inches, 95.9 cm2 (~79.5% screen-to-body ratio)'","b'720 x 1520 pixels, 19:9 ratio (~271 ppi density)'",b'Android 10',,b'Octa-core 1.6 GHz Cortex-A55',b'IMG8322',b'microSDXC',b'32GB 2GB RAM',"b'13 MP, AF'","b'LED flash, HDR, panorama'",b'1080p@30fps',b'8 MP',b'720p@30fps',b'Yes',b'Yes',"b'Wi-Fi 802.11 b/g/n, Wi-Fi Direct, hotspot'","b'4.1, A2DP, LE'","b'Yes, with A-GPS'",b'No',b'FM radio',b'USB Type-C 2.0',"b'Fingerprint (rear-mounted), accelerometer, proximity'","b'Li-Po 4000 mAh, non-removable'",b'Charging 10W',"b'Black, Blue, Red, Green'",,b'About 109 USD',,,,,,,,,,,,,,,,,,,,,,
,,,,,,,,,,,,,,,,,,,,,,,,,,,,,,,,,,,,,,,,,,,,,,,,,,,,,,,,,,,,,,
b'blu',b'BLU G50',b'https://fdn2.gsmarena.com/vv/bigpic/blu-g50.jpg',b'GSM / HSPA / LTE',b'GSM 850 / 900 / 1800 / 1900 - SIM 1 & SIM 2',b'HSDPA 850 / 900 / 1700(AWS) / 1900 / 2100',"b'1, 2, 3, 4, 5, 7, 12, 17, 28'","b'HSPA 42.2/5.76 Mbps, LTE'","b'2020, September 18'","b'Available. Released 2020, September 18'",b'147.8 x 70.9 x 10.1 mm (5.82 x 2.79 x 0.40 in)',b'190 g (6.70 oz)',"b'Dual SIM (Nano-SIM, dual stand-by)'",b'IPS LCD',"b'5.5 inches, 78.1 cm2 (~74.5% screen-to-body ratio)'","b'720 x 1440 pixels, 18:9 ratio (~293 ppi density)'",b'Android 10',,b'Octa-core 1.6 GHz Cortex-A55',b'IMG8322',b'microSDXC',b'32GB 2GB RAM',"b'13 MP, AF'","b'LED flash, HDR, panorama'",b'1080p@30fps',b'8 MP',b'720p@30fps',b'Yes',b'Yes',"b'Wi-Fi 802.11 b/g/n, Wi-Fi Direct, hotspot'","b'4.1, A2DP, LE'","b'Yes, with A-GPS'",b'No',b'FM radio',b'USB Type-C 2.0',"b'Fingerprint (rear-mounted), accelerometer, proximity'","b'Li-Po 4000 mAh, non-removable'",b'Charging 10W',"b'Black, Blue, Red, Green'",,b'About 80 USD',,,,,,,,,,,,,,,,,,,,,,
,,,,,,,,,,,,,,,,,,,,,,,,,,,,,,,,,,,,,,,,,,,,,,,,,,,,,,,,,,,,,,
b'blu',b'BLU G90 Pro',b'https://fdn2.gsmarena.com/vv/bigpic/blu-g90-pro.jpg',b'GSM / HSPA / LTE',b'GSM 850 / 900 / 1800 / 1900 - SIM 1 & SIM 2',b'HSDPA 850 / 900 / 1700(AWS) / 1900 / 2100',"b'1, 2, 3, 4, 5, 7, 8, 12, 13, 17, 28'","b'HSPA 42.2/5.76 Mbps, LTE-A (2CA) Cat6 300/50 Mbps'","b'2020, August 25'","b'Available. Released 2020, August 25'",b'162 x 77 x 10.1 mm (6.38 x 3.03 x 0.40 in)',b'215 g (7.58 oz)',"b'Dual SIM (Nano-SIM, dual stand-by)'",b'IPS LCD',"b'6.5 inches, 103.7 cm2 (~83.1% screen-to-body ratio)'","b'1080 x 2340 pixels, 19.5:9 ratio (~396 ppi density)'",b'Android 10',b'Mediatek MT6785 Helio G90T (12 nm)',b'Octa-core (2x2.05 GHz Cortex-A76 & 6x2.0 GHz Cortex-A55)',b'Mali-G76 MC4',b'microSDXC',b'128GB 4GB RAM',"b'32 MP, f/2.0, (wide), 1/2.8"", 0.8\xc2\xb5m'","b'LED flash, panorama, HDR'",b'4K@30fps',,b'1080p@30fps',b'Yes',b'Yes',"b'Wi-Fi 802.11 a/b/g/n, Wi-Fi Direct, hotspot'","b'4.1, A2DP, LE'","b'Yes, with A-GPS'",b'No',b'FM radio',"b'USB Type-C 2.0, USB On-The-Go'","b'Fingerprint (rear-mounted), accelerometer, gyro, proximity, compass'","b'Li-Po 5100 mAh, non-removable'",b'Fast charging 18W Fast wireless charging 10W (Qi)',b'Purple Haze',,b'About 200 USD',b'eMMC 5.1',"b'48 MP, f/1.8, (wide), 1/2.0"", 0.8\xc2\xb5m, PDAF 8 MP, f/2.2, (ultrawide), 1/4.0"", 1.12\xc2\xb5m 2 MP, f/2.2, (macro) 2 MP, f/2.2, (depth)'",,,,,,,,,,,,,,,,,,,,
,,,,,,,,,,,,,,,,,,,,,,,,,,,,,,,,,,,,,,,,,,,,,,,,,,,,,,,,,,,,,,
b'blu',b'BLU Studio X10',b'https://fdn2.gsmarena.com/vv/bigpic/blu-studio-x10.jpg',b'GSM / HSPA',b'GSM 850 / 900 / 1800 / 1900 - SIM 1 & SIM 2',b'HSDPA 850 / 900 / 1900 / 2100',,b'HSPA 21.1/5.76 Mbps',"b'2020, August 05'","b'Available. Released 2020, August 05'",b'146 x 73.5 x 9.3 mm (5.75 x 2.89 x 0.37 in)',b'169 g (5.96 oz)',"b'Dual SIM (Nano-SIM, dual stand-by)'",b'IPS LCD',"b'5.0 inches, 68.9 cm2 (~64.2% screen-to-body ratio)'","b'480 x 854 pixels, 16:9 ratio (~196 ppi density)'",b'Android 10 (Go edition)',b'Mediatek MT6580 (28 nm)',b'Quad-core 1.3 GHz Cortex-A7',b'Mali-400MP2',b'microSDXC',b'16GB 1GB RAM',b'8 MP',b'LED flash',b'720p@30fps',b'5 MP',b'720p@30fps',b'Yes',b'Yes',"b'Wi-Fi 802.11 b/g/n, Wi-Fi Direct, hotspot'","b'4.0, A2DP'","b'Yes, with A-GPS'",b'No',b'FM radio',b'microUSB 2.0',b'Accelerometer',b'Li-Ion 2100 mAh battery',,"b'Green, Red, Black, Blue'",,b'About 50 USD',,,,,,,,,,,,,,,,,,,,,,
,,,,,,,,,,,,,,,,,,,,,,,,,,,,,,,,,,,,,,,,,,,,,,,,,,,,,,,,,,,,,,
b'blu',b'BLU G90',b'https://fdn2.gsmarena.com/vv/bigpic/blu-g90.jpg',b'GSM / HSPA / LTE',b'GSM 850 / 900 / 1800 / 1900 - SIM 1 & SIM 2',b'HSDPA 850 / 900 / 1700(AWS) / 1900 / 2100',"b'1, 2, 3, 4, 5, 7, 8, 12, 13, 17, 28'","b'HSPA 42.2/5.76 Mbps, LTE-A (2CA) Cat6 300/50 Mbps'","b'2020, June 24'","b'Available. Released 2020, June 24'",b'164.6 x 76.5 x 8.8 mm (6.48 x 3.01 x 0.35 in)',b'185 g (6.53 oz)',"b'Dual SIM (Nano-SIM, dual stand-by)'",b'IPS LCD',"b'6.5 inches, 102.0 cm2 (~81.0% screen-to-body ratio)'","b'720 x 1600 pixels, 20:9 ratio (~270 ppi density)'",b'Android 10',b'MediaTek Helio A25 (12 nm)',b'Octa-core (4x1.8 GHz Cortex-A53 & 4x1.5 GHz Cortex-A53)',b'PowerVR GE8320',b'microSDXC',b'64GB 4GB RAM',"b'13 MP, f/2.0'","b'LED flash, panorama, HDR'",b'1080p@30fps',,b'1080p@30fps',b'Yes',b'Yes',"b'Wi-Fi 802.11 a/b/g/n, Wi-Fi Direct, hotspot'","b'4.1, A2DP, LE'","b'Yes, with A-GPS'",b'No',b'FM radio',"b'USB Type-C 2.0, USB On-The-Go'","b'Fingerprint (rear-mounted), accelerometer, proximity'","b'Li-Po 4000 mAh, removable'",b'Charging 10W',"b'Black, White, Magenta, Blue'",,b'About 130 USD',,"b'16 MP, f/2.0, (wide), 1/3.06"", 1.0\xc2\xb5m, PDAF 8 MP, f/2.2, (ultrawide), 1/4.0"", 1.12\xc2\xb5m 2 MP, f/2.8, (depth)'",,,,,,,,,,,,,,,,,,,,
,,,,,,,,,,,,,,,,,,,,,,,,,,,,,,,,,,,,,,,,,,,,,,,,,,,,,,,,,,,,,,
b'blu',b'BLU G80',b'https://fdn2.gsmarena.com/vv/bigpic/blu-g80.jpg',b'GSM / HSPA / LTE',b'GSM 850 / 900 / 1800 / 1900 - SIM 1 & SIM 2',b'HSDPA 850 / 900 / 1700(AWS) / 1900 / 2100',"b'1, 2, 3, 4, 5, 7, 12, 17, 28'","b'HSPA 42.2/5.76 Mbps, LTE'","b'2020, June 24'","b'Available. Released 2020, June 24'",b'163.9 x 75.5 x 8.4 mm (6.45 x 2.97 x 0.33 in)',b'185 g (6.53 oz)',"b'Dual SIM (Nano-SIM, dual stand-by)'",b'IPS LCD',"b'6.5 inches, 102.0 cm2 (~82.4% screen-to-body ratio)'","b'720 x 1600 pixels, 20:9 ratio (~270 ppi density)'",b'Android 10',b'Mediatek MT6763 Helio P23 (16 nm)',b'Octa-core (4x2.0 GHz Cortex-A53 & 4x1.5 GHz Cortex-A53)',b'Mali-G71 MP2',b'microSDXC',b'64GB 3GB RAM',"b'13 MP, f/2.9'","b'LED flash, panorama, HDR'",b'1080p@30fps',,b'720p@30fps',b'Yes',b'Yes',"b'Wi-Fi 802.11 a/b/g/n, Wi-Fi Direct, hotspot'","b'4.1, A2DP, LE'","b'Yes, with A-GPS'",b'No',b'FM radio',"b'microUSB 2.0, USB On-The-Go'","b'Fingerprint (rear-mounted), accelerometer, proximity'","b'Li-Po 4000 mAh, removable'",b'Charging 10W',"b'Black, Green'",,b'About 100 USD',,"b'13 MP, f/1.8, (wide), 1/3.06"", 1.12\xc2\xb5m, PDAF 8 MP, f/2.2, (ultrawide), 1/4.0"", 1.12\xc2\xb5m 2 MP, f/2.4, (depth)'",,,,,,,,,,,,,,,,,,,,
,,,,,,,,,,,,,,,,,,,,,,,,,,,,,,,,,,,,,,,,,,,,,,,,,,,,,,,,,,,,,,
b'blu',b'BLU Studio X9 HD',b'https://fdn2.gsmarena.com/vv/bigpic/blu-studio-x9-hd.jpg',b'GSM / HSPA',b'GSM 850 / 900 / 1800 / 1900 - SIM 1 & SIM 2',b'HSDPA 850 / 900 / 1900 / 2100',,b'HSPA 21.1/5.76 Mbps',"b'2020, March 25'","b'Available. Released 2020, March 25'",b'143 x 73 x 10.1 mm (5.63 x 2.87 x 0.40 in)',b'144 g (5.08 oz)',"b'Dual SIM (Nano-SIM, dual stand-by)'",b'IPS LCD',"b'5.0 inches, 68.9 cm2 (~66.0% screen-to-body ratio)'","b'720 x 1280 pixels, 16:9 ratio (~294 ppi density)'",b'Android 8.1 Oreo (Go edition)',b'Mediatek MT6580 (28 nm)',b'Quad-core 1.3 GHz Cortex-A7',b'Mali-400MP2',b'microSDXC',b'8GB 1GB RAM',b'8 MP',b'LED flash',b'1080p@30fps',b'5 MP',b'720p@30fps',b'Yes',b'Yes',"b'Wi-Fi 802.11 b/g/n, Wi-Fi Direct, hotspot'","b'4.0, A2DP'","b'Yes, with A-GPS'",b'No',b'FM radio',b'microUSB 2.0',b'Accelerometer',b'Li-Ion 2000 mAh battery',,"b'Black, White, Blue'",,b'About 50 USD',,,b'Up to 500 h (3G)',b'Up to 15 h (3G)',,,,,,,,,,,,,,,,,,
,,,,,,,,,,,,,,,,,,,,,,,,,,,,,,,,,,,,,,,,,,,,,,,,,,,,,,,,,,,,,,
b'blu',b'BLU J6',b'https://fdn2.gsmarena.com/vv/bigpic/blu-j6.jpg',b'GSM / HSPA',b'GSM 850 / 900 / 1800 / 1900 - SIM 1 & SIM 2',b'HSDPA 850 / 900 / 1900 / 2100',,b'HSPA 21.1/5.76 Mbps',"b'2019, December'","b'Available. Released 2019, December'",b'159.6 x 76.6 x 9.1 mm (6.28 x 3.02 x 0.36 in)',b'185 g (6.53 oz)',"b'Dual SIM (Nano-SIM, dual stand-by)'",b'IPS LCD',"b'6.0 inches, 92.9 cm2 (~76.0% screen-to-body ratio)'","b'720 x 1440 pixels, 18:9 ratio (~268 ppi density)'",b'Android 8.1 Oreo (Go edition)',b'Mediatek MT6580 (28 nm)',b'Quad-core 1.3 GHz Cortex-A7',b'Mali-400',b'microSDXC',b'32GB 1GB RAM',"b'8 MP, (wide), 1/5.0"", 1.12\xc2\xb5m, AF'",b'LED flash',b'720p@30fps',b'8 MP',b'720p@30fps',b'Yes',b'Yes',"b'Wi-Fi 802.11 b/g/n, Wi-Fi Direct, hotspot'","b'4.1, A2DP, LE'","b'Yes, with A-GPS'",b'No',b'FM radio',b'microUSB 2.0',"b'Fingerprint (rear-mounted), accelerometer, proximity'","b'Li-Po 2800 mAh, removable'",,"b'Blue, Black, Brown'",,b'About 80 EUR',b'eMMC 5.1',,,,b'LED flash',,,,,,,,,,,,,,,,,
,,,,,,,,,,,,,,,,,,,,,,,,,,,,,,,,,,,,,,,,,,,,,,,,,,,,,,,,,,,,,,
b'blu',b'BLU J4',b'https://fdn2.gsmarena.com/vv/bigpic/blu-j4.jpg',b'GSM / HSPA',b'GSM 850 / 900 / 1800 / 1900 - SIM 1 & SIM 2',b'HSDPA 850 / 900 / 1900 / 2100',,b'HSPA 21.1/5.76 Mbps',"b'2019, October'","b'Available. Released 2019, October'",b'151 x 72.3 x 10 mm (5.94 x 2.85 x 0.39 in)',b'158 g (5.57 oz)',"b'Dual SIM (Nano-SIM, dual stand-by)'",b'IPS LCD',"b'5.5 inches, 78.1 cm2 (~71.5% screen-to-body ratio)'","b'720 x 1440 pixels, 18:9 ratio (~293 ppi density)'",b'Android 8.1 Oreo (Go edition)',,b'Quad-core 1.3 GHz Cortex-A7',b'Mali-400',b'microSDXC',b'32GB 1GB RAM',"b'8 MP, AF'",b'LED flash',b'720p@30fps',b'8 MP',b'720p@30fps',b'Yes',b'Yes',"b'Wi-Fi 802.11 b/g/n, Wi-Fi Direct, hotspot'","b'4.1, A2DP, LE'","b'Yes, with A-GPS'",b'No',b'FM radio',b'microUSB 2.0',b'Accelerometer',"b'Li-Po 2200 mAh, removable'",,"b'Blue, Black, Brown'",,b'About 70 EUR',b'eMMC 5.1',,,,,,,,,,,,,,,,,,,,,
,,,,,,,,,,,,,,,,,,,,,,,,,,,,,,,,,,,,,,,,,,,,,,,,,,,,,,,,,,,,,,
b'blu',b'BLU J2',b'https://fdn2.gsmarena.com/vv/bigpic/blu-j2.jpg',b'GSM / HSPA',b'GSM 850 / 900 / 1800 / 1900 - SIM 1 & SIM 2',b'HSDPA 850 / 1900 / 2100',,b'HSPA 21.1/5.76 Mbps',"b'2019, December'","b'Available. Released 2019, December'",b'144 x 73.1 x 10.3 mm (5.67 x 2.88 x 0.41 in)',b'146 g (5.15 oz)',"b'Dual SIM (Nano-SIM, dual stand-by)'",b'IPS LCD',"b'5.0 inches, 68.9 cm2 (~65.4% screen-to-body ratio)'","b'480 x 854 pixels, 16:9 ratio (~196 ppi density)'",b'Android 8.1 Oreo (Go edition)',,b'Quad-core 1.3 GHz Cortex-A7',b'Mali-400',b'microSDXC',b'32GB 1GB RAM',b'5 MP',b'LED flash',b'720p@30fps',b'5 MP',b'720p@30fps',b'Yes',b'Yes',"b'Wi-Fi 802.11 b/g/n, Wi-Fi Direct, hotspot'","b'4.1, A2DP, LE'","b'Yes, with A-GPS'",b'No',b'FM radio',b'microUSB 2.0',b'Accelerometer',b'Li-Po 2000 mAh battery',,"b'Blue, Black, Brown'",,b'About 50 EUR',b'eMMC 5.1',,,,,,,,,,,,,,,,,,,,,
,,,,,,,,,,,,,,,,,,,,,,,,,,,,,,,,,,,,,,,,,,,,,,,,,,,,,,,,,,,,,,
b'blu',b'BLU Tank Xtreme',b'https://fdn2.gsmarena.com/vv/bigpic/blu-tank-xtreme.jpg',b'GSM / HSPA / LTE',b'GSM 850 / 900 / 1800 / 1900 - SIM 1 & SIM 2',b'HSDPA 850 / 900 / 1700(AWS) / 1900 / 2100',"b'1, 2, 3, 4, 5, 7, 12, 17, 28'","b'HSPA 42.2/11.5 Mbps, LTE Cat4 150/50 Mbps'","b'2020, January'","b'Available. Released 2020, January'",b'153.6 x 71.8 x 10.2 mm (6.05 x 2.83 x 0.40 in)',b'178 g (6.28 oz)',"b'Hybrid Dual SIM (Nano-SIM, dual stand-by)'",b'IPS LCD',"b'5.5 inches, 78.1 cm2 (~70.8% screen-to-body ratio)'","b'480 x 960 pixels, 18:9 ratio (~195 ppi density)'",b'Android 9.0 (Pie)',,b'Quad-core 1.3 GHz Cortex-A53',b'Mali-T720',b'microSDXC (uses shared SIM slot)',b'32GB 2GB RAM',b'8 MP',b'LED flash',b'1080p@30fps',,b'720p@30fps',b'Yes',b'Yes',"b'Wi-Fi 802.11 b/g/n, hotspot'","b'4.0, A2DP'","b'Yes, with A-GPS'",b'No',b'FM radio',b'microUSB 2.0',"b'Fingerprint (rear-mounted), accelerometer, proximity'","b'Li-Po 4200 mAh, non-removable'",,b'Black',"b'13 MP, AF 2 MP, (depth)'",b'About 130 USD',b'IP68 dust/water resistant (up to 1.5m for 30 mins)',,,,,,,,,,,,,,,,,,,,,
,,,,,,,,,,,,,,,,,,,,,,,,,,,,,,,,,,,,,,,,,,,,,,,,,,,,,,,,,,,,,,
b'blu',b'BLU G70',b'https://fdn2.gsmarena.com/vv/bigpic/blu-g70.jpg',b'GSM / HSPA / LTE',b'GSM 850 / 900 / 1800 / 1900 - SIM 1 & SIM 2',b'HSDPA 850 / 900 / 1700(AWS) / 1900 / 2100',"b'1, 2, 3, 4, 5, 7, 12, 17, 28'","b'HSPA 42.2/11.5 Mbps, LTE Cat4 150/50 Mbps'","b'2020, January'","b'Available. Released 2020, January'",b'156.8 x 75 x 8.6 mm (6.17 x 2.95 x 0.34 in)',b'182 g (6.42 oz)',"b'Dual SIM (Nano-SIM, dual stand-by)'",b'IPS LCD',"b'6.4 inches, 100.5 cm2 (~85.5% screen-to-body ratio)'","b'720 x 1560 pixels, 19.5:9 ratio (~268 ppi density)'",b'Android 9.0 (Pie)',,b'Octa-core 2.0 GHz Cortex-A53',b'Mali-G71',b'microSDXC (dedicated slot)',b'32GB 2GB RAM',b'8 MP',b'LED flash',b'1080p@30fps',,b'720p@30fps',b'Yes',b'Yes',"b'Wi-Fi 802.11 a/b/g/n, Wi-Fi Direct, hotspot'","b'4.0, A2DP'","b'Yes, with A-GPS'",b'No',b'FM radio',b'USB Type-C 2.0',"b'Fingerprint (rear-mounted), accelerometer, proximity'","b'Li-Po 4000 mAh, removable'",,"b'Black, Blue, Green'","b'13 MP, AF 2 MP, (depth)'",b'About 100 USD',,,,,,,,,,,,,,,,,,,,,,
,,,,,,,,,,,,,,,,,,,,,,,,,,,,,,,,,,,,,,,,,,,,,,,,,,,,,,,,,,,,,,
b'blu',b'BLU G60',b'https://fdn2.gsmarena.com/vv/bigpic/blu-g60.jpg',b'GSM / HSPA / LTE',b'GSM 850 / 900 / 1800 / 1900 - SIM 1 & SIM 2',b'HSDPA 850 / 900 / 1700(AWS) / 1900 / 2100',"b'1, 2, 3, 4, 5, 7, 12, 17, 28'","b'HSPA 42.2/11.5 Mbps, LTE Cat4 150/50 Mbps'","b'2020, January'","b'Available. Released 2020, January'",b'156.5 x 73.6 x 9.5 mm (6.16 x 2.90 x 0.37 in)',b'170 g (6.00 oz)',"b'Dual SIM (Nano-SIM, dual stand-by)'",b'IPS LCD',"b'6.1 inches, 92.9 cm2 (~80.6% screen-to-body ratio)'","b'720 x 1520 pixels, 19:9 ratio (~276 ppi density)'",b'Android 9.0 (Pie)',,b'Octa-core 1.6 GHz Cortex-A55',b'IMG8322',b'microSDXC (dedicated slot)',b'64GB 3GB RAM',b'13 MP',b'LED flash',b'1080p@30fps',,b'720p@30fps',b'Yes',b'Yes',"b'Wi-Fi 802.11 b/g/n, Wi-Fi Direct, hotspot'","b'4.1, A2DP, LE'","b'Yes, with A-GPS'",b'No',b'FM radio',b'microUSB 2.0',"b'Fingerprint (rear-mounted), accelerometer, proximity'","b'Li-Po 4000 mAh, removable'",,"b'Black, Blue, Red'","b'13 MP, AF 2 MP, (depth)'",b'About 100 USD',,,,,,,,,,,,,,,,,,,,,,
,,,,,,,,,,,,,,,,,,,,,,,,,,,,,,,,,,,,,,,,,,,,,,,,,,,,,,,,,,,,,,
b'blu',b'BLU View 1',b'https://fdn2.gsmarena.com/vv/bigpic/blu-view1.jpg',b'GSM / HSPA / LTE',b'GSM 850 / 900 / 1800 / 1900 - SIM 1 & SIM 2',b'HSDPA 850 / 1700(AWS) / 1900',"b'2, 4, 5, 12, 13, 66, 71'","b'HSPA 42.2/5.76 Mbps, LTE Cat4 150/50 Mbps'","b'2019, November'","b'Available. Released 2019, November'",b'142.2 x 71.1 x 10.1 mm (5.60 x 2.80 x 0.40 in)',b'153 g (5.40 oz)',"b'Dual SIM (Nano-SIM, dual stand-by)'",b'IPS LCD',"b'5.5 inches, 78.1 cm2 (~77.2% screen-to-body ratio)'","b'480 x 960 pixels, 18:9 ratio (~195 ppi density)'",b'Android 9.0 (Pie)',b'Mediatek MT6739 (28 nm)',b'Quad-core 1.5 GHz Cortex-A53',b'PowerVR GE8100',b'microSDXC',b'16GB 2GB RAM',b'8 MP',b'LED flash',b'1080p@30fps',b'5 MP',b'720p@30fps',b'Yes',b'Yes',"b'Wi-Fi 802.11 b/g/n, Wi-Fi Direct, hotspot'","b'4.1, A2DP, LE'","b'Yes, with A-GPS'",b'No',b'FM radio',b'microUSB 2.0',"b'Accelerometer, proximity'","b'Li-Po 2500 mAh, removable'",,b'Black',,,b'eMMC 5.1',,,,,,,,,,,,,,,,,,,,,
,,,,,,,,,,,,,,,,,,,,,,,,,,,,,,,,,,,,,,,,,,,,,,,,,,,,,,,,,,,,,,
b'blu',b'BLU C5 Plus',b'https://fdn2.gsmarena.com/vv/bigpic/blu-c5-plus.jpg',b'GSM / HSPA',b'GSM 850 / 900 / 1800 / 1900 - SIM 1 & SIM 2',b'HSDPA 850 / 900 / 1900 / 2100',,b'HSPA 21.1/5.76 Mbps',"b'2019, October'","b'Available. Released 2019, October'",b'151 x 72.3 x 10 mm (5.94 x 2.85 x 0.39 in)',b'158 g (5.57 oz)',"b'Dual SIM (Nano-SIM, dual stand-by)'",b'IPS LCD',"b'5.5 inches, 77.4 cm2 (~70.9% screen-to-body ratio)'",b'720 x 1440 pixels (~292 ppi density)',b'Android 8.1 Oreo (Go edition)',,b'Quad-core 1.3 GHz Cortex-A7',b'Mali-400',b'microSDXC',b'16GB 1GB RAM',"b'8 MP, AF'",b'LED flash',b'720p@30fps',b'8 MP',b'720p@30fps',b'Yes',b'Yes',"b'Wi-Fi 802.11 b/g/n, Wi-Fi Direct, hotspot'","b'4.1, A2DP'","b'Yes, with A-GPS'",b'No',b'FM radio',b'microUSB 2.0',b'Accelerometer',b'Li-Po 2200 mAh battery',,"b'Gradient Blue, Black, Red'",,b'About 60 USD',,,,,,,,,,,,,,,,,,,,,,
,,,,,,,,,,,,,,,,,,,,,,,,,,,,,,,,,,,,,,,,,,,,,,,,,,,,,,,,,,,,,,
b'blu',b'BLU C5 2019',b'https://fdn2.gsmarena.com/vv/bigpic/blu-c5-2019.jpg',b'GSM / HSPA',b'GSM 850 / 900 / 1800 / 1900 - SIM 1 & SIM 2',b'HSDPA 850 / 1900 / 2100 - C110L',,b'HSPA 21.1/5.76 Mbps',"b'2019, October'","b'Available. Released 2019, October'",b'144 x 73.1 x 10.3 mm (5.67 x 2.88 x 0.41 in)',b'146 g (5.15 oz)',"b'Dual SIM (Nano-SIM, dual stand-by)'",b'IPS LCD',"b'5.0 inches, 68.9 cm2 (~65.4% screen-to-body ratio)'","b'480 x 854 pixels, 16:9 ratio (~196 ppi density)'",b'Android 8.1 Oreo (Go edition)',,b'Quad-core 1.3 GHz Cortex-A7',b'Mali-400',b'microSDXC',b'16GB 1GB RAM',b'5 MP',b'LED flash',b'720p@30fps',b'5 MP',b'720p@30fps',b'Yes',b'Yes',"b'Wi-Fi 802.11 b/g/n, Wi-Fi Direct, hotspot'","b'4.1, A2DP'","b'Yes, with A-GPS'",b'No',b'FM radio',b'microUSB 2.0',b'Accelerometer',b'Li-Po 2000 mAh battery',,"b'Gradient Blue, Black, Red, Grey'",,b'About 50 USD',b'HSDPA 900 / 1900 / 2100 - C110V',,,,,,,,,,,,,,,,,,,,,
,,,,,,,,,,,,,,,,,,,,,,,,,,,,,,,,,,,,,,,,,,,,,,,,,,,,,,,,,,,,,,
b'blu',b'BLU C6 2019',b'https://fdn2.gsmarena.com/vv/bigpic/blu-c6-2019-2.jpg',b'GSM / HSPA',b'GSM 850 / 900 / 1800 / 1900 - SIM 1 & SIM 2',b'HSDPA 850 / 1700(AWS) / 1900 / 900',,b'HSPA 21.1/5.76 Mbps',"b'2019, October'","b'Available. Released 2019, October'",b'159.6 x 76.6 x 9.1 mm (6.28 x 3.02 x 0.36 in)',b'185 g (6.53 oz)',"b'Dual SIM (Nano-SIM, dual stand-by)'",b'IPS LCD',"b'6.0 inches, 92.9 cm2 (~76.0% screen-to-body ratio)'","b'720 x 1440 pixels, 18:9 ratio (~268 ppi density)'",b'Android 8.1 Oreo (Go edition)',b'Mediatek MT6580 (28 nm)',b'Quad-core 1.3 GHz Cortex-A7',b'Mali-400',b'microSDXC',b'16GB 1GB RAM',"b'8 MP, 1/5.0"", 1.12\xc2\xb5m, AF'",b'LED flash',b'720p@30fps',b'8 MP',b'720p@30fps',b'Yes',b'Yes',"b'Wi-Fi 802.11 b/g/n, Wi-Fi Direct, hotspot'","b'4.1, A2DP'","b'Yes, with A-GPS'",b'No',b'FM radio',b'microUSB 2.0',"b'Fingerprint (rear-mounted), accelerometer, proximity'",b'Li-Po 2800 mAh battery',,"b'Gradient Blue, Black, Red'",,b'About 70 USD',,,b'Up to 675 h (2G) / Up to 575 h (3G)',b'Up to 22 h (2G) / Up to 18 h (3G)',b'LED flash',,,,,,,,,,,,,,,,,
,,,,,,,,,,,,,,,,,,,,,,,,,,,,,,,,,,,,,,,,,,,,,,,,,,,,,,,,,,,,,,
b'blu',b'BLU Advance L5',b'https://fdn2.gsmarena.com/vv/bigpic/blu-advance-l5.jpg',b'GSM / HSPA',b'GSM 850 / 900 / 1800 / 1900 - SIM 1 & SIM 2',b'HSDPA 850 / 1700(AWS) / 1900 - A390U',,b'HSPA 21.1/5.76 Mbps',"b'2019, September'","b'Available. Released 2019, September'",b'124.8 x 65.2 x 10.4 mm (4.91 x 2.57 x 0.41 in)',b'104 g (3.67 oz)',"b'Dual SIM (Micro-SIM, dual stand-by)'",b'IPS LCD',"b'4.0 inches, 45.5 cm2 (~56.0% screen-to-body ratio)'","b'480 x 800 pixels, 5:3 ratio (~233 ppi density)'",b'Android 8.1 Oreo (Go edition)',,b'Quad-core 1.3 GHz Cortex-A7',,b'microSDXC',b'16GB 512MB RAM',b'5 MP',b'LED flash',b'720p@30fps',b'2 MP',b'',b'Yes',b'Yes',"b'Wi-Fi 802.11 b/g/n, Wi-Fi Direct, hotspot'","b'4.1, A2DP'","b'Yes, with A-GPS'",b'No',b'FM radio',b'microUSB 2.0',b'Accelerometer',"b'Li-Po 1300 mAh, removable'",,"b'Black, Cyan, Lime, Red'",,b'About 50 USD',b'HSDPA 850 / 1900 / 2100 - A390L',,b'Up to 400 h (2G) / Up to 450 h (3G)',b'Up to 18 h (2G) / Up to 13 h (3G)',,,,,,,,,,,,,,,,,,
,,,,,,,,,,,,,,,,,,,,,,,,,,,,,,,,,,,,,,,,,,,,,,,,,,,,,,,,,,,,,,
b'blu',b'BLU Bold N1',b'https://fdn2.gsmarena.com/vv/bigpic/blu-bold-n1.jpg',b'GSM / HSPA / LTE',b'GSM 850 / 900 / 1800 / 1900 - SIM 1 & SIM 2',b'HSDPA 850 / 900 / 1700(AWS) / 1900 / 2100',"b'1, 2, 3, 4, 5, 7, 8, 12, 13, 17, 28'","b'HSPA 42.2/5.76 Mbps, LTE-A (2CA) Cat6 300/50 Mbps'","b'2019, September'","b'Available. Released 2019, September'",b'158.7 x 74.1 x 8.6 mm (6.25 x 2.92 x 0.34 in)',b'182 g (6.42 oz)',"b'Dual SIM (Nano-SIM, dual stand-by)'",b'AMOLED',"b'6.4 inches, 100.5 cm2 (~85.5% screen-to-body ratio)'","b'1080 x 2340 pixels, 19.5:9 ratio (~403 ppi density)'","b'Android 9.0 (Pie), planned upgrade to Android 10'",b'Mediatek MT6771V Helio P70 (12nm)',b'Octa-core (4x2.1 GHz Cortex-A73 & 4x2.1 GHz Cortex-A53)',b'Mali-G72 MP3',b'microSDXC (dedicated slot)',b'128GB 4GB RAM',"b'Motorized pop-up 13 MP, f/2.0, 1/4""'","b'LED flash, HDR, panorama'",b'1080p@30fps',,b'1080p@30fps',b'Yes',b'Yes',"b'Wi-Fi 802.11 a/b/g/n, Wi-Fi Direct, hotspot'","b'4.1, A2DP, LE'","b'Yes, with A-GPS'",b'No',b'FM radio',"b'USB Type-C 2.0, USB On-The-Go'","b'Fingerprint (under display, optical), accelerometer, gyro, proximity, compass'","b'Li-Po 3500 mAh, non-removable'",b'Fast charging 18W Fast Qi wireless charging 10W',b'Raven Black',"b'16 MP, f/1.8, 1/2.8"", PDAF 5 MP, f/2.4, (depth)'",b'About 200 USD',b'eMMC 5.1',,b'Up to 600 h (3G)',b'Up to 20 h (3G)',,b'Corning Gorilla Glass 5',,,,,,,,,,,,,,,,
,,,,,,,,,,,,,,,,,,,,,,,,,,,,,,,,,,,,,,,,,,,,,,,,,,,,,,,,,,,,,,
b'blu',b'BLU Studio Mini',b'https://fdn2.gsmarena.com/vv/bigpic/blu-studio-mini.jpg',b'GSM / HSPA / LTE',b'GSM 850 / 900 / 1800 / 1900 - SIM 1 & SIM 2',b'HSDPA 850 / 1700(AWS) / 1900',"b'2, 4, 5, 12, 17'","b'HSPA 42.2/11.5 Mbps, LTE Cat4 150/50 Mbps'","b'2019, September'","b'Available. Released 2019, September'",b'150.5 x 71.5 x 10.4 mm (5.93 x 2.81 x 0.41 in)',b'187 g (6.60 oz)',"b'Dual SIM (Nano-SIM, dual stand-by)'",b'IPS LCD',"b'5.5 inches, 78.1 cm2 (~72.5% screen-to-body ratio)'","b'720 x 1440 pixels, 18:9 ratio (~293 ppi density)'",b'Android 9.0 (Pie)',,b'Octa-core 1.6 GHz Cortex-A55',b'IMG8322',b'microSDXC',b'32GB 2GB RAM',"b'13 MP, AF'",b'LED flash',b'1080p@30fps',b'8 MP',b'1080p@30fps',b'Yes',b'Yes',"b'Wi-Fi 802.11 b/g/n, Wi-Fi Direct, hotspot'","b'4.1, A2DP'","b'Yes, with A-GPS'",b'No',b'FM radio',b'microUSB 2.0',"b'Accelerometer, proximity'","b'Li-Po 3000 mAh, removable'",,b'Black',,b'About 80 USD',,,b'Up to 600 h (2G) / Up to 550 h (3G)',b'Up to 21 h (2G) / Up to 16 h (3G)',b'LED flash',,,,,,,,,,,,,,,,,
,,,,,,,,,,,,,,,,,,,,,,,,,,,,,,,,,,,,,,,,,,,,,,,,,,,,,,,,,,,,,,
b'blu',b'BLU Vivo XL5',b'https://fdn2.gsmarena.com/vv/bigpic/vivo-xl5-.jpg',b'GSM / HSPA / LTE',b'GSM 850 / 900 / 1800 / 1900 - SIM 1 & SIM 2',b'HSDPA 850 / 1700(AWS) / 1900',"b'2, 4, 5, 12, 17'","b'HSPA 42.2/11.5 Mbps, LTE Cat4 150/50 Mbps'","b'2019, July'","b'Available. Released 2019, July'",b'161.4 x 78 x 9.6 mm (6.35 x 3.07 x 0.38 in)',b'181 g (6.38 oz)',"b'Dual SIM (Nano-SIM, dual stand-by)'",b'IPS LCD',"b'6.3 inches, 99.1 cm2 (~78.7% screen-to-body ratio)'","b'720 x 1520 pixels, 19:9 ratio (~267 ppi density)'",b'Android 9.0 (Pie)',,b'Octa-core 1.6 GHz Cortex-A55',b'IMG8322',b'microSDXC',b'64GB 3GB RAM',b'13 MP',b'LED flash',b'1080p@30fps',,b'1080p@30fps',b'Yes',b'Yes',"b'Wi-Fi 802.11 b/g/n, Wi-Fi Direct, hotspot'","b'4.1, A2DP'","b'Yes, with A-GPS'",b'No',b'FM radio',b'microUSB 2.0',"b'Fingerprint (rear-mounted), accelerometer, proximity'","b'Li-Po 4000 mAh, non-removable'",,b'Black',"b'13 MP, AF 2 MP, (depth)'",,,,b'Up to 750 h (2G) / Up to 650 h (3G)',b'Up to 30 h (2G) / Up to 24 h (3G)',b'LED flash',,,,,,,,,,,,,,,,,
,,,,,,,,,,,,,,,,,,,,,,,,,,,,,,,,,,,,,,,,,,,,,,,,,,,,,,,,,,,,,,
b'blu',b'BLU Vivo X5',b'https://fdn2.gsmarena.com/vv/bigpic/vivo-x5.jpg',b'GSM / HSPA / LTE',b'GSM 850 / 900 / 1800 / 1900 - SIM 1 & SIM 2',b'HSDPA 850 / 1700(AWS) / 1900',"b'2, 4, 5, 12, 17'","b'HSPA 42.2/11.5 Mbps, LTE Cat4 150/50 Mbps'","b'2019, September'","b'Available. Released 2019, September'",b'153 x 73.4 x 9.1 mm (6.02 x 2.89 x 0.36 in)',b'160 g (5.64 oz)',"b'Dual SIM (Nano-SIM, dual stand-by)'",b'IPS LCD',"b'5.7 inches, 83.8 cm2 (~74.7% screen-to-body ratio)'","b'720 x 1440 pixels, 18:9 ratio (~282 ppi density)'",b'Android 9.0 (Pie)',,b'Octa-core 1.6 GHz Cortex-A55',b'IMG8322',b'microSDXC',b'64GB 3GB RAM',"b'13 MP, AF'",b'LED flash',b'1080p@30fps',b'8 MP',b'1080p@30fps',b'Yes',b'Yes',"b'Wi-Fi 802.11 b/g/n, Wi-Fi Direct, hotspot'","b'4.1, A2DP'","b'Yes, with A-GPS'",b'No',b'FM radio',b'microUSB 2.0',"b'Fingerprint (rear-mounted), accelerometer, proximity'","b'Li-Po 2800 mAh, removable'",,b'Black',,,,,b'Up to 550 h (2G) / Up to 500 h (3G)',b'Up to 20 h (2G) / Up to 15 h (3G)',b'LED flash',,,,,,,,,,,,,,,,,
,,,,,,,,,,,,,,,,,,,,,,,,,,,,,,,,,,,,,,,,,,,,,,,,,,,,,,,,,,,,,,
b'blu',b'BLU G9 Pro',b'https://fdn2.gsmarena.com/vv/bigpic/blu-g9-pro-.jpg',b'GSM / HSPA / LTE',b'GSM 850 / 900 / 1800 / 1900 - SIM 1 & SIM 2',b'HSDPA 850 / 900 / 1700(AWS) / 1900 / 2100',"b'1, 2, 3, 4, 5, 7, 8, 12, 13, 17, 28'","b'HSPA 42.2/5.76 Mbps, LTE-A (2CA) Cat6 300/50 Mbps'","b'2019, August'","b'Available. Released 2019, August'",b'157 x 75.1 x 8.6 mm (6.18 x 2.96 x 0.34 in)',b'183 g (6.46 oz)',"b'Dual SIM (Nano-SIM, dual stand-by)'",b'IPS LCD',"b'6.3 inches, 97.4 cm2 (~82.6% screen-to-body ratio)'","b'1080 x 2340 pixels, 19.5:9 ratio (~409 ppi density)'","b'Android 9.0 (Pie), planned upgrade to Android 10'",b'Mediatek MT6771 Helio P60 (12 nm)',b'Octa-core (4x2.0 GHz Cortex-A73 & 4x2.0 GHz Cortex-A53)',b'Mali-G72 MP3',b'microSDXC',b'128GB 4GB RAM',"b'16 MP, f/2.0'","b'LED flash, HDR, panorama'",b'1080p@30fps',,b'1080p@30fps',b'Yes',b'Yes',"b'Wi-Fi 802.11 a/b/g/n, Wi-Fi Direct, hotspot'","b'4.1, A2DP, LE'","b'Yes, with A-GPS'",b'No',b'FM radio',"b'USB Type-C 2.0, USB On-The-Go'","b'Fingerprint (rear-mounted), accelerometer, gyro, proximity, compass'","b'Li-Po 4000 mAh, non-removable'",b'Fast charging 18W Fast Qi wireless charging 10W',"b'Nightfall, Black'",,,b'eMMC 5.1',"b'48 MP, f/1.8, 1/2.0"", 0.8\xc2\xb5m, PDAF 8 MP, f/2.2, (ultrawide) 2 MP, f/2.4, (depth)'",b'Up to 625 h (3G)',b'Up to 21 h (3G)',,,,,,,,,,,,,,,,,,
,,,,,,,,,,,,,,,,,,,,,,,,,,,,,,,,,,,,,,,,,,,,,,,,,,,,,,,,,,,,,,
b'blu',b'BLU Studio Mega 2019',b'https://fdn2.gsmarena.com/vv/bigpic/blu-studio-mega-2019.jpg',b'GSM / HSPA / LTE',b'GSM 850 / 900 / 1800 / 1900 - SIM 1 & SIM 2',b'HSDPA 850 / 1700(AWS) / 1900',"b'2, 4, 5, 12, 17'","b'HSPA 42.2/11.5 Mbps, LTE Cat4 150/50 Mbps'","b'2019, September'","b'Available. Released 2019, September'",b'161.4 x 78 x 9.6 mm (6.35 x 3.07 x 0.38 in)',b'181 g (6.38 oz)',"b'Dual SIM (Nano-SIM, dual stand-by)'",b'IPS LCD',"b'6.0 inches, 92.9 cm2 (~73.8% screen-to-body ratio)'","b'720 x 1440 pixels, 18:9 ratio (~268 ppi density)'",b'Android 9.0 (Pie)',,b'Octa-core 1.6 GHz Cortex-A55',b'IMG8322',b'microSDXC',b'32GB 2GB RAM',"b'13 MP, AF'",b'LED flash',b'1080p@30fps',b'8 MP',b'1080p@30fps',b'Yes',b'Yes',"b'Wi-Fi 802.11 b/g/n, Wi-Fi Direct, hotspot'","b'4.1, A2DP'","b'Yes, with A-GPS'",b'No',b'FM radio',b'microUSB 2.0',"b'Accelerometer, proximity'","b'Li-Po 3000 mAh, removable'",,b'Black',,b'About 90 USD',,,b'Up to 575 h (2G) / Up to 525 h (3G)',b'Up to 20 h (2G) / Up to 15 h (3G)',b'LED flash',,,,,,,,,,,,,,,,,
,,,,,,,,,,,,,,,,,,,,,,,,,,,,,,,,,,,,,,,,,,,,,,,,,,,,,,,,,,,,,,
b'blu',b'BLU G8',b'https://fdn2.gsmarena.com/vv/bigpic/bly-g8.jpg',b'GSM / HSPA / LTE',b'GSM 850 / 900 / 1800 / 1900 - SIM 1 & SIM 2',b'HSDPA 850 / 1700(AWS) / 1900 - G0170UU',"b'1, 3, 4, 5, 7, 28 - G0170LL, G0170VV'","b'HSPA 42.2/11.5 Mbps, LTE Cat4 150/50 Mbps'","b'2019, July'","b'Available. Released 2019, July'",b'161.4 x 78 x 9.6 mm (6.35 x 3.07 x 0.38 in)',b'181 g (6.38 oz)',"b'Dual SIM (Nano-SIM, dual stand-by)'",b'IPS LCD',"b'6.3 inches, 99.1 cm2 (~78.7% screen-to-body ratio)'","b'720 x 1520 pixels, 19:9 ratio (~267 ppi density)'",b'Android 9.0 (Pie)',,b'Octa-core 1.6 GHz Cortex-A55',b'IMG8322',b'microSDXC',b'64GB 3GB RAM',b'13 MP',b'LED flash',b'1080p@30fps',,b'1080p@30fps',b'Yes',b'Yes',"b'Wi-Fi 802.11 b/g/n, Wi-Fi Direct, hotspot'","b'4.1, A2DP'","b'Yes, with A-GPS'",b'No',b'FM radio',b'microUSB 2.0',"b'Fingerprint (rear-mounted), accelerometer, proximity'","b'Li-Po 4000 mAh, non-removable'",,"b'Black, Red, Blue'","b'13 MP, AF 2 MP, (depth)'",,b'HSDPA 850 / 1900 / 2100 - G0170LL',,b'Up to 750 h (2G) / Up to 650 h (3G)',b'Up to 30 h (2G) / Up to 24 h (3G)',,,b'HSDPA 900 / 1900 / 2100 - G0170VV',"b'2, 4, 5, 12, 17 - G0170UU'",,,,,,,,,,,,,,
,,,,,,,,,,,,,,,,,,,,,,,,,,,,,,,,,,,,,,,,,,,,,,,,,,,,,,,,,,,,,,
b'blu',b'BLU G6',b'https://fdn2.gsmarena.com/vv/bigpic/bly-g6.jpg',b'GSM / HSPA / LTE',b'GSM 850 / 900 / 1800 / 1900 - SIM 1 & SIM 2',b'HSDPA 850 / 1700(AWS) / 1900 - G0210UU',"b'1, 3, 4, 5, 7, 28 - G0210LL'","b'HSPA 42.2/11.5 Mbps, LTE Cat4 150/50 Mbps'","b'2019, July'","b'Available. Released 2019, July'",b'153 x 73.4 x 9.1 mm (6.02 x 2.89 x 0.36 in)',b'160 g (5.64 oz)',"b'Dual SIM (Nano-SIM, dual stand-by)'",b'IPS LCD',"b'5.7 inches, 83.8 cm2 (~74.7% screen-to-body ratio)'","b'720 x 1440 pixels, 18:9 ratio (~282 ppi density)'",b'Android 9.0 (Pie)',,b'Octa-core 1.6 GHz Cortex-A55',b'IMG8322',b'microSDXC',b'64GB 3GB RAM',"b'13 MP, AF'",b'LED flash',b'1080p@30fps',b'8 MP',b'1080p@30fps',b'Yes',b'Yes',"b'Wi-Fi 802.11 b/g/n, Wi-Fi Direct, hotspot'","b'4.1, A2DP'","b'Yes, with A-GPS'",b'No',b'FM radio',b'microUSB 2.0',"b'Fingerprint (rear-mounted), accelerometer, proximity'","b'Li-Po 2800 mAh, removable'",,"b'Black, Red'",,,b'HSDPA 850 / 1900 / 2100 - G0210LL',,b'Up to 550 h (2G) / Up to 500 h (3G)',b'Up to 20 h (2G) / Up to 15 h (3G)',b'LED flash',,"b'2, 4, 5, 12, 17 - G0210UU'",,,,,,,,,,,,,,,
,,,,,,,,,,,,,,,,,,,,,,,,,,,,,,,,,,,,,,,,,,,,,,,,,,,,,,,,,,,,,,
b'blu',b'BLU G5 Plus',b'https://fdn2.gsmarena.com/vv/bigpic/bly-g5p.jpg',b'GSM / HSPA / LTE',b'GSM 850 / 900 / 1800 / 1900 - SIM 1 & SIM 2',b'HSDPA 850 / 1700(AWS) / 1900 - G0190UU',"b'1, 3, 4, 5, 7, 28 - G0190LL, G0190VV'","b'HSPA 42.2/11.5 Mbps, LTE Cat4 150/50 Mbps'","b'2019, July'","b'Available. Released 2019, July'",b'161.4 x 78 x 9.6 mm (6.35 x 3.07 x 0.38 in)',b'181 g (6.38 oz)',"b'Dual SIM (Nano-SIM, dual stand-by)'",b'IPS LCD',"b'6.0 inches, 92.9 cm2 (~73.8% screen-to-body ratio)'","b'720 x 1440 pixels, 18:9 ratio (~268 ppi density)'",b'Android 9.0 (Pie)',,b'Octa-core 1.6 GHz Cortex-A55',b'IMG8322',b'microSDXC',b'32GB 2GB RAM',"b'13 MP, AF'",b'LED flash',b'1080p@30fps',b'8 MP',b'1080p@30fps',b'Yes',b'Yes',"b'Wi-Fi 802.11 b/g/n, Wi-Fi Direct, hotspot'","b'4.1, A2DP'","b'Yes, with A-GPS'",b'No',b'FM radio',b'microUSB 2.0',"b'Accelerometer, proximity'","b'Li-Po 3000 mAh, removable'",,"b'Black, Red, Twilight, Chameleon Blue'",,,b'HSDPA 850 / 1900 / 2100 - G0190LL',,b'Up to 575 h (2G) / Up to 525 h (3G)',b'Up to 20 h (2G) / Up to 15 h (3G)',b'LED flash',,b'HSDPA 900 / 1900 / 2100 - G0190VV',"b'2, 4, 5, 12, 17 - G0190UU'",,,,,,,,,,,,,,
,,,,,,,,,,,,,,,,,,,,,,,,,,,,,,,,,,,,,,,,,,,,,,,,,,,,,,,,,,,,,,
b'blu',b'BLU G5',b'https://fdn2.gsmarena.com/vv/bigpic/bly-g5.jpg',b'GSM / HSPA / LTE',b'GSM 850 / 900 / 1800 / 1900 - SIM 1 & SIM 2',b'HSDPA 850 / 1700(AWS) / 1900 - G0090UU',"b'1, 3, 4, 5, 7, 28 - G0090LL, G0090VV'","b'HSPA 42.2/11.5 Mbps, LTE Cat4 150/50 Mbps'","b'2019, July'","b'Available. Released 2019, July'",b'150.5 x 71.5 x 10.4 mm (5.93 x 2.81 x 0.41 in)',b'187 g (6.60 oz)',"b'Dual SIM (Nano-SIM, dual stand-by)'",b'IPS LCD',"b'5.5 inches, 78.1 cm2 (~72.5% screen-to-body ratio)'","b'720 x 1440 pixels, 18:9 ratio (~293 ppi density)'",b'Android 9.0 (Pie)',,b'Octa-core 1.6 GHz Cortex-A55',b'IMG8322',b'microSDXC',b'32GB 2GB RAM',"b'13 MP, AF'",b'LED flash',b'1080p@30fps',b'8 MP',b'1080p@30fps',b'Yes',b'Yes',"b'Wi-Fi 802.11 b/g/n, Wi-Fi Direct, hotspot'","b'4.1, A2DP'","b'Yes, with A-GPS'",b'No',b'FM radio',b'microUSB 2.0',"b'Accelerometer, proximity'","b'Li-Po 3000 mAh, removable'",,"b'Black, Blue, Red, Twilight, Chameleon Blue'",,,b'HSDPA 850 / 1900 / 2100 - G0090LL',,b'Up to 600 h (2G) / Up to 550 h (3G)',b'Up to 21 h (2G) / Up to 16 h (3G)',b'LED flash',,b'HSDPA 900 / 1900 / 2100 - G0090VV',"b'2, 4, 5, 12, 17 - G0090UU'",,,,,,,,,,,,,,
,,,,,,,,,,,,,,,,,,,,,,,,,,,,,,,,,,,,,,,,,,,,,,,,,,,,,,,,,,,,,,
b'blu',b'BLU G9',b'https://fdn2.gsmarena.com/vv/bigpic/blu-g9.jpg',b'GSM / HSPA / LTE',b'GSM 850 / 900 / 1800 / 1900 - SIM 1 & SIM 2',b'HSDPA 850 / 1700(AWS) / 1900',"b'1, 2, 3, 4, 5, 7, 8, 12, 13, 17, 28'","b'HSPA 42.2/11.5 Mbps, LTE-A (2CA) Cat6 300/50 Mbps'","b'2019, May'","b'Available. Released 2019, May'",b'155.4 x 71.8 x 8 mm (6.12 x 2.83 x 0.31 in)',b'165 g (5.82 oz)',"b'Dual SIM (Micro-SIM/Nano-SIM, dual stand-by)'",b'IPS LCD',"b'6.3 inches, 99.1 cm2 (~88.8% screen-to-body ratio)'","b'720 x 1520 pixels, 19:9 ratio (~267 ppi density)'",b'Android 9.0 (Pie)',b'Mediatek MT6762 Helio P22 (12 nm)',b'Octa-core 2.0 GHz Cortex-A53',b'PowerVR GE8320',b'microSDXC',b'64GB 4GB RAM',"b'13 MP, f/2.0, 1/3""'",b'LED flash',b'1080p@30fps',,b'1080p@30fps',b'Yes',b'Yes',"b'Wi-Fi 802.11 a/b/g/n, Wi-Fi Direct, hotspot'","b'4.0, A2DP'","b'Yes, with A-GPS'",b'No',b'FM radio',b'USB Type-C 2.0',"b'Fingerprint (rear-mounted), accelerometer, gyro, proximity, compass'","b'Li-Po 4000 mAh, non-removable'",,"b'Black, Blue'","b'13 MP, f/2.0, 1/3"", PDAF 2 MP, (depth)'",b'About 180 USD',b'eMMC 5.1',,b'Up to 750 h (2G) / Up to 650 h (3G)',b'Up to 30 h (2G) / Up to 24 h (3G)',,,,,,,,,,,,,,,,,,
,,,,,,,,,,,,,,,,,,,,,,,,,,,,,,,,,,,,,,,,,,,,,,,,,,,,,,,,,,,,,,
b'blu',b'BLU C5L',b'https://fdn2.gsmarena.com/vv/bigpic/blu-c5l.jpg',b'GSM / HSPA / LTE',b'GSM 850 / 900 / 1800 / 1900 - SIM 1 & SIM 2',b'HSDPA 850 / 1700(AWS) / 1900 - C0050UU',"b'2, 4, 5, 7, 12, 17 - C0050UU'","b'HSPA 42.2/11.5 Mbps, LTE Cat4 150/50 Mbps'","b'2019, February'","b'Available. Released 2019, February'",b'144.3 x 72.5 x 10.3 mm (5.68 x 2.85 x 0.41 in)',b'153 g (5.40 oz)',"b'Dual SIM (Nano-SIM, dual stand-by)'",b'IPS LCD',"b'5.0 inches, 68.9 cm2 (~65.9% screen-to-body ratio)'","b'480 x 854 pixels, 16:9 ratio (~196 ppi density)'",b'Android 8.1 Oreo (Go edition)',,b'Quad-core 1.4 GHz Cortex-A53',b'Mali-400',b'microSDXC',b'8GB 1GB RAM',"b'5 MP, AF'",b'LED flash',b'1080p@30fps',b'2 MP',b'720p@30fps',b'Yes',b'Yes',"b'Wi-Fi 802.11 b/g/n, Wi-Fi Direct, hotspot'","b'4.0, A2DP'","b'Yes, with A-GPS'",b'No',b'FM radio',b'microUSB 2.0',b'Accelerometer',b'Li-Ion 2000 mAh battery',,"b'Black, Blue'",,b'About 70 USD',b'HSDPA 850 / 1900 / 2100 - C0050LL',,b'Up to 500 h (2G) / Up to 450 h (3G)',b'Up to 18 h (2G) / Up to 14 h (3G)',b'LED flash',,"b'1, 3, 4, 5, 7, 28 - C0050LL'",,,,,,,,,,,,,,,
,,,,,,,,,,,,,,,,,,,,,,,,,,,,,,,,,,,,,,,,,,,,,,,,,,,,,,,,,,,,,,
b'blu',b'BLU Studio X8 HD (2019)',b'https://fdn2.gsmarena.com/vv/bigpic/blu-studio-x8-hd-3g.jpg',b'GSM / HSPA',b'GSM 850 / 900 / 1800 / 1900 - SIM 1 & SIM 2',b'HSDPA 850 / 1700(AWS) / 1900 - S532U',,"b'Yes, 384 kbps'","b'2019, February'","b'Available. Released 2019, February'",b'145.5 x 74.5 x 9.8 mm (5.73 x 2.93 x 0.39 in)',b'143 g (5.04 oz)',"b'Dual SIM (Mini-SIM, dual stand-by)'",b'IPS LCD',"b'5.0 inches, 68.9 cm2 (~63.6% screen-to-body ratio)'","b'720 x 1280 pixels, 16:9 ratio (~294 ppi density)'",b'Android 8.1 Oreo (Go edition)',b'Mediatek MT6580 (28 nm)',b'Quad-core 1.3 GHz Cortex-A7',b'Mali-400MP2',b'microSDXC',b'8GB 1GB RAM',b'8 MP',b'LED flash',b'1080p@30fps',b'5 MP',b'720p@30fps',b'Yes',b'Yes',"b'Wi-Fi 802.11 b/g/n, Wi-Fi Direct, hotspot'","b'4.0, A2DP'","b'Yes, with A-GPS'",b'No',b'FM radio',b'microUSB 2.0',b'Accelerometer',b'Li-Ion 2000 mAh battery',,"b'Black, White'",,,b'HSDPA 850 / 1900 / 2100 - S532L',,b'Up to 500 h (3G)',b'Up to 15 h (3G)',,,b'HSDPA 900 / 1900 / 2100 - S532V',,,,,,,,,,,,,,,
,,,,,,,,,,,,,,,,,,,,,,,,,,,,,,,,,,,,,,,,,,,,,,,,,,,,,,,,,,,,,,
b'blu',b'BLU C6L',b'https://fdn2.gsmarena.com/vv/bigpic/blu-c6l.jpg',b'GSM / HSPA / LTE',b'GSM 850 / 900 / 1800 / 1900 - SIM 1 & SIM 2',b'HSDPA 850 / 1700(AWS) / 1900 / 2100 - C0030UU',"b'2, 4, 5, 7, 12, 17 - C0030UU'","b'HSPA 42.2/11.5 Mbps, LTE Cat4 150/50 Mbps'","b'2019, January'","b'Available. Released 2019, January'",b'154.4 x 78.6 x 10.4 mm (6.08 x 3.09 x 0.41 in)',b'203 g (7.16 oz)',"b'Dual SIM (Micro-SIM/Nano-SIM, dual stand-by)'",b'IPS LCD',"b'5.5 inches, 83.4 cm2 (~68.7% screen-to-body ratio)'","b'720 x 1280 pixels, 16:9 ratio (~267 ppi density)'",b'Android 8.1 Oreo (Go edition)',,b'Quad-core 1.4 GHz Cortex-A53',b'Mali-400',b'microSDXC',b'16GB 1GB RAM',"b'8 MP, AF'",b'LED flash',b'1080p@30fps',b'5 MP',b'720p@30fps',b'Yes',b'Yes',"b'Wi-Fi 802.11 b/g/n, Wi-Fi Direct, hotspot'","b'4.2, A2DP'","b'Yes, with A-GPS'",b'No',b'FM radio',b'microUSB 2.0',"b'Accelerometer, proximity'",b'Li-Ion 2500 mAh battery',,"b'Black, Gold, Blue'",,b'About 80 USD',b'HSDPA 850 / 900 / 1900 / 2100 - C0030LL',,b'Up to 600 h (2G) / Up to 550 h (3G)',b'Up to 21 h (2G) / Up to 16 h (3G)',b'LED flash',,"b'2, 3, 4, 5, 7, 28 - C0030LL'",,,,,,,,,,,,,,,
,,,,,,,,,,,,,,,,,,,,,,,,,,,,,,,,,,,,,,,,,,,,,,,,,,,,,,,,,,,,,,
b'blu',b'BLU Vivo One Plus (2019)',b'https://fdn2.gsmarena.com/vv/bigpic/blu-vivo-one-plus-2019.jpg',b'GSM / HSPA / LTE',b'GSM 850 / 900 / 1800 / 1900 - SIM 1 & SIM 2',b'HSDPA 850 / 900 / 1700(AWS) / 1900 / 2100',"b'1, 2, 3, 4, 5, 7, 12, 17, 28'","b'HSPA 42.2/11.5 Mbps, LTE Cat4 150/50 Mbps'","b'2019, January'","b'Available. Released 2019, January'",b'156.7 x 75.2 x 8.3 mm (6.17 x 2.96 x 0.33 in)',b'178 g (6.28 oz)',"b'Dual SIM (Nano-SIM, dual stand-by)'",b'IPS LCD',"b'6.2 inches, 96.7 cm2 (~82.1% screen-to-body ratio)'",b'720 x 1500 pixels (~268 ppi density)',b'Android 8.1 (Oreo)',b'Mediatek MT6739 (28 nm)',b'Quad-core 1.3 GHz Cortex-A53',b'PowerVR GE8100',b'microSDXC',b'16GB 2GB RAM',"b'8 MP, f/2.2, 1/5""'",b'LED flash',b'1080p@30fps',,b'',b'Yes',b'Yes',"b'Wi-Fi 802.11 b/g/n, Wi-Fi Direct, hotspot'","b'4.0, A2DP'","b'Yes, with A-GPS'",b'No',b'FM radio',b'microUSB 2.0',"b'Fingerprint (rear-mounted), accelerometer, proximity'","b'Li-Po 3000 mAh, non-removable'",,b'Silver',"b'13 MP, f/2.2, 1/4.0"" 2 MP, (depth)'",b'About 120 USD',b'eMMC 5.1',,b'Up to 600 h (2G) / Up to 550 h (3G)',b'Up to 21 h (2G) / Up to 16 h (3G)',b'LED flash',,,,,,,,,,,,,,,,,
,,,,,,,,,,,,,,,,,,,,,,,,,,,,,,,,,,,,,,,,,,,,,,,,,,,,,,,,,,,,,,
b'blu',b'BLU Vivo Go',b'https://fdn2.gsmarena.com/vv/bigpic/blu-vivo-go.jpg',b'GSM / HSPA / LTE',b'GSM 850 / 900 / 1800 / 1900 - SIM 1 & SIM 2',b'HSDPA 850 / 900 / 1700(AWS) / 1900 / 2100',"b'1, 2, 3, 4, 7, 12, 17, 28'","b'HSPA 42.2/11.5 Mbps, LTE Cat4 150/50 Mbps'","b'2018, December'","b'Available. Released 2018, December'",b'156.7 x 75.2 x 8.4 mm (6.17 x 2.96 x 0.33 in)',b'155 g (5.47 oz)',"b'Dual SIM (Nano-SIM, dual stand-by)'",b'IPS LCD',"b'6.0 inches, 92.9 cm2 (~78.8% screen-to-body ratio)'","b'720 x 1440 pixels, 18:9 ratio (~268 ppi density)'",b'Android 9.0 Pie (Go edition)',b'Mediatek MT6739 (28 nm)',b'Quad-core 1.5 GHz Cortex-A53',b'PowerVR GE8100',b'microSDXC',b'16GB 1GB RAM',b'5 MP',b'LED flash',b'1080p@30fps',,b'720p@30fps',b'Yes',b'Yes',"b'Wi-Fi 802.11 b/g/n, Wi-Fi Direct, hotspot'","b'4.1, A2DP'","b'Yes, with A-GPS'",b'No',b'FM radio',b'microUSB 2.0',"b'Fingerprint (rear-mounted), accelerometer, proximity'","b'Li-Po 2600 mAh, non-removable'",,b'Black',"b'8 MP, AF 0.3 MP, (depth)'",b'About 80 USD',b'eMMC 5.1',,b'Up to 600 h (2G) / Up to 550 h (3G)',b'Up to 21 h (2G) / Up to 16 h (3G)',b'LED flash',,,,,,,,,,,,,,,,,
,,,,,,,,,,,,,,,,,,,,,,,,,,,,,,,,,,,,,,,,,,,,,,,,,,,,,,,,,,,,,,
b'blu',b'BLU Vivo XL4',b'https://fdn2.gsmarena.com/vv/bigpic/blu-vivo-xl4.jpg',b'GSM / HSPA / LTE',b'GSM 850 / 900 / 1800 / 1900 - SIM 1 & SIM 2',b'HSDPA 850 / 900 / 1700(AWS) / 1900 / 2100',"b'1, 2, 3, 4, 5, 7, 8, 12, 17, 28, 66'","b'HSPA 42.2/11.5 Mbps, LTE-A (2CA) Cat6 300/50 Mbps'","b'2018, December'","b'Available. Released 2018, December'",b'157.2 x 76.2 x 8 mm (6.19 x 3.00 x 0.31 in)',b'178 g (6.28 oz)',"b'Dual SIM (Micro-SIM/Nano-SIM, dual stand-by)'",b'IPS LCD',"b'6.2 inches, 95.9 cm2 (~80.1% screen-to-body ratio)'","b'720 x 1520 pixels, 19:9 ratio (~271 ppi density)'",b'Android 8.1 (Oreo)',b'Mediatek MT6762 Helio P22 (12 nm)',b'Octa-core 2.0 GHz Cortex-A53',b'PowerVR GE8320',b'microSDXC',b'32GB 3GB RAM',"b'13 MP, f/2.2, 1/4""'",b'LED flash',b'1080p@30fps',,b'1080p@30fps',b'Yes',b'Yes',"b'Wi-Fi 802.11 \xd0\xb0/b/g/n, Wi-Fi Direct, hotspot'","b'4.0, A2DP'","b'Yes, with A-GPS'",b'No',b'FM radio',b'microUSB 2.0',"b'Fingerprint (rear-mounted), accelerometer, proximity, compass'","b'Li-Po 4000 mAh, non-removable'",,"b'Black, Gold'","b'13 MP, f/2.0, 1/3"", PDAF 2 MP, (depth)'",b'About 150 USD',b'eMMC 5.1',,b'Up to 750 h (2G) / Up to 650 h (3G)',b'Up to 30 h (2G) / Up to 24 h (3G)',b'LED flash',,,,,,,,,,,,,,,,,
,,,,,,,,,,,,,,,,,,,,,,,,,,,,,,,,,,,,,,,,,,,,,,,,,,,,,,,,,,,,,,
b'blu',b'BLU Studio Mega (2018)',b'https://fdn2.gsmarena.com/vv/bigpic/blu-studio-mega-2018-.jpg',b'GSM / HSPA',b'GSM 850 / 900 / 1800 / 1900 - SIM 1 & SIM 2',b'HSDPA 850 / 1700(AWS) / 1900 / 2100',,b'HSPA 21.1/5.76 Mbps',"b'2018, October'","b'Available. Released 2018, October'",b'156.7 x 75.2 x 8.4 mm (6.17 x 2.96 x 0.33 in)',b'155 g (5.47 oz)',"b'Dual SIM (Nano-SIM, dual stand-by)'",b'IPS LCD',"b'6.0 inches, 92.9 cm2 (~78.8% screen-to-body ratio)'","b'720 x 1440 pixels, 18:9 ratio (~268 ppi density)'",b'Android 8.1 Oreo (Go edition)',b'Mediatek MT6580 (28 nm)',b'Quad-core 1.3 GHz Cortex-A7',b'Mali-400MP2',b'microSDXC',b'16GB 1GB RAM',b'8 MP',b'LED flash',b'1080p@30fps',,b'',b'Yes',b'Yes',"b'Wi-Fi 802.11 b/g/n, Wi-Fi Direct, hotspot'","b'4.0, A2DP'","b'Yes, with A-GPS'",b'No',b'FM radio',b'microUSB 2.0',"b'Accelerometer, proximity'","b'Li-Po 2600 mAh, non-removable'",,"b'Black, Blue, Silver'","b'13 MP, AF 2 MP, (depth)'",b'About 100 USD',,,b'Up to 675 h (2G) / Up to 575 h (3G)',b'Up to 22 h (2G) / Up to 18 h (3G)',b'LED flash',,,,,,,,,,,,,,,,,
,,,,,,,,,,,,,,,,,,,,,,,,,,,,,,,,,,,,,,,,,,,,,,,,,,,,,,,,,,,,,,
b'blu',b'BLU Grand M2 (2018)',b'https://fdn2.gsmarena.com/vv/bigpic/blu-grand-m2.jpg',b'GSM / HSPA',b'GSM 850 / 900 / 1800 / 1900 - SIM 1 & SIM 2',b'HSDPA 850 / 1700(AWS) / 1900 / 2100 - G290Q',,b'HSPA 21.1/5.76 Mbps',"b'2018, October'","b'Available. Released 2018, October'",b'144.9 x 72.1 x 9.4 mm (5.70 x 2.84 x 0.37 in)',b'160 g (5.64 oz)',"b'Dual SIM (Nano-SIM, dual stand-by)'",b'IPS LCD',"b'5.2 inches, 74.5 cm2 (~71.4% screen-to-body ratio)'","b'720 x 1280 pixels, 16:9 ratio (~282 ppi density)'",b'Android 8.1 Oreo (Go edition)',b'Mediatek MT6580 (28 nm)',b'Quad-core 1.3 GHz Cortex-A7',b'Mali-400MP2',b'microSDXC',"b'8GB 1GB RAM, 16GB 1GB RAM'",b'8 MP',b'LED flash',b'1080p@30fps',b'5 MP',b'',b'Yes',b'Yes',"b'Wi-Fi 802.11 b/g/n, hotspot'","b'4.0, A2DP'","b'Yes, with A-GPS'",b'No',b'FM radio',b'microUSB 2.0',b'Accelerometer',"b'Li-Po 2600 mAh, non-removable'",,"b'Black, Blue, Gold'",,,b'HSDPA 850 / 900 / 1900 / 2100 - G290EQ',,b'Up to 725 h (2G) / Up to 625 h (3G)',b'Up to 22 h (2G) / Up to 16 h (3G)',b'LED flash',,,,,,,,,,,,,,,,,
,,,,,,,,,,,,,,,,,,,,,,,,,,,,,,,,,,,,,,,,,,,,,,,,,,,,,,,,,,,,,,
b'blu',b'BLU Advance L4',b'https://fdn2.gsmarena.com/vv/bigpic/blu-al4.jpg',b'GSM / HSPA',b'GSM 850 / 900 / 1800 / 1900 - SIM 1 & SIM 2',b'HSDPA 850 / 1900 - A350A',,b'HSPA 21.1/5.76 Mbps',"b'2018, September'","b'Available. Released 2018, September'",b'124.3 x 65.2 x 10.4 mm (4.89 x 2.57 x 0.41 in)',b'104 g (3.67 oz)',"b'Dual SIM (Micro-SIM, dual stand-by)'",b'IPS LCD',"b'4.0 inches, 45.5 cm2 (~56.2% screen-to-body ratio)'","b'480 x 800 pixels, 5:3 ratio (~233 ppi density)'",b'Android 8.1 Oreo (Go edition)',,b'Quad-core 1.3 GHz Cortex-A7',b'Mali-400',b'microSDXC',b'8GB 512MB RAM',b'5 MP',b'LED flash',b'720@30fps',b'2 MP',b'480p',b'Yes',b'Yes',"b'Wi-Fi 802.11 b/g/n, hotspot'",b'2.1',"b'Yes, with A-GPS'",b'No',b'FM radio',b'microUSB 2.0',b'Accelerometer',"b'Li-Po 1300 mAh, removable'",,"b'Black, Cyan, White, Teal'",,b'About 50 USD',b'HSDPA 850 / 2100 - A350I',,b'Up to 400 h (2G) / Up to 450 h (3G)',b'Up to 18 h (2G) / Up to 13 h (3G)',b'LED flash',,b'HSDPA 900 / 2100 - A350B',,,,,,,,,,,,,,,
,,,,,,,,,,,,,,,,,,,,,,,,,,,,,,,,,,,,,,,,,,,,,,,,,,,,,,,,,,,,,,
b'blu',b'BLU Vivo XI',b'https://fdn2.gsmarena.com/vv/bigpic/blu-vivo-xi.jpg',b'GSM / HSPA / LTE',b'GSM 850 / 900 / 1800 / 1900 - SIM 1 & SIM 2',b'HSDPA 850 / 900 / 1700(AWS) / 1900 / 2100',"b'1, 2, 3, 4, 5, 7, 8, 12, 13, 17, 28, 66'","b'HSPA 42.2/11.5 Mbps, LTE-A (2CA) Cat6 300/50 Mbps'","b'2018, September'","b'Available. Released 2018, September'",b'149 x 72.9 x 7.9 mm (5.87 x 2.87 x 0.31 in)',b'187 g (6.60 oz)',"b'Dual SIM (Micro-SIM/Nano-SIM, dual stand-by)'",b'IPS LCD',"b'5.9 inches, 86.9 cm2 (~80.0% screen-to-body ratio)'","b'720 x 1520 pixels, 19:9 ratio (~285 ppi density)'","b'Android 8.1 (Oreo), upgradable to Android 9.0 (Pie)'",b'Mediatek MT6762 Helio P22 (12 nm)',b'Octa-core 2.0 GHz Cortex-A53',b'PowerVR GE8320',b'microSDXC',b'32GB 3GB RAM',"b'16 MP, f/2.2, 26mm (wide), 1/3.06"", 1.0\xc2\xb5m'","b'LED flash, HDR'",b'1080p@30fps',,b'720p@30fps',b'Yes',b'Yes',"b'Wi-Fi 802.11 a/b/g/n, Wi-Fi Direct, hotspot'","b'4.1, A2DP, LE'","b'Yes, with A-GPS'",b'No',b'FM radio',b'microUSB 2.0',"b'Fingerprint (rear-mounted), accelerometer, gyro, proximity, compass'","b'Li-Po 3000 mAh, non-removable'",,"b'Black, Silver'","b'16 MP, f/2.0, 1/3"", 1.10\xc2\xb5m, PDAF 5 MP, f/2.4, (depth)'",b'About 200 USD',b'eMMC 5.1',,b'Up to 625 h (3G)',b'Up to 21 h (3G)',b'LED flash',,,,,,,,,,,,,,,,,
,,,,,,,,,,,,,,,,,,,,,,,,,,,,,,,,,,,,,,,,,,,,,,,,,,,,,,,,,,,,,,
b'blu',b'BLU Vivo XI+',b'https://fdn2.gsmarena.com/vv/bigpic/blu-vivo-xl-plus.jpg',b'GSM / HSPA / LTE',b'GSM 850 / 900 / 1800 / 1900 - SIM 1 & SIM 2',b'HSDPA 850 / 900 / 1700(AWS) / 1900 / 2100',"b'1, 2, 3, 4, 5, 7, 8, 12, 13, 17, 28, 66'","b'HSPA 42.2/11.5 Mbps, LTE-A (2CA) Cat6 300/50 Mbps'","b'2018, August'","b'Available. Released 2018, August'",b'155 x 75.5 x 7.8 mm (6.10 x 2.97 x 0.31 in)',b'199 g (7.02 oz)',"b'Dual SIM (Micro-SIM/Nano-SIM, dual stand-by)'",b'IPS LCD',"b'6.2 inches, 96.9 cm2 (~82.8% screen-to-body ratio)'","b'1080 x 2246 pixels, 18.7:9 ratio (~402 ppi density)'","b'Android 8.1 (Oreo), upgradable to Android 9.0 (Pie)'",b'Mediatek MT6771 Helio P60 (12 nm)',b'Octa-core (4x2.0 GHz Cortex-A73 & 4x2.0 GHz Cortex-A53)',b'Mali-G72 MP3',b'microSDXC',"b'64GB 4GB RAM, 128GB 6GB RAM'","b'16 MP, f/2.2, 26mm (wide), 1/3.06"", 1.0\xc2\xb5m'","b'LED flash, HDR'",b'1080p@30fps',,b'720p@30fps',b'Yes',b'No',"b'Wi-Fi 802.11 a/b/g/n, Wi-Fi Direct, hotspot'","b'4.1, A2DP, LE'","b'Yes, with A-GPS'",b'No',b'FM radio',b'USB Type-C 2.0',"b'Iris scanner, fingerprint (rear-mounted), accelerometer, gyro, proximity, compass'","b'Li-Po 3050 mAh, non-removable'",b'Qi wireless charging',"b'Black, Silver'","b'16 MP, f/2.0, 1/3"", 1.10\xc2\xb5m, PDAF 5 MP, f/2.4, (depth)'",b'About 330 USD',b'eMMC 5.1',,b'Up to 625 h (3G)',b'Up to 21 h (3G)',b'LED flash',b'Corning Gorilla Glass 3',,,b'XI',,,,,,,,,,,,,
,,,,,,,,,,,,,,,,,,,,,,,,,,,,,,,,,,,,,,,,,,,,,,,,,,,,,,,,,,,,,,
b'blu',b'BLU C5',b'https://fdn2.gsmarena.com/vv/bigpic/blu-c5.jpg',b'GSM / HSPA',b'GSM 850 / 900 / 1800 / 1900 - SIM 1 & SIM 2',b'HSDPA 850 / 1700(AWS) / 1900',,b'HSPA 21.1/5.76 Mbps',"b'2018, August'","b'Available. Released 2018, August'",b'144.3 x 72.5 x 10.3 mm (5.68 x 2.85 x 0.41 in)',b'145 g (5.11 oz)',b'Dual SIM (Micro-SIM)',b'IPS LCD',"b'5.0 inches, 68.9 cm2 (~65.9% screen-to-body ratio)'","b'480 x 854 pixels, 16:9 ratio (~196 ppi density)'",b'Android 8.1 Oreo (Go edition)',,b'Quad-core 1.3 GHz Cortex-A7',b'Mali-400',b'microSDXC',b'8GB 1GB RAM',b'5 MP',b'LED flash',b'720p@30fps',b'5 MP',b'',b'Yes',b'Yes',"b'Wi-Fi 802.11 b/g/n, hotspot'",b'2.1',"b'Yes, with A-GPS'",b'No',b'FM radio',b'microUSB 2.0',"b'Accelerometer, proximity'",b'Li-Po 2000 mAh battery',,"b'Black, Gold, Blue'",,b'About 60 USD',b'HSDPA 850 / 1900 / 2100',,b'Up to 550 h (2G) / Up to 500 h (3G)',b'Up to 20 h (2G) / Up to 15 h (3G)',b'LED flash',,,,b'C5',,,,,,,,,,,,,
,,,,,,,,,,,,,,,,,,,,,,,,,,,,,,,,,,,,,,,,,,,,,,,,,,,,,,,,,,,,,,
b'blu',b'BLU C4',b'https://fdn2.gsmarena.com/vv/bigpic/blu-c4.jpg',b'GSM / HSPA',b'GSM 850 / 900 / 1800 / 1900 - SIM 1 & SIM 2',b'HSDPA 850 / 1900',,b'HSPA 21.1/5.76 Mbps',"b'2018, August'","b'Available. Released 2018, August'",b'124.3 x 64.2 x 10.9 mm (4.89 x 2.53 x 0.43 in)',b'118 g (4.16 oz)',b'Dual SIM (Micro-SIM)',b'IPS LCD',"b'4.0 inches, 45.5 cm2 (~57.1% screen-to-body ratio)'","b'480 x 800 pixels, 5:3 ratio (~233 ppi density)'",b'Android 8.1 Oreo (Go edition)',,b'Quad-core 1.3 GHz',b'Mali-400',b'microSDXC',b'8GB 512MB RAM',b'5 MP',b'LED flash',b'720p@30fps',b'5 MP',b'',b'Yes',b'Yes',"b'Wi-Fi 802.11 b/g/n, hotspot'",b'2.1',"b'Yes, with A-GPS'",b'No',b'FM radio',b'microUSB 2.0',b'Accelerometer',b'Li-Po 1300 mAh battery',,"b'Black, Gold, Blue'",,b'About 50 USD',b'HSDPA 850 / 2100',,b'Up to 400 h (2G) / Up to 450 h (3G)',b'Up to 18 h (2G) / Up to 13 h (3G)',,,,,,,,,,,,,,,,,,
,,,,,,,,,,,,,,,,,,,,,,,,,,,,,,,,,,,,,,,,,,,,,,,,,,,,,,,,,,,,,,
b'blu',b'BLU Studio G4',b'https://fdn2.gsmarena.com/vv/bigpic/blu-studio-g4.jpg',b'GSM / HSPA',b'GSM 850 / 900 / 1800 / 1900 - SIM 1 & SIM 2',b'HSDPA 850 / 900 / 1700(AWS) / 1900 / 2100',,b'HSPA 21.1/5.76 Mbps',"b'2018, July'","b'Available. Released 2018, July'",b'141.5 x 73.5 x 8.5 mm (5.57 x 2.89 x 0.33 in)',b'126 g (4.44 oz)',"b'Dual SIM (Nano-SIM, dual stand-by)'",b'IPS LCD',"b'5.2 inches, 74.5 cm2 (~71.7% screen-to-body ratio)'","b'720 x 1280 pixels, 16:9 ratio (~282 ppi density)'",b'Android 8.1 Oreo (Go edition)',b'Mediatek MT6580 (28 nm)',b'Quad-core 1.3 GHz Cortex-A7',b'Mali-400',b'microSDXC',b'16GB 1GB RAM',"b'8 MP, 1/5.0"", 1.12\xc2\xb5m, AF'",b'LED flash',b'1080p@30fps',b'5 MP',b'',b'Yes',b'Yes',"b'Wi-Fi 802.11 b/g/n, hotspot'","b'4.0, A2DP'","b'Yes, with A-GPS'",b'No',b'FM radio',b'microUSB 2.0',"b'Accelerometer, proximity'","b'Li-Po 2000 mAh, removable'",,"b'Black, Gold, Blue'",,b'About 80 USD',,,b'Up to 575 h (2G) / Up to 500 h (3G)',b'Up to 24 h (2G) / Up to 15 h (3G)',b'LED flash',,,,,,,,,,,,,,,,,
,,,,,,,,,,,,,,,,,,,,,,,,,,,,,,,,,,,,,,,,,,,,,,,,,,,,,,,,,,,,,,
b'blu',b'BLU C6',b'https://fdn2.gsmarena.com/vv/bigpic/blu-c6.jpg',b'GSM / HSPA',b'GSM 850 / 900 / 1800 / 1900 - SIM 1 & SIM 2',b'HSDPA 850 / 900 / 1700(AWS) / 1900 / 2100',,b'HSPA 21.1/5.76 Mbps',"b'2018, June'","b'Available. Released 2018, June'",b'152.2 x 77.6 x 9.4 mm (5.99 x 3.06 x 0.37 in)',b'167 g (5.89 oz)',"b'Dual SIM (Nano-SIM, dual stand-by)'",b'IPS LCD',"b'5.5 inches, 83.4 cm2 (~70.6% screen-to-body ratio)'","b'720 x 1280 pixels, 16:9 ratio (~267 ppi density)'",b'Android 8.1 Oreo (Go edition)',b'Mediatek MT6580 (28 nm)',b'Quad-core 1.3 GHz Cortex-A7',b'Mali-400',b'microSDXC',b'16GB 1GB RAM',"b'8 MP, 1/5.0"", 1.12\xc2\xb5m, AF'",b'LED flash',b'1080p@30fps',b'5 MP',b'',b'Yes',b'Yes',"b'Wi-Fi 802.11 b/g/n, hotspot'","b'4.0, A2DP'","b'Yes, with A-GPS'",b'No',b'FM radio',b'microUSB 2.0',"b'Accelerometer, proximity'",b'Li-Po 2500 mAh battery',,"b'Black, Gold, Gray, Blue'",,b'About 100 USD',,,b'Up to 675 h (2G) / Up to 575 h (3G)',b'Up to 22 h (2G) / Up to 18 h (3G)',b'LED flash',,,,,,,,,,,,,,,,,
,,,,,,,,,,,,,,,,,,,,,,,,,,,,,,,,,,,,,,,,,,,,,,,,,,,,,,,,,,,,,,
b'blu',b'BLU Grand M3',b'https://fdn2.gsmarena.com/vv/bigpic/blu-grand-m3.jpg',b'GSM / HSPA / LTE',b'GSM 850 / 900 / 1800 / 1900 - SIM 1 & SIM 2',b'HSDPA 850 / 900 / 1700(AWS) / 1900 / 2100',"b'1, 2, 3, 4, 5, 7, 12, 17, 28'","b'HSPA 42.2/11.5 Mbps, LTE Cat4 150/50 Mbps'","b'2018, June'","b'Available. Released 2018, June'",b'149.1 x 70.5 x 9.8 mm (5.87 x 2.78 x 0.39 in)',b'154 g (5.43 oz)',"b'Dual SIM (Nano-SIM/Micro-SIM, dual stand-by)'",b'IPS LCD',"b'5.34 inches, 73.6 cm2 (~70.0% screen-to-body ratio)'","b'480 x 960 pixels, 18:9 ratio (~201 ppi density)'",b'Android 8.1 Oreo (Go edition)',b'Mediatek MT6739 (28 nm)',b'Quad-core 1.3 GHz Cortex-A53',b'PowerVR GE8100',b'microSDXC',b'16GB 1GB RAM',"b'8 MP, 1/5.0"", 1.12\xc2\xb5m, AF'",b'LED flash',b'1080p@30fps',b'5 MP',b'',b'Yes',b'Yes',"b'Wi-Fi 802.11 b/g/n, hotspot'","b'4.0, A2DP'","b'Yes, with A-GPS'",b'No',b'FM radio',b'microUSB 2.0',"b'Fingerprint (rear-mounted), accelerometer, proximity'","b'Li-Po 2500 mAh, non-removable'",,"b'Black, Gold'",,b'About 110 USD',b'eMMC 5.1',,b'Up to 675 h (2G) / Up to 550 h (3G)',b'Up to 20 h (2G) / Up to 16 h (3G)',b'LED flash',,,,,,,,,,,,,,,,,
,,,,,,,,,,,,,,,,,,,,,,,,,,,,,,,,,,,,,,,,,,,,,,,,,,,,,,,,,,,,,,
b'blu',b'BLU Pure View',b'https://fdn2.gsmarena.com/vv/bigpic/blu-pure-view.jpg',b'GSM / HSPA / LTE',b'GSM 850 / 900 / 1800 / 1900 - SIM 1 & SIM 2',b'HSDPA 850 / 900 / 1700(AWS) / 1900 / 2100',"b'1, 2, 3, 4, 7, 12, 17, 28'","b'HSPA 42.2/11.5 Mbps, LTE Cat4 150/50 Mbps'","b'2018, February'","b'Available. Released 2018, February'",b'152.4 x 71.7 x 8.1 mm (6.00 x 2.82 x 0.32 in)',b'184 g (6.49 oz)',"b'Dual SIM (Nano-SIM, dual stand-by)'",b'IPS LCD',"b'5.7 inches, 83.8 cm2 (~76.7% screen-to-body ratio)'","b'720 x 1440 pixels, 18:9 ratio (~282 ppi density)'",b'Android 7.0 (Nougat)',b'Mediatek MT6753 (28 nm)',b'Octa-core 1.3 GHz Cortex-A53',b'Mali-T720MP3',b'microSDXC',b'32GB 3GB RAM',"b'13 MP, 1/3.1"", 1.12\xc2\xb5m, PDAF'","b'LED flash, panorama, HDR'",b'1080p@30fps',"b'8 MP, 1/4"", 1.12\xc2\xb5m'",b'',b'Yes',b'Yes',"b'Wi-Fi 802.11 a/b/g/n, hotspot'","b'4.0, A2DP'","b'Yes, with A-GPS'",b'No',b'FM radio',b'microUSB 2.0',"b'Fingerprint (rear-mounted), accelerometer, proximity, compass'","b'Li-Po 3000 mAh, non-removable'",,b'Black',,b'About 130 USD',,,b'Up to 725 h (2G) / Up to 625 h (3G)',b'Up to 26 h (2G) / Up to 17 h (3G)',b'LED flash',b'Corning Gorilla Glass 3',,,,,,,,,,,,,,,,
,,,,,,,,,,,,,,,,,,,,,,,,,,,,,,,,,,,,,,,,,,,,,,,,,,,,,,,,,,,,,,
b'blu',b'BLU Studio View',b'https://fdn2.gsmarena.com/vv/bigpic/blu-studio-view.jpg',b'GSM / HSPA',b'GSM 850 / 900 / 1800 / 1900 - SIM 1 & SIM 2',b'HSDPA 850 / 1700(AWS) / 1900 / 2100',,b'HSPA 21.1/5.76 Mbps',"b'2018, January'","b'Available. Released 2018, January'",b'151 x 71 x 9 mm (5.94 x 2.80 x 0.35 in)',b'159 g (5.61 oz)',"b'Dual SIM (Micro-SIM/Nano-SIM, dual stand-by)'",b'IPS LCD',"b'5.5 inches, 78.1 cm2 (~72.8% screen-to-body ratio)'","b'640 x 1280 pixels, 18:9 ratio (~260 ppi density)'",b'Android 7.0 (Nougat)',b'Mediatek MT6580 (28 nm)',b'Quad-core 1.3 GHz Cortex-A7',b'Mali-400MP2',b'microSDXC',b'8GB 1GB RAM',b'8 MP',b'LED flash',b'720p@30fps',b'5 MP',b'',b'Yes',b'Yes',"b'Wi-Fi 802.11 b/g/n, hotspot'","b'4.0, A2DP'","b'Yes, with A-GPS'",b'No',b'FM radio',b'microUSB 2.0',"b'Fingerprint (rear-mounted), accelerometer, proximity'","b'Li-Po 2850 mAh, non-removable'",,"b'Black, Gold, Rose Gold, Silver'",,b'About 100 USD',,,b'Up to 600 h (2G) / Up to 550 h (3G)',b'Up to 25 h (2G) / Up to 20 h (3G)',b'LED flash',,,,,"b'Glass front, aluminum back, aluminum frame'",,,,,,,,,,,,
,,,,,,,,,,,,,,,,,,,,,,,,,,,,,,,,,,,,,,,,,,,,,,,,,,,,,,,,,,,,,,
b'blu',b'BLU Vivo XL3',b'https://fdn2.gsmarena.com/vv/bigpic/blu-vivo-xl3-.jpg',b'GSM / HSPA / LTE',b'GSM 850 / 900 / 1800 / 1900 - SIM 1 & SIM 2',b'HSDPA 850 / 900 / 1700(AWS) / 1900 / 2100',"b'1, 2, 3, 4, 5, 7, 8, 12, 17, 28'","b'HSPA 42.2/11.5 Mbps, LTE Cat4 150/50 Mbps'","b'2018, February'","b'Available. Released 2018, February'",b'147.7 x 70.7 x 8 mm (5.81 x 2.78 x 0.31 in)',b'143 g (5.04 oz)',"b'Dual SIM (Micro-SIM/Nano-SIM, dual stand-by)'",b'IPS LCD',"b'5.5 inches, 78.1 cm2 (~74.8% screen-to-body ratio)'","b'720 x 1440 pixels, 18:9 ratio (~293 ppi density)'",b'Android 8.0 (Oreo)',b'Mediatek MT6737 (28 nm)',b'Quad-core 1.3 GHz Cortex-A53',b'Mali-T720MP1',b'microSDXC',b'32GB 3GB RAM',"b'13 MP, PDAF'","b'LED flash, panorama, HDR'",b'1080p@30fps',b'13 MP',b'',b'Yes',b'Yes',"b'Wi-Fi 802.11 b/g/n, Wi-Fi Direct, hotspot'","b'4.0, A2DP'","b'Yes, with A-GPS'",b'No',b'FM radio',b'microUSB 2.0',"b'Fingerprint (rear-mounted), accelerometer, proximity, compass'","b'Li-Po 3000 mAh, non-removable'",,"b'Silver, Gold'",,b'About 180 USD',b'eMMC 5.0',,b'Up to 675 h (2G) / Up to 625 h (3G)',b'Up to 26 h (2G) / Up to 18 h (3G)',b'LED flash',,,,,,,,,,,,,,,,,
,,,,,,,,,,,,,,,,,,,,,,,,,,,,,,,,,,,,,,,,,,,,,,,,,,,,,,,,,,,,,,
b'blu',b'BLU Vivo One Plus',b'https://fdn2.gsmarena.com/vv/bigpic/blu-vivo-one-plus.jpg',b'GSM / HSPA / LTE',b'GSM 850 / 900 / 1800 / 1900 - SIM 1 & SIM 2',b'HSDPA 850 / 900 / 1700(AWS) / 1900 / 2100',"b'2, 3, 4, 5, 7, 12, 17, 28'","b'HSPA 42.2/11.5 Mbps, LTE Cat4 150/50 Mbps'","b'2018, April'","b'Available. Released 2018, April'",b'164.8 x 76.7 x 8.6 mm (6.49 x 3.02 x 0.34 in)',b'173 g (6.10 oz)',"b'Dual SIM (Micro-SIM/Nano-SIM, dual stand-by)'",b'IPS LCD',"b'6.0 inches, 92.9 cm2 (~73.5% screen-to-body ratio)'","b'720 x 1440 pixels, 18:9 ratio (~268 ppi density)'",b'Android 7.1 (Nougat)',b'Mediatek MT6739 (28 nm)',b'Quad-core 1.3 GHz Cortex-A53',b'PowerVR GE8100',b'microSDXC',b'16GB 2GB RAM',b'13 MP',"b'Dual-LED dual-tone flash, HDR'",b'1080p@30fps',b'13 MP',b'',b'Yes',b'Yes',"b'Wi-Fi 802.11 b/g/n, Wi-Fi Direct, hotspot'","b'4.0, A2DP'","b'Yes, with A-GPS'",b'No',b'FM radio',b'microUSB 2.0',"b'Fingerprint (rear-mounted), accelerometer, proximity'","b'Li-Po 4000 mAh, non-removable'",,"b'Black, Gold, Blue'",,b'About 180 USD',b'eMMC 5.1',,b'Up to 750 h (2G) / Up to 630 h (3G)',b'Up to 28 h (2G) / Up to 22 h (3G)',b'LED flash',,,,,,,,,,,,,,,,,
,,,,,,,,,,,,,,,,,,,,,,,,,,,,,,,,,,,,,,,,,,,,,,,,,,,,,,,,,,,,,,
b'blu',b'BLU X Link',b'https://fdn2.gsmarena.com/vv/bigpic/blu-xlink.jpg',b'GSM',b'GSM 850 / 900 / 1800 / 1900',,,,"b'2018, March'","b'Available. Released 2018, May'",b'45.8 x 54 x 13.9 mm (1.80 x 2.13 x 0.55 in)',b'65 g (2.29 oz)',b'Mini-SIM',b'IPS LCD',"b'1.1 inches, 3.9 cm2 (~15.8% screen-to-body ratio)'","b'240 x 240 pixels, 1:1 ratio (~309 ppi density)'",,b'Mediatek MT2502',b'256 MHz',,b'No',b'4MB 4MB RAM',,,,,,b'Yes',b'No',b'No',b'4.0',b'No',b'No',b'No',b'No',"b'Accelerometer, heart rate'","b'Li-Po 320 mAh, non-removable'",,"b'Black, Silver, Rose Gold'",,b'About 60 USD',b'IP54 dust/water resistant',,,,,,b'No',b'Voice dial/commands',,"b'Glass front, aluminum back, aluminum frame'",b'Yes',b'No',b'Yes',b'Yes',"b'SMS, Email'",b'No',b'No',,,,,
,,,,,,,,,,,,,,,,,,,,,,,,,,,,,,,,,,,,,,,,,,,,,,,,,,,,,,,,,,,,,,
b'blu',b'BLU Vivo XL3 Plus',b'https://fdn2.gsmarena.com/vv/bigpic/blu-vivo-xl3.jpg',b'GSM / HSPA / LTE',b'GSM 850 / 900 / 1800 / 1900 - SIM 1 & SIM 2',b'HSDPA 850 / 900 / 1700(AWS) / 1900 / 2100',"b'2, 3, 4, 5, 7, 12, 17, 28'","b'HSPA 42.2/11.5 Mbps, LTE Cat4 150/50 Mbps'","b'2018, March'","b'Available. Released 2018, April'",b'158.1 x 76.5 x 8.2 mm (6.22 x 3.01 x 0.32 in)',b'169 g (5.96 oz)',"b'Dual SIM (Nano-SIM, dual stand-by)'",b'IPS LCD',"b'6.0 inches, 92.9 cm2 (~76.8% screen-to-body ratio)'","b'720 x 1440 pixels, 18:9 ratio (~268 ppi density)'",b'Android 7.1.2 (Nougat)',b'Qualcomm MSM8917 Snapdragon 425 (28 nm)',b'Quad-core 1.4 GHz Cortex-A53',b'Adreno 308',b'microSDXC',b'32GB 3GB RAM',"b'13 MP, PDAF'","b'LED flash, panorama, HDR'",b'1080p@30fps',"b'16 MP, f/2.2, 26mm (wide), 1/3.06"", 1.0\xc2\xb5m'",b'',b'Yes',b'Yes',"b'Wi-Fi 802.11 b/g/n, Wi-Fi Direct, hotspot'","b'4.0, A2DP'","b'Yes, with A-GPS'",b'No',b'FM radio',b'microUSB 2.0',"b'Fingerprint (rear-mounted), accelerometer, proximity, compass'","b'Li-Po 3000 mAh, non-removable'",,b'Black',,b'About 200 USD',b'eMMC 5.1',,b'Up to 725 h (2G) / Up to 625 h (3G)',b'Up to 26 h (2G) / Up to 16 h (3G)',b'LED flash',,,,,,,,,,,,,,,,,
,,,,,,,,,,,,,,,,,,,,,,,,,,,,,,,,,,,,,,,,,,,,,,,,,,,,,,,,,,,,,,
b'blu',b'BLU Vivo X',b'https://fdn2.gsmarena.com/vv/bigpic/blu-vivo-x.jpg',b'GSM / HSPA / LTE',b'GSM 850 / 900 / 1800 / 1900 - SIM 1 & SIM 2',b'HSDPA 850 / 900 / 1700(AWS) / 1900 / 2100',"b'1, 2, 3, 4, 5, 7, 8, 12, 17, 28'","b'HSPA 42.2/11.5 Mbps, LTE-A (2CA) Cat6 300/50 Mbps'","b'2018, February'","b'Available. Released 2018, February'",b'160 x 76.8 x 8.2 mm (6.30 x 3.02 x 0.32 in)',b'188 g (6.63 oz)',"b'Hybrid Dual SIM (Micro-SIM/Nano-SIM, dual stand-by)'",b'IPS LCD',"b'6.0 inches, 92.9 cm2 (~75.6% screen-to-body ratio)'","b'720 x 1440 pixels, 18:9 ratio (~268 ppi density)'",b'Android 7.0 (Nougat)',b'Mediatek MT6757 Helio P20 (16 nm)',b'Octa-core (4x2.6 GHz Cortex-A53 & 4x1.6 GHz Cortex-A53)',b'Mali-T880MP2',b'microSDXC',b'64GB 4GB RAM',,"b'LED flash, HDR'",b'1080p@30fps',,b'',b'Yes',b'Yes',"b'Wi-Fi 802.11 a/b/g/n, Wi-Fi Direct, hotspot'","b'4.0, A2DP'","b'Yes, with A-GPS'",b'No',b'FM radio',b'microUSB 2.0',"b'Fingerprint (rear-mounted), accelerometer, gyro, proximity, compass'","b'Li-Po 4010 mAh, non-removable'",,b'Black',"b'13 MP, 1/3.1"", 1.12\xc2\xb5m, PDAF 5 MP, f/2.4, (depth)'",b'About 300 USD',,,b'Up to 750 h (2G) / Up to 700 h (3G)',b'Up to 28 h (2G) / Up to 22 h (3G)',b'LED flash',b'Corning Gorilla Glass 3',,,,,,,,,,,,"b'20 MP, f/2.0, (wide), 1/2.8"", 1.0\xc2\xb5m 8 MP, 1/4"", 1.12\xc2\xb5m'",,,,
,,,,,,,,,,,,,,,,,,,,,,,,,,,,,,,,,,,,,,,,,,,,,,,,,,,,,,,,,,,,,,
b'blu',b'BLU Studio J8M LTE',b'https://fdn2.gsmarena.com/vv/bigpic/blu-sj8m.jpg',b'GSM / HSPA / LTE',b'GSM 850 / 900 / 1800 / 1900 - SIM 1 & SIM 2',b'HSDPA 850 / 900 / 1700(AWS) / 1900 / 2100',"b'1, 2, 3, 4, 5, 7, 12, 17, 28'","b'HSPA 42.2/5.76 Mbps, LTE Cat4 150/50 Mbps'","b'2018, February'","b'Available. Released 2018, February'",b'145 x 72 x 9.4 mm (5.71 x 2.83 x 0.37 in)',b'140 g (4.94 oz)',"b'Dual SIM (Micro-SIM, dual stand-by)'",b'IPS LCD',"b'5.0 inches, 68.9 cm2 (~66.0% screen-to-body ratio)'","b'720 x 1280 pixels, 16:9 ratio (~294 ppi density)'",b'Android 7.0 (Nougat)',b'Mediatek MT6737 (28 nm)',b'Quad-core 1.3 GHz Cortex-A53',b'Mali-T720',b'microSDXC',b'16GB 2GB RAM',b'8 MP',"b'LED flash, HDR'",b'1080p@30fps',b'5 MP',b'',b'Yes',b'Yes',"b'Wi-Fi 802.11 b/g/n, Wi-Fi Direct, hotspot'","b'4.0, A2DP'","b'Yes, with A-GPS'",b'No',b'FM radio',b'microUSB 2.0',"b'Fingerprint (rear-mounted), accelerometer, proximity'","b'Li-Po 2000 mAh, non-removable'",,"b'Black, Gold'",,b'About 100 USD',b'eMMC 5.0',,b'Up to 600 h (2G) / Up to 500 h (3G)',b'Up to 24 h (2G) / Up to 14 h (3G)',b'LED flash',,,,,,,,,,,,,,,,,
,,,,,,,,,,,,,,,,,,,,,,,,,,,,,,,,,,,,,,,,,,,,,,,,,,,,,,,,,,,,,,
b'blu',b'BLU Vivo One',b'https://fdn2.gsmarena.com/vv/bigpic/blu-vo.jpg',b'GSM / HSPA / LTE',b'GSM 850 / 900 / 1800 / 1900 - SIM 1 & SIM 2',b'HSDPA 850 / 900 / 1700(AWS) / 1900 / 2100',"b'1, 2, 3, 4, 5, 7, 12, 17, 28'","b'HSPA 42.2/5.76 Mbps, LTE Cat4 150/50 Mbps'","b'2018, February'","b'Available. Released 2018, February'",b'148.4 x 70.1 x 9.8 mm (5.84 x 2.76 x 0.39 in)',b'160 g (5.64 oz)',"b'Dual SIM (Micro-SIM/Nano-SIM, dual stand-by)'",b'IPS LCD',"b'5.5 inches, 78.1 cm2 (~75.0% screen-to-body ratio)'","b'720 x 1440 pixels, 18:9 ratio (~293 ppi density)'",b'Android 7.1.1 (Nougat)',b'Mediatek MT6739 (28 nm)',b'Quad-core 1.3 GHz Cortex-A53',b'PowerVR GE8100',b'microSDXC',b'16GB 2GB RAM',b'12 MP',"b'Dual-LED dual-tone flash, HDR'",b'1080p@30fps',b'8 MP',b'',b'Yes',b'Yes',"b'Wi-Fi 802.11 b/g/n, Wi-Fi Direct, hotspot'","b'4.0, A2DP'","b'Yes, with A-GPS'",b'No',b'FM radio',b'microUSB 2.0',"b'Fingerprint (rear-mounted), accelerometer, proximity'","b'Li-Po 3000 mAh, non-removable'",,"b'Black, Gold, Silver'",,b'About 140 USD',b'eMMC 5.1',,b'Up to 725 h (2G) / Up to 625 h (3G)',b'Up to 26 h (2G) / Up to 16 h (3G)',b'LED flash',,,,,,,,,,,,,,,,,
,,,,,,,,,,,,,,,,,,,,,,,,,,,,,,,,,,,,,,,,,,,,,,,,,,,,,,,,,,,,,,
b'blu',b'BLU Studio View XL',b'https://fdn2.gsmarena.com/vv/bigpic/blu-sv-xl.jpg',b'GSM / HSPA',b'GSM 850 / 900 / 1800 / 1900 - SIM 1 & SIM 2',b'HSDPA 850 / 1700(AWS) / 1900 / 2100',,b'HSPA 21.1/5.76 Mbps',"b'2018, January'","b'Available. Released 2018, January'",b'160.1 x 74.3 x 9.3 mm (6.30 x 2.93 x 0.37 in)',b'174 g (6.14 oz)',"b'Dual SIM (Micro-SIM, dual stand-by)'",b'IPS LCD',"b'5.7 inches, 83.8 cm2 (~70.5% screen-to-body ratio)'","b'720 x 1440 pixels, 18:9 ratio (~282 ppi density)'",b'Android 7.0 (Nougat)',b'Mediatek MT6580 (28 nm)',b'Quad-core 1.3 GHz Cortex-A7',b'Mali-400MP2',b'microSDXC',b'16GB 1GB RAM',"b'13 MP, 1/4.0"", 1.12\xc2\xb5m'","b'LED flash, HDR'",b'1080p@30fps',b'5 MP',b'',b'Yes',b'Yes',"b'Wi-Fi 802.11 b/g/n, Wi-Fi Direct, hotspot'","b'4.0, A2DP'","b'Yes, with A-GPS'",b'No',b'FM radio',b'microUSB 2.0',"b'Fingerprint (rear-mounted), accelerometer, proximity'","b'Li-Po 3000 mAh, removable'",,"b'Black, Gold, Rose Gold, Silver'",,b'About 100 EUR',,,b'Up to 725 h (2G) / Up to 625 h (3G)',b'Up to 26 h (2G) / Up to 16 h (3G)',b'LED flash',,,,b'Studio View XL',,,,,,,,,,,,,
