Brand,Model Name,Model Image,Technology,2G bands,3G bands,4G bands,5G bands,Speed,Announced,Status,Dimensions,Weight,SIM,Type,Size,Resolution,,OS,Chipset,CPU,GPU,Card slot,Internal,_1,Triple,Features,Video,Dual,Features_1,Video_1,Loudspeaker,3.5mm jack,WLAN,Bluetooth,GPS,NFC,Infrared port,Radio,USB,Sensors,Type_1,Charging,Colors,_1_1,Models,Price,Quad,Single,Performance,Display,Camera,Loudspeaker_1,Battery life,GPRS,EDGE,Build,4GB,Single_1,Dual_1,Protection,128GB 4GB RAM,256GB 8GB RAM,128GB 8GB RAM,128GB 6GB RAM,Audio quality,256GB 6GB RAM,Triple_1,64GB 3GB RAM,64GB 4GB RAM,64GB 6GB RAM,SAR EU,SAR,Stand-by,Talk time
,,,,,,,,,,,,,,,,,,,,,,,,,,,,,,,,,,,,,,,,,,,,,,,,,,,,,,,,,,,,,,,,,,,,,,,,,,
b'honor',b'Honor View40',b'https://fdn2.gsmarena.com/vv/bigpic/honor-v40-5g.jpg',b'GSM / HSPA / LTE / 5G',b'GSM 850 / 900 / 1800 / 1900 - SIM 1 & SIM 2',b'HSDPA 800 / 850 / 900 / 1700(AWS) / 1800 / 1900 / 2100',b'LTE',b'SA/NSA',"b'HSPA 42.2/5.76 Mbps, LTE-A, 5G'","b'2021, January 22'","b'Coming soon. Exp. release 2021, Q2'",b'163.1 x 74.3 x 8 mm (6.42 x 2.93 x 0.31 in)',b'189 g (6.67 oz)',"b'Dual SIM (Nano-SIM, dual stand-by)'","b'AMOLED, 1B colors, HDR10, 120Hz, 800 nits (peak)'","b'6.72 inches, 110.9 cm2 (~91.5% screen-to-body ratio)'","b'1236 x 2676 pixels, 19.5:9 ratio (~439 ppi density)'",b'Always-on display',"b'Android 10, with Google Play Services (unconfirmed)'",b'Mediatek MT6889Z Dimensity 1000+ (7nm)',b'Octa-core (4x2.6 GHz Cortex-A77 & 4x2.0 GHz Cortex-A55)',b'Mali-G77 MC9',b'No',b'256GB 8GB RAM',b'UFS 2.1',"b'50 MP, f/1.9, (wide), 1/1.56"", 1.0\xc2\xb5m, PDAF, Laser AF 8 MP, f/2.4, 120\xcb\x9a, 17mm (ultrawide) 2 MP, f/2.4, (macro)'","b'LED flash, panorama, HDR'","b'4K, 1080p, 720p@1920fps, HDR, gyro-EIS'","b'16 MP, f/2.0, (wide) Color spectrum sensor'",b'HDR',"b'1080p@30fps, gyro-EIS'","b'Yes, with stereo speakers'",b'No',"b'Wi-Fi 802.11 a/b/g/n/ac/6, dual-band, Wi-Fi Direct, hotspot'","b'5.1, A2DP, LE'","b'Yes, with dual-band A-GPS, GLONASS, BDS, GALILEO, QZSS'",b'Yes',b'Yes',b'No',"b'USB Type-C, USB On-The-Go'","b'Fingerprint (under display, optical), accelerometer, gyro, proximity, compass'","b'Li-Po 4000 mAh, non-removable'","b'Fast charging 66W, 60% in 15 min, 100% in 35 min (advertised) Fast wireless charging 50W, 50% in 35 min (advertised) Reverse charging 5W'","b'Midnight Black, Rose Gold, Titanium Silver'",,,,,,,,,,,,,,,,,,,,,,,,,,,,,,,
,,,,,,,,,,,,,,,,,,,,,,,,,,,,,,,,,,,,,,,,,,,,,,,,,,,,,,,,,,,,,,,,,,,,,,,,,,
b'honor',b'Honor V40 5G',b'https://fdn2.gsmarena.com/vv/bigpic/honor-v40-5g.jpg',b'GSM / CDMA / HSPA / CDMA2000 / LTE / 5G',b'GSM 850 / 900 / 1800 / 1900 - SIM 1 & SIM 2',b'HSDPA 800 / 850 / 900 / 1700(AWS) / 1800 / 1900 / 2100',"b'1, 2, 3, 4, 5, 8, 18, 19, 26, 34, 38, 39, 40, 41'","b'1, 28, 38, 41, 77, 78, 79 SA/NSA'","b'HSPA 42.2/5.76 Mbps, LTE-A, 5G'","b'2021, January 22'","b'Available. Released 2021, January 22'",b'163.1 x 74.3 x 8 mm (6.42 x 2.93 x 0.31 in)',b'189 g (6.67 oz)',"b'Dual SIM (Nano-SIM, dual stand-by)'","b'AMOLED, 1B colors, HDR10, 120Hz, 800 nits (peak)'","b'6.72 inches, 110.4 cm2 (~91.1% screen-to-body ratio)'","b'1236 x 2676 pixels, 19.5:9 ratio (~440 ppi density)'",b'CDMA 800',"b'Android 10, Magic UI 4.0, no Google Play Services'",b'Mediatek MT6889Z Dimensity 1000+ (7nm)',b'Octa-core (4x2.6 GHz Cortex-A77 & 4x2.0 GHz Cortex-A55)',b'Mali-G77 MC9',b'No',"b'128GB 8GB RAM, 256GB 8GB RAM'",b'CDMA2000 1x',"b'50 MP, f/1.9, (wide), 1/1.56"", 1.0\xc2\xb5m, PDAF, Laser AF 8 MP, f/2.4, 120\xcb\x9a, 17mm (ultrawide) 2 MP, f/2.4, (macro)'","b'LED flash, panorama, HDR'","b'4K, 1080p, 720p@1920fps, HDR, gyro-EIS'","b'16 MP, f/2.0, (wide) Color spectrum sensor'",b'HDR',"b'1080p@30fps, gyro-EIS'","b'Yes, with stereo speakers'",b'No',"b'Wi-Fi 802.11 a/b/g/n/ac/6, dual-band, Wi-Fi Direct, hotspot'","b'5.1, A2DP, LE'","b'Yes, with dual-band A-GPS, GLONASS, BDS, GALILEO, QZSS'",b'Yes',b'Yes',b'No',"b'USB Type-C, USB On-The-Go'","b'Fingerprint (under display, optical), accelerometer, gyro, proximity, compass'","b'Li-Po 4000 mAh, non-removable'","b'Fast charging 66W, 60% in 15 min, 100% in 35 min (advertised) Fast wireless charging 50W, 50% in 35 min (advertised) Reverse charging 5W'","b'Midnight Black, Rose Gold, Titanium Silver'",b'UFS 2.1',b'YOK-AN10',b'About 460 EUR',,,,,,,,,,,,,,,,,,,,,,,,,,,,
,,,,,,,,,,,,,,,,,,,,,,,,,,,,,,,,,,,,,,,,,,,,,,,,,,,,,,,,,,,,,,,,,,,,,,,,,,
b'honor',b'Honor 10X Lite',b'https://fdn2.gsmarena.com/vv/bigpic/honor-10x-lite.jpg',b'GSM / HSPA / LTE',b'GSM 900 / 1800 / 1900 - SIM 1 & SIM 2',b'HSDPA 850 / 900 / 1900 / 2100',b'LTE (unspecified)',,"b'HSPA 42.2/5.76 Mbps, LTE-A'","b'2020, October 29'","b'Available. Released 2020, October 29'",b'165.7 x 76.9 x 9.3 mm (6.52 x 3.03 x 0.37 in)',b'206 g (7.27 oz)',"b'Dual SIM (Nano-SIM, dual stand-by)'",b'IPS LCD',"b'6.67 inches, 107.4 cm2 (~84.3% screen-to-body ratio)'","b'1080 x 2400 pixels, 20:9 ratio (~395 ppi density)'",,"b'Android 10, Magic UI 3.1, no Google Play Services'",b'Kirin 710A (14 nm)',b'Octa-core (4x2.0 GHz Cortex-A73 & 4x1.7 GHz Cortex-A53)',b'Mali-G51 MP4',b'microSDXC (dedicated slot)',b'128GB 4GB RAM',,,"b'LED flash, HDR, panorama'",b'1080p@30/60fps',,b'HDR',b'1080p@30fps',b'Yes',b'Yes',"b'Wi-Fi 802.11 a/b/g/n/ac, dual-band, Wi-Fi Direct, hotspot'","b'5.1, A2DP, LE'","b'Yes, with A-GPS, GLONASS, BDS'",b'Yes',,"b'FM radio, built-in antenna'",b'USB Type-C 2.0',"b'Fingerprint (side-mounted), accelerometer, proximity'","b'Li-Po 5000 mAh, non-removable'","b'Fast charging 22.5W, 46% in 30 min (advertised)'","b'Icelandic Frost, Midnight Black, Emerald Green'",,,b'About 230 EUR',"b'48 MP, f/1.8, 26mm (wide), 1/2.0"", 0.8\xc2\xb5m, PDAF 8 MP, f/2.4, 120\xcb\x9a (ultrawide), 1/4.0"", 1.12\xc2\xb5m 2 MP, f/2.4, (macro) 2 MP, f/2.4, (depth)'","b'8 MP, f/2.0, (wide)'",b'AnTuTu: 172910 (v8) GeekBench: 1346 (v5.1) GFXBench: 7fps (ES 3.1 onscreen)',b'Contrast ratio: 1260:1 (nominal)',b'Photo / Video',b'-29.4 LUFS (Average)',b'Endurance rating 114h',,,,,,,,,,,,,,,,,,,,,
,,,,,,,,,,,,,,,,,,,,,,,,,,,,,,,,,,,,,,,,,,,,,,,,,,,,,,,,,,,,,,,,,,,,,,,,,,
b'honor',b'Honor 30i',b'https://fdn2.gsmarena.com/vv/bigpic/honor-30i.jpg',b'GSM / CDMA / HSPA / LTE',b'GSM 900 / 1800 / 1900 - SIM 1 & SIM 2',b'HSDPA 850 / 900 / 1900 / 2100',"b'1, 2, 3, 4, 5, 7, 8, 19, 20, 26, 28, 34, 38, 39, 40, 41'",,"b'HSPA 42.2/5.76 Mbps, LTE'","b'2020, September 11'","b'Available. Released 2020, September 12'",b'157.2 x 73.2 x 7.7 mm (6.19 x 2.88 x 0.30 in)',b'171.5 g (6.07 oz)',"b'Hybrid Dual SIM (Nano-SIM, dual stand-by)'","b'AMOLED, 600 nits (typ)'","b'6.3 inches, 95.8 cm2 (~83.3% screen-to-body ratio)'","b'1080 x 2400 pixels, 20:9 ratio (~418 ppi density)'",b'CDMA 800 & TD-SCDMA',"b'Android 10, Magic UI 2.1'",b'Kirin 710F (12 nm)',b'Octa-core (4x2.2 GHz Cortex-A73 & 4x1.7 GHz Cortex-A53)',b'Mali-G51 MP4',"b'NM (Nano Memory), up to 256GB (uses shared SIM slot)'",b'128GB 4GB RAM',,"b'48 MP, f/1.8, 28mm (wide), 1/2.0"", 0.8\xc2\xb5m, PDAF 8 MP, f/2.4, 120\xcb\x9a (ultrawide) 2 MP, f/2.4, (depth)'","b'LED flash, HDR, panorama'",b'1080p@30fps',,b'HDR',b'1080p@30fps',b'Yes',b'Yes',"b'Wi-Fi 802.11 a/b/g/n/ac, dual-band, Wi-Fi Direct, hotspot'","b'5.1, A2DP, LE'","b'Yes, with A-GPS, GLONASS, BDS'",b'Yes',,b'FM radio',"b'USB Type-C 2.0, USB On-The-Go'","b'Fingerprint (under display, optical), accelerometer, gyro, proximity, compass'","b'Li-Po 4000 mAh, non-removable'","b'Charging 10W, 53% in 30 min (advertised)'","b'Ultraviolet Sunset, Turquoise, Midnight Black'",,b'LRA-LX1',b'About 200 EUR',,"b'16 MP, f/2.0, 26mm (wide), 1/3.06"", 1.0\xc2\xb5m'",,,,,,,,,,,,,,,,,,,,,,,,,,
,,,,,,,,,,,,,,,,,,,,,,,,,,,,,,,,,,,,,,,,,,,,,,,,,,,,,,,,,,,,,,,,,,,,,,,,,,
b'honor',b'Honor Watch GS Pro',b'https://fdn2.gsmarena.com/vv/bigpic/honor-watch-gs-pro.jpg',b'No cellular connectivity',b'N/A',b'N/A',b'N/A',,b'No',"b'2020, September 04'","b'Available. Released 2020, September 07'",b'-',b'45.5 g (1.62 oz)',b'No',b'AMOLED',"b'1.39 inches, 12.5 cm2'","b'454 x 454 pixels, 1:1 ratio (~326 ppi density)'",b'5ATM water resistant MIL-STD-810G compliant',b'Huawei wearable platform',,,,b'No',b'4GB',b'eMMC',,,,,,,b'No',b'No',b'No',"b'5.0, LE'","b'Yes, with GLONASS'",b'No',,b'No',b'No',"b'Accelerometer, gyro, heart rate, SpO2'","b'Li-Ion, non-removable'",,"b'Charcoal Black, Marl White, Camo Blue'",b'No',,b'$\xe2\x80\x89259.00 / \xe2\x82\xac\xe2\x80\x89169.90',,,,,,,,b'No',b'No',"b'Glass front, plastic back, stainless steel bezel ring and dial'",b'$\xe2\x80\x89259.00',,,,,,,,,,,,,,,,,
,,,,,,,,,,,,,,,,,,,,,,,,,,,,,,,,,,,,,,,,,,,,,,,,,,,,,,,,,,,,,,,,,,,,,,,,,,
b'honor',b'Honor Watch ES',b'https://fdn2.gsmarena.com/vv/bigpic/honor-watch-es.jpg',b'No cellular connectivity',b'N/A',b'N/A',b'N/A',,b'No',"b'2020, September 04'","b'Available. Released 2020, September 07'",b'-',b'21 g (0.74 oz)',b'No',b'AMOLED',"b'1.64 inches, 7.7 cm2'",b'280 x 456 pixels (~326 ppi density)',b'5ATM water resistant',b'Huawei wearable platform',,,,b'No',b'4GB',b'eMMC',,,,,,,b'No',b'No',b'No',"b'5.0, LE'",b'Yes',b'No',,b'No',b'No',"b'Accelerometer, gyro, heart rate, SpO2'","b'Li-Ion, non-removable'",,"b'Meteorite Black, Coral Pink, Icelandic White'",b'No',,b'$\xe2\x80\x89104.99 / \xe2\x82\xac\xe2\x80\x8964.90',,,,,,,,b'No',b'No',"b'Glass front, plastic back, plastic frame'",b'$\xe2\x80\x89104.99',,,,,,,,,,,,,,,,,
,,,,,,,,,,,,,,,,,,,,,,,,,,,,,,,,,,,,,,,,,,,,,,,,,,,,,,,,,,,,,,,,,,,,,,,,,,
b'honor',b'Honor Pad 6',b'https://fdn2.gsmarena.com/vv/bigpic/honor-pad-6.jpg',b'GSM / HSPA / LTE',b'GSM 850 / 900 / 1800 / 1900',b'HSDPA 2100',b'LTE (unspecified)',,"b'HSPA 42.2/5.76 Mbps, LTE'","b'2020, July 17'","b'Available. Released 2020, July 28'",b'240.2 x 159 x 7.6 mm (9.46 x 6.26 x 0.30 in)',b'460 g (1.01 lb)',b'Nano-SIM',b'IPS LCD',"b'10.1 inches, 295.8 cm2 (~77.4% screen-to-body ratio)'","b'1200 x 1920 pixels, 16:10 ratio (~224 ppi density)'",b'Stylus support',"b'Android 10, Magic UI 3.1, no Google Play Services'",b'Kirin 710A (14 nm)',b'Octa-core (4x2.0 GHz Cortex-A73 & 4x1.7 GHz Cortex-A53)',b'Mali-G51 MP4',b'No',"b'64GB 4GB RAM, 128GB 4GB RAM'",,,"b'HDR, panorama'",b'1080p@30fps',,,b'',"b'Yes, with stereo speakers'",b'Yes',"b'Wi-Fi 802.11 a/b/g/n/ac, dual-band, Wi-Fi Direct, hotspot'","b'5.1, A2DP, LE'",b'Yes',b'No',,b'No',b'USB Type-C 2.0',b'Accelerometer',"b'Li-Po 5100 mAh, non-removable'",b'Charging 10W',b'Space Gray',,"b'AGS3-W09, AGS3-AL09'",,,"b'5 MP, f/2.2, AF'",,,,,,,,"b'Glass front, aluminum frame, aluminum back'",,"b'2 MP, f/2.4'",,,,,,,,,,,,,,,,
,,,,,,,,,,,,,,,,,,,,,,,,,,,,,,,,,,,,,,,,,,,,,,,,,,,,,,,,,,,,,,,,,,,,,,,,,,
b'honor',b'Honor Pad X6',b'https://fdn2.gsmarena.com/vv/bigpic/honor-pad-x6.jpg',b'GSM / HSPA / LTE',b'GSM 850 / 900 / 1800 / 1900',b'HSDPA 2100',b'LTE (unspecified)',,"b'HSPA 42.2/5.76 Mbps, LTE'","b'2020, July 17'","b'Available. Released 2020, July 28'",b'240.2 x 159 x 7.6 mm (9.46 x 6.26 x 0.30 in)',b'460 g (1.01 lb)',b'Nano-SIM',b'IPS LCD',"b'9.7 inches, 272.8 cm2 (~71.4% screen-to-body ratio)'","b'800 x 1280 pixels, 16:10 ratio (~156 ppi density)'",b'Stylus support',"b'Android 10, Magic UI 3.1, no Google Play Services'",b'Kirin 710A (14 nm)',b'Octa-core (4x2.0 GHz Cortex-A73 & 4x1.7 GHz Cortex-A53)',b'Mali-G51 MP4',b'Unspecified',"b'32GB 3GB RAM, 64GB 4GB RAM'",,,"b'HDR, panorama'",b'1080p@30fps',,,b'',"b'Yes, with dual speakers'",b'Yes',"b'Wi-Fi 802.11 a/b/g/n/ac, dual-band, Wi-Fi Direct, hotspot'","b'5.1, A2DP, LE'",b'Yes',b'No',,b'No',b'USB Type-C 2.0',b'Accelerometer',"b'Li-Po 5100 mAh, non-removable'",b'Charging 10W',b'Neo Mint',,"b'AGR-W09, AGR-AL09'",,,"b'5 MP, f/2.2'",,,,,,,,"b'Glass front, aluminum frame, aluminum back'",,"b'2 MP, f/2.4'",,,,,,,,,,,,,,,,
,,,,,,,,,,,,,,,,,,,,,,,,,,,,,,,,,,,,,,,,,,,,,,,,,,,,,,,,,,,,,,,,,,,,,,,,,,
b'honor',b'Honor X10 Max 5G',b'https://fdn2.gsmarena.com/vv/bigpic/honor-x10-max.jpg',b'GSM / HSPA / LTE / 5G',b'GSM 850 / 900 / 1800 / 1900 - SIM 1 & SIM 2',b'HSDPA 800 / 850 / 900 / 1700(AWS) / 1900 / 2100',"b'1, 2, 3, 4, 5, 8, 18, 19, 26, 34, 38, 39, 40, 41'","b'1, 3, 38, 41, 77, 78, 79, 80, 84 SA/NSA'","b'HSPA 42.2/5.76 Mbps, LTE-A, 5G'","b'2020, July 02'","b'Available. Released 2020, July 03'",b'174.4 x 84.9 x 8.3 mm (6.87 x 3.34 x 0.33 in)',b'232 g (8.18 oz)',"b'Dual SIM (Nano-SIM, dual stand-by)'","b'LTPS IPS LCD, HDR10'","b'7.09 inches, 125.5 cm2 (~84.7% screen-to-body ratio)'","b'1080 x 2280 pixels, 19:9 ratio (~356 ppi density)'",,"b'Android 10, Magic UI 3.1, no Google Play Services'",b'MediaTek MT6873 Dimensity 800 5G (7 nm)',b'Octa-core (4x2.0 GHz Cortex-A76 & 4x2.0 GHz Cortex-A55)',b'Mali-G57MP4',"b'NM (Nano Memory), up to 256GB (uses shared SIM slot)'","b'64GB 6GB RAM, 128GB 6GB RAM, 128GB 8GB RAM'",,,"b'LED flash, panorama, HDR'","b'4K@30fps, 1080p@30fps, gyro-EIS'","b'48 MP, f/1.8, 26mm (wide), 1/2.0"", 0.8\xc2\xb5m, PDAF 2 MP (depth)'",b'HDR',b'1080p@30fps',"b'Yes, with dual speakers'",b'Yes',"b'Wi-Fi 802.11 a/b/g/n/ac, dual-band, Wi-Fi Direct, hotspot'","b'5.1, A2DP, LE'","b'Yes, with A-GPS, GLONASS, BDS'",b'Yes',,b'No',"b'USB Type-C 2.0, USB On-The-Go'","b'Fingerprint (side-mounted), accelerometer, gyro, proximity, compass'","b'Li-Po 5000 mAh, non-removable'",b'Fast charging 22.5W',"b'Black, Blue, Silver'",,b'KKG-AN00',b'About 240 EUR',,b'8 MP',,,,,,,,,,,,,,,,,,,,,,,,,,
,,,,,,,,,,,,,,,,,,,,,,,,,,,,,,,,,,,,,,,,,,,,,,,,,,,,,,,,,,,,,,,,,,,,,,,,,,
b'honor',b'Honor 30 Youth',b'https://fdn2.gsmarena.com/vv/bigpic/honor-30-lite.jpg',b'GSM / HSPA / LTE / 5G',b'GSM 900 / 1800 / 1900 - SIM 1 & SIM 2',b'HSDPA 850 / 900 / 1700(AWS) / 1900 / 2100',b'LTE',"b'1, 38, 41, 77, 78, 79 SA/NSA'","b'HSPA 42.2/5.76 Mbps, LTE-A, 5G'","b'2020, July 02'","b'Available. Released 2020, July 08'",b'160 x 75.3 x 8.4 mm (6.30 x 2.96 x 0.33 in)',b'192 g (6.77 oz)',"b'Dual SIM (Nano-SIM, dual stand-by)'","b'IPS LCD, 90Hz'","b'6.5 inches, 102.0 cm2 (~84.7% screen-to-body ratio)'","b'1080 x 2400 pixels, 20:9 ratio (~405 ppi density)'",,"b'Android 10, Magic UI 3.1, no Google Play Services'",b'MediaTek MT6873V Dimensity 800 5G (7 nm)',b'Octa-core (4x2.0 GHz Cortex-A76 & 4x2.0 GHz Cortex-A55)',b'Mali-G57MP4',"b'NM (Nano Memory), up to 256GB (uses shared SIM slot)'","b'64GB 6GB RAM, 128GB 6GB RAM, 128GB 8GB RAM'",,"b'48 MP, f/1.8, 26mm (wide), 1/2.0"", 0.8\xc2\xb5m, PDAF 8 MP, f/2.4, 120\xcb\x9a (ultrawide) 2 MP, f/2.4, (macro)'","b'LED flash, HDR, panorama'","b'4K@30fps, 1080p@30fps'",,b'HDR',b'1080p@30fps',b'Yes',b'Yes',"b'Wi-Fi 802.11 a/b/g/n/ac, dual-band, Wi-Fi Direct, hotspot'","b'5.1, A2DP, LE'","b'Yes, with A-GPS, GLONASS, BDS'",b'No',,b'No',"b'USB Type-C 2.0, USB On-The-Go'","b'Fingerprint (side-mounted), accelerometer, gyro, proximity, compass'","b'Li-Po 4000 mAh, non-removable'",b'Fast charging 22.5W',"b'Magic Night Black, Dark Blue, Galaxy Silver'",,b'MXW-AN00',b'About 220 EUR',,"b'16 MP, f/2.0'",,,,,,,,,,,,,,,,,,,,,,,,,,
,,,,,,,,,,,,,,,,,,,,,,,,,,,,,,,,,,,,,,,,,,,,,,,,,,,,,,,,,,,,,,,,,,,,,,,,,,
b'honor',b'Honor 8S 2020',b'https://fdn2.gsmarena.com/vv/bigpic/honor-8s-2020.jpg',b'GSM / HSPA / LTE',b'GSM 850 / 900 / 1800 / 1900 - SIM 1 & SIM 2 (Dual SIM model only)',b'HSDPA 850 / 900 / 2100',b'LTE',,"b'HSPA 42.2/5.76 Mbps, LTE-A'","b'2020, May 27'","b'Available. Released 2020, May 27'",b'147.1 x 70.8 x 8.5 mm (5.79 x 2.79 x 0.33 in)',b'146 g (5.15 oz)',"b'Single SIM (Nano-SIM) or Dual SIM (Nano-SIM, dual stand-by)'",b'IPS LCD',"b'5.71 inches, 81.4 cm2 (~78.1% screen-to-body ratio)'","b'720 x 1520 pixels, 19:9 ratio (~295 ppi density)'",b'eMMC 5.1',"b'Android 9.0 (Pie), EMUI 9, Google Play Services'",b'Mediatek MT6761 Helio A22 (12 nm)',b'Quad-core 2.0 GHz Cortex-A53',b'PowerVR GE8320',b'microSDXC (dedicated slot)',b'64GB 3GB RAM',,,"b'LED flash, HDR, panorama'",b'1080p@30fps',,,b'',b'Yes',b'Yes',"b'Wi-Fi 802.11 b/g/n, Wi-Fi Direct, hotspot'","b'5.0, A2DP, LE'","b'Yes, with A-GPS, GLONASS, BDS'",b'No',,b'FM radio',b'microUSB 2.0',"b'Accelerometer, proximity'","b'Li-Po 3020 mAh, non-removable'",,"b'Navy Blue, Midnight Black, Green'",,,b'About 110 EUR',,"b'13 MP, f/1.8, PDAF'",,,,,,,,"b'Glass front, plastic back, plastic frame'",,"b'5 MP, f/2.2'",,,,,,,,,,,,,,,,
,,,,,,,,,,,,,,,,,,,,,,,,,,,,,,,,,,,,,,,,,,,,,,,,,,,,,,,,,,,,,,,,,,,,,,,,,,
b'honor',b'Honor Play4',b'https://fdn2.gsmarena.com/vv/bigpic/honor-play4.jpg',b'GSM / CDMA / HSPA / LTE / 5G',b'GSM 850 / 900 / 1800 / 1900 - SIM 1 & SIM 2',b'HSDPA 850 / 900 / 1700(AWS) / 1900 / 2100',"b'1, 2, 3, 4, 5, 7, 8, 18, 19, 26, 34, 38, 39, 40, 41'","b'1, 38, 41, 77, 78, 79 SA/NSA'","b'HSPA 42.2/5.76 Mbps, LTE-A, 5G'","b'2020, June 03'","b'Available. Released 2020, June 13'",b'170 x 78.5 x 8.9 mm (6.69 x 3.09 x 0.35 in)',b'213 g (7.51 oz)',"b'Dual SIM (Nano-SIM, dual stand-by)'",b'IPS LCD',"b'6.81 inches, 112.0 cm2 (~83.9% screen-to-body ratio)'","b'1080 x 2400 pixels, 20:9 ratio (~386 ppi density)'",b'CDMA 800 & TD-SCDMA',"b'Android 10, Magic UI 3.1, no Google Play Services'",b'MediaTek MT6873 Dimensity 800 5G (7 nm)',b'Octa-core (4x2.0 GHz Cortex-A76 & 4x2.0 GHz Cortex-A55)',b'Mali-G57MP4',b'microSDXC',b'128GB 8GB RAM',b'IP5X',,"b'Dual-LED flash, HDR, panorama'","b'4K@30fps, 1080p@30fps, gyro-EIS'",,,b'1080p@30fps',b'Yes',b'Yes',"b'Wi-Fi 802.11 a/b/g/n/ac, dual-band, Wi-Fi Direct, hotspot'","b'5.1, A2DP, LE'","b'Yes, with A-GPS, GLONASS, BDS'",b'No',,b'FM radio',"b'USB Type-C 2.0, USB On-The-Go'","b'Fingerprint (side-mounted), accelerometer, gyro, proximity, compass'","b'Li-Po 4300 mAh, non-removable'","b'Fast charging 22.5W, 70% in 30 min (advertised)'","b'Black, Blue, Light Blue'",,b'TNNH-AN00',b'About 250 EUR',"b'64 MP, f/1.9, 26mm (wide), 1/1.72"", 0.8\xc2\xb5m, PDAF 8 MP, f/2.2, (ultrawide) 2 MP, f/2.4, (macro) 2 MP, f/2.4, (depth)'",b'16 MP',,,,,,,,,,,,,,,,,,,,,,,,,,
,,,,,,,,,,,,,,,,,,,,,,,,,,,,,,,,,,,,,,,,,,,,,,,,,,,,,,,,,,,,,,,,,,,,,,,,,,
b'honor',b'Honor Play4 Pro',b'https://fdn2.gsmarena.com/vv/bigpic/honor-play-4-pro.jpg',b'GSM / CDMA / HSPA / LTE / 5G',b'GSM 850 / 900 / 1800 / 1900 - SIM 1 & SIM 2',b'HSDPA 850 / 900 / 1700(AWS) / 1900 / 2100',"b'1, 2, 3, 4, 5, 7, 8, 12, 17, 18, 19, 26, 34, 38, 39, 40, 41'","b'1, 3, 41, 77, 78, 79 SA/NSA'","b'HSPA 42.2/5.76 Mbps, LTE-A, 5G'","b'2020, June 03'","b'Available. Released 2020, June 10'",b'162.7 x 75.8 x 8.9 mm (6.41 x 2.98 x 0.35 in)',b'213 g (7.51 oz)',"b'Dual SIM (Nano-SIM, dual stand-by)'",b'IPS LCD',"b'6.57 inches, 104.2 cm2 (~84.5% screen-to-body ratio)'","b'1080 x 2400 pixels, 20:9 ratio (~401 ppi density)'",b'CDMA 800 & TD-SCDMA',"b'Android 10, Magic UI 3.1, no Google Play Services'",b'Kirin 990 (7 nm)',b'Octa-core (2x2.86 GHz Cortex-A76 & 2x2.09 GHz Cortex-A76 & 4x1.86 GHz Cortex-A55)',b'Mali-G76 MP16',b'No',b'128GB 8GB RAM',,,"b'LED flash, HDR, panorama'","b'4K@30/60fps, 1080p@30fps, 1080p@960fps, OIS, gyro-EIS'","b'40 MP, f/1.8, 27mm (wide), 1/1.7"", PDAF 8 MP, f/2.4, 80mm (telephoto), PDAF, Laser AF, OIS, 3x optical zoom'",b'Panorama',"b'4K@30fps, 1080p@30fps, gyro-EIS'",b'Yes',b'No',"b'Wi-Fi 802.11 a/b/g/n/ac, dual-band, Wi-Fi Direct, hotspot'","b'5.1, A2DP, LE'","b'Yes, with A-GPS, BDS'",b'Yes',,b'No',"b'USB Type-C 2.0, USB On-The-Go'","b'Fingerprint (side-mounted), accelerometer, gyro, proximity, compass'","b'Li-Po 4200 mAh, non-removable'","b'Fast charging 40W, 70% in 30 min (advertised) Reverse charging'","b'Black, Blue, Light Blue'",,b'OXP-AN00',b'About 360 EUR',,,,,,,,,,,,,"b'32 MP, f/2.0, 26mm (wide), 1/2.8"", 0.8\xc2\xb5m 8 MP, (ultrawide)'",,,,,,,,,,,,,,,
,,,,,,,,,,,,,,,,,,,,,,,,,,,,,,,,,,,,,,,,,,,,,,,,,,,,,,,,,,,,,,,,,,,,,,,,,,
b'honor',b'Honor X10 5G',b'https://fdn2.gsmarena.com/vv/bigpic/honor-x10-5g.jpg',b'GSM / CDMA / HSPA / EVDO / LTE / 5G',b'GSM 850 / 900 / 1800 / 1900 - SIM 1 & SIM 2',b'HSDPA 800 / 850 / 900 / 1700(AWS) / 1900 / 2100',"b'1, 2, 3, 4, 5, 8, 18, 19, 26, 34, 38, 39, 40, 41'","b'1, 3, 38, 41, 77, 78, 79, 80, 84 SA/NSA'","b'HSPA 42.2/5.76 Mbps, LTE-A (4CA) Cat12 600/50 Mbps, 5G 2.3 Gbps DL'","b'2020, May 20'","b'Available. Released 2020, May 26'",b'163.7 x 76.5 x 8.8 mm (6.44 x 3.01 x 0.35 in)',b'203 g (7.16 oz)',"b'Dual SIM (Nano-SIM, dual stand-by)'","b'LTPS IPS LCD, 90Hz'","b'6.63 inches, 106.1 cm2 (~84.7% screen-to-body ratio)'","b'1080 x 2400 pixels, 20:9 ratio (~397 ppi density)'",b'CDMA 800 & TD-SCDMA',"b'Android 10, Magic UI 3.1, no Google Play Services'",b'Kirin 820 5G (7nm)',b'Octa-core (1x2.36 GHz Cortex-A76 & 3x2.22 GHz Cortex-A76 & 4x1.84 GHz Cortex-A55)',b'Mali-G57 (6-core)',"b'NM (Nano Memory), up to 256GB (uses shared SIM slot)'","b'64GB 6GB RAM, 128GB 6GB RAM, 128GB 8GB RAM'",b'CDMA2000 1xEV-DO',"b'40 MP, f/1.8, 26mm (wide), 1/1.7"", PDAF 8 MP, f/2.4, 17mm, 120\xcb\x9a (ultrawide) 2 MP, f/2.4, (depth)'","b'LED flash, panorama, HDR'","b'4K@30fps, 1080p@30fps, 720p@960fps, gyro-EIS'",,b'HDR',b'1080p@30fps',b'Yes',b'Yes',"b'Wi-Fi 802.11 a/b/g/n/ac, dual-band, Wi-Fi Direct, hotspot'","b'5.1, A2DP, LE'","b'Yes, with A-GPS, GLONASS, BDS'",b'No',,b'No',"b'USB Type-C 2.0, USB On-The-Go'","b'Fingerprint (side-mounted), accelerometer, gyro, proximity, compass'","b'Li-Po 4300 mAh, non-removable'",b'Fast charging 22.5W Reverse charging',"b'Blue, Orange, Black, Silver'",,b'TEL-TN00',b'About 250 EUR',,"b'Motorized pop-up 16 MP, f/2.2, 24mm (wide), 1/3.06"", 1.0\xc2\xb5m'",,,,,,,,b'Glass front (Aluminosilicate glass)',,,,b'Aluminosilicate glass',,,,,,,,,,,,,,
,,,,,,,,,,,,,,,,,,,,,,,,,,,,,,,,,,,,,,,,,,,,,,,,,,,,,,,,,,,,,,,,,,,,,,,,,,
b'honor',b'Honor V6',b'https://fdn2.gsmarena.com/vv/bigpic/honor-v6.jpg',b'LTE / 5G',b'N/A',b'N/A',b'LTE',b'SA/NSA',"b'LTE-A, 5G'","b'2020, May 19'","b'Available. Released 2020, June 15'",b'245.2 x 154.9 x 7.8 mm (9.65 x 6.10 x 0.31 in)',b'480 g (1.06 lb)',b'No',b'IPS LCD',"b'10.4 inches, 307.9 cm2 (~81.1% screen-to-body ratio)'","b'1200 x 2000 pixels, 5:3 ratio (~224 ppi density)'",b'Stylus support',"b'Android 10, Magic UI 3.1, no Google Play Services'",b'Kirin 985 5G (7 nm)',b'Octa-core (1x2.58 GHz Cortex-A76 & 3x2.40 GHz Cortex-A76 & 4x1.84 GHz Cortex-A55)',b'Mali-G77 (8-core)',b'microSDXC',"b'64GB 6GB RAM, 128GB 6GB RAM, 256GB 8GB RAM'",,,"b'LED flash, HDR, panorama'",b'1080p@30fps',,b'HDR',b'1080p@30fps',"b'Yes, with stereo speakers'",b'No',"b'Wi-Fi 802.11 a/b/g/n/ac/6, dual-band, Wi-Fi Direct, hotspot'","b'5.1, A2DP, LE'","b'Yes, GLONASS, BDS'",b'No',,b'No',b'USB Type-C 2.0',"b'Accelerometer, proximity, compass'","b'Li-Po 7250 mAh, non-removable'",,"b'Green, Silver, Black'",,"b'KRJ-W09, KRJ-AN00'",b'About 280 EUR',,"b'13 MP, f/1.8, (wide), AF'",,,,,,b'No',b'No',,,"b'8 MP, f/2.2, (wide)'",,,,,,,,,,,,,,,,
,,,,,,,,,,,,,,,,,,,,,,,,,,,,,,,,,,,,,,,,,,,,,,,,,,,,,,,,,,,,,,,,,,,,,,,,,,
b'honor',b'Honor 9A',b'https://fdn2.gsmarena.com/vv/bigpic/honor-9a.jpg',b'GSM / HSPA / LTE',b'GSM 850 / 900 / 1800 / 1900',b'HSDPA 850 / 900 / 1900 / 2100',"b'1, 2, 3, 4, 5, 7, 8, 20, 28, 34, 38, 39, 40, 41'",,"b'HSPA 42.2/5.76 Mbps, LTE-A Cat4 150/50 Mbps'","b'2020, April 29'","b'Available. Released 2020, May 04'",b'159.1 x 74.1 x 9 mm (6.26 x 2.92 x 0.35 in)',b'185 g (6.53 oz)',"b'Dual SIM (Nano-SIM, dual stand-by)'",b'IPS LCD',"b'6.3 inches, 95.8 cm2 (~81.3% screen-to-body ratio)'","b'720 x 1600 pixels, 20:9 ratio (~278 ppi density)'",b'eMMC 5.1',"b'Android 10, Magic UI 3.1, no Google Play Services'",b'Mediatek MT6762R Helio P22 (12 nm)',b'Octa-core (4x2.0 GHz Cortex-A53 & 4x1.5 GHz Cortex-A53)',b'PowerVR GE8320',b'microSDXC (dedicated slot)',b'64GB 3GB RAM',,"b'13 MP, f/1.8, (wide), PDAF 5 MP, f/2.2, (ultrawide) 2 MP, f/2.4, (depth)'","b'LED flash, HDR, panorama'",b'1080p@30fps',,b'HDR',b'1080p@30fps',b'Yes',b'Yes',"b'Wi-Fi 802.11 b/g/n, Wi-Fi Direct, hotspot'","b'5.0, A2DP, LE'","b'Yes, with A-GPS, GLONASS, BDS'",b'Yes (market/region dependent)',,b'FM radio; built-in antenna',"b'microUSB 2.0, USB On-The-Go'","b'Fingerprint (rear-mounted), accelerometer, proximity'","b'Li-Po 5000 mAh, non-removable'",,"b'Black, Blue, Green'",,b'MOA-LX9N',b'About 150 EUR',,"b'8 MP, f/2.0, (wide)'",,,,b'-26.2 LUFS (Good)',,,,"b'Glass front, plastic back, plastic frame'",,,,,,,,,,,,,,,,,,
,,,,,,,,,,,,,,,,,,,,,,,,,,,,,,,,,,,,,,,,,,,,,,,,,,,,,,,,,,,,,,,,,,,,,,,,,,
b'honor',b'Honor 9C',b'https://fdn2.gsmarena.com/vv/bigpic/honor-9c.jpg',b'GSM / HSPA / LTE',b'GSM 850 / 900 / 1800 / 1900 - SIM 1 & SIM 2',b'HSDPA 850 / 900 / 1900 / 2100',"b'1, 2, 3, 4, 5, 7, 8, 20, 34, 38, 39, 40, 41'",,"b'HSPA 42.2/5.76 Mbps, LTE-A'","b'2020, April 29'","b'Available. Released 2020, May 04'",b'159.8 x 76.1 x 8.1 mm (6.29 x 3.00 x 0.32 in)',b'176 g (6.21 oz)',"b'Dual SIM (Nano-SIM, dual stand-by)'",b'IPS LCD',"b'6.39 inches, 100.2 cm2 (~82.4% screen-to-body ratio)'","b'720 x 1560 pixels, 19.5:9 ratio (~269 ppi density)'",,"b'Android 10, EMUI 10.1, no Google Play Services'",b'Kirin 710A (14 nm)',b'Octa-core (4x2.2 GHz Cortex-A73 & 4x1.7 GHz Cortex-A53)',b'Mali-G51 MP4',b'microSDXC (dedicated slot)',b'64GB 4GB RAM',,"b'48 MP, f/1.8, (wide), 1/2.0"", 0.8\xc2\xb5m, PDAF 8 MP, f/2.4, 120\xcb\x9a (ultrawide) 2 MP, f/2.4, (depth)'","b'LED flash, HDR, panorama'",b'1080p@30fps',,b'HDR',b'1080p@30fps',b'Yes',b'Yes',"b'Wi-Fi 802.11 b/g/n, Wi-Fi Direct, hotspot'","b'5.0, A2DP, LE'","b'Yes, with A-GPS, GLONASS, BDS'",b'No',,b'No',b'microUSB 2.0',"b'Fingerprint (rear-mounted), accelerometer, proximity, compass'","b'Li-Po 4000 mAh, non-removable'",,"b'Black, Blue'",,b'AKA-L29',b'About 160 EUR',,"b'8 MP, f/2.0, (wide)'",,,,,,,,,,,,,,,,,,,,,,,,,,
,,,,,,,,,,,,,,,,,,,,,,,,,,,,,,,,,,,,,,,,,,,,,,,,,,,,,,,,,,,,,,,,,,,,,,,,,,
b'honor',b'Honor 9S',b'https://fdn2.gsmarena.com/vv/bigpic/honor-9s.jpg',b'GSM / HSPA / LTE',b'GSM 850 / 900 / 1800 / 1900 - SIM 1 & SIM 2',b'HSDPA 850 / 900 / 1900 / 2100',"b'1, 2, 3, 4, 5, 7, 8, 20, 28, 38, 40, 41'",,"b'HSPA 42.2/5.76 Mbps, LTE'","b'2020, April 29'","b'Available. Released 2020, May 04'",b'146.5 x 70.9 x 8.4 mm (5.77 x 2.79 x 0.33 in)',b'144 g (5.08 oz)',"b'Dual SIM (Nano-SIM, dual stand-by)'",b'IPS LCD',"b'5.45 inches, 76.7 cm2 (~73.8% screen-to-body ratio)'","b'720 x 1440 pixels, 18:9 ratio (~295 ppi density)'",,"b'Android 10, Magic UI 3.1, no Google Play Services'",b'Mediatek MT6762R Helio P22 (12 nm)',b'Octa-core (4x2.0 GHz Cortex-A53 & 4x1.5 GHz Cortex-A53)',b'PowerVR GE8320',b'microSDXC (dedicated slot)',b'32GB 2GB RAM',,,"b'LED flash, HDR, panorama'",b'1080p@30fps',,,b'1080p@30fps',b'Yes',b'Yes',"b'Wi-Fi 802.11 b/g/n, Wi-Fi Direct, hotspot'","b'5.0, A2DP, LE'","b'Yes, with A-GPS, GLONASS, BDS'",b'No',,b'FM radio',b'microUSB 2.0',"b'Accelerometer, proximity'","b'Li-Po 3020 mAh, non-removable'",,"b'Black, Blue, Red'",,b'DUA-LX9',b'About 90 EUR',,"b'8 MP, f/2.0, (wide), AF'",,,,,,,,,,"b'5 MP, f/2.2'",,,,,,,,,,,,,,,,
,,,,,,,,,,,,,,,,,,,,,,,,,,,,,,,,,,,,,,,,,,,,,,,,,,,,,,,,,,,,,,,,,,,,,,,,,,
b'honor',b'Honor 9X Lite',b'https://fdn2.gsmarena.com/vv/bigpic/huawei-honor-9x-lite.jpg',b'GSM / HSPA / LTE',b'GSM 850 / 900 / 1800 / 1900 - SIM 1 & SIM 2',b'HSDPA 850 / 900 / 1900 / 2100',"b'1, 3, 7, 8, 20'",,"b'HSPA 42.2/5.76 Mbps, LTE-A (2CA) Cat6 300/50 Mbps'","b'2020, April 17'","b'Available. Released 2020, May 14'",b'160.4 x 76.6 x 7.8 mm (6.31 x 3.02 x 0.31 in)',b'188 g (6.63 oz)',"b'Dual SIM (Nano-SIM, dual stand-by)'",b'IPS LCD',"b'6.5 inches, 103.2 cm2 (~84.0% screen-to-body ratio)'","b'1080 x 2340 pixels, 19.5:9 ratio (~397 ppi density)'",,"b'Android 9.0 (Pie), EMUI 9.1, Google Play Services'",b'Kirin 710F (12 nm)',b'Octa-core (4x2.2 GHz Cortex-A73 & 4x1.7 GHz Cortex-A53)',b'Mali-G51 MP4',b'microSDXC (dedicated slot)',b'128GB 4GB RAM',,,"b'LED flash, HDR, panorama'",b'1080p@30fps',"b'48 MP, f/1.8, (wide), 1/2.0"", 0.8\xc2\xb5m, PDAF 2 MP, f/2.4, (depth)'",,b'1080p@30fps',b'Yes',b'Yes',"b'Wi-Fi 802.11 a/b/g/n/ac, dual-band, Wi-Fi Direct, hotspot'","b'4.2, A2DP, LE'","b'Yes, with A-GPS, GLONASS, BDS'",b'Yes (market/region dependent)',,b'FM radio',b'microUSB 2.0',"b'Fingerprint (rear-mounted), accelerometer, proximity, compass'","b'Li-Po 3750 mAh, non-removable'",b'Charging 10W',"b'Emerald Green, Midnight Black'",,"b'JSN-L21, JSN-L22, JSN-L23'",b'$\xe2\x80\x89164.99 / \xe2\x82\xac\xe2\x80\x89149.99 / \xc2\xa3\xe2\x80\x89129.99',,"b'8 MP, f/2.0, (wide)'",,,,,,,,,,,,,b'$\xe2\x80\x89164.99',,,,,,,,,,,,,
,,,,,,,,,,,,,,,,,,,,,,,,,,,,,,,,,,,,,,,,,,,,,,,,,,,,,,,,,,,,,,,,,,,,,,,,,,
b'honor',b'Honor 30 Pro+',b'https://fdn2.gsmarena.com/vv/bigpic/honor-30-pro-plus.jpg',b'GSM / HSPA / LTE / 5G',b'GSM 850 / 900 / 1800 / 1900 - SIM 1 & SIM 2',b'HSDPA 800 / 850 / 900 / 1700(AWS) / 1800 / 1900 / 2100',"b'1, 2, 3, 4, 5, 6, 7, 8, 9, 12, 17, 18, 19, 20, 26, 28, 34, 38, 39, 40, 41'","b'1, 3, 41, 77, 78, 79 SA/NSA'","b'HSPA 42.2/5.76 Mbps, LTE-A, 5G'","b'2020, April 15'","b'Available. Released 2020, April 21'",b'160.3 x 73.6 x 8.4 mm (6.31 x 2.90 x 0.33 in)',b'190 g (6.70 oz)',"b'Hybrid Dual SIM (Nano-SIM, dual stand-by)'","b'OLED, 90Hz'","b'6.57 inches, 106.0 cm2 (~89.8% screen-to-body ratio)'","b'1080 x 2340 pixels, 19.5:9 ratio (~392 ppi density)'",b'Water-repellent coating',"b'Android 10, Magic UI 3, no Google Play Services'",b'Kirin 990 5G (7 nm+)',b'Octa-core (2x2.86 GHz Cortex-A76 & 2x2.36 GHz Cortex-A76 & 4x1.95 GHz Cortex-A55)',b'Mali-G76 MP16',"b'NM (Nano Memory), up to 256GB (uses shared SIM slot)'","b'256GB 8GB RAM, 256GB 12GB RAM'",b'UFS',,"b'LED flash, panorama, HDR'","b'4K@30/60fps, 1080p@30/60fps, 1080p@1920fps; gyro-EIS'","b'32 MP, f/2.0, 26mm (wide), 1/2.8"", 0.8\xc2\xb5m 8 MP, f/2.2, (ultrawide)'",b'HDR',"b'4K, 1080p; gyro-EIS'","b'Yes, with stereo speakers'",b'No',"b'Wi-Fi 802.11 a/b/g/n/ac/6, dual-band, Wi-Fi Direct, hotspot'","b'5.1, A2DP, LE'","b'Yes, with dual-band A-GPS, GLONASS, BDS, GALILEO, QZSS, NavIC'",b'Yes',b'Yes',b'No',"b'USB Type-C 3.0, USB On-The-Go'","b'Fingerprint (under display, optical), accelerometer, gyro, proximity, compass'","b'Li-Po 4000 mAh, non-removable'",b'Fast charging 40W Fast wireless charging 27W Reverse charging 5W',"b'Titanium silver, Emerald Green, Midnight Black'",,b'EBG-AN10',b'$\xe2\x80\x89779.99',"b'50 MP, f/1.9, 23mm (wide), 1/1.28"", 1.22\xc2\xb5m, omnidirectional PDAF, Laser AF, OIS 8 MP, f/3.4, 125mm (Periscope telephoto), PDAF, OIS, 5x optical zoom 16 MP, f/2.2, 18mm (ultrawide),\xc2\xa0AF 2 MP, (depth)'",,b'AnTuTu: 510031 (v8) GeekBench: 3191 (v5.1) GFXBench: 37fps (ES 3.1 onscreen)',b'Contrast ratio: Infinite (nominal)',b'Photo / Video',b'-23.8 LUFS (Very good)',b'Endurance rating 99h',,,"b'Glass front, glass back, aluminum frame'",,,,,,b'$\xe2\x80\x89779.99',,,,,,,,,,,,
,,,,,,,,,,,,,,,,,,,,,,,,,,,,,,,,,,,,,,,,,,,,,,,,,,,,,,,,,,,,,,,,,,,,,,,,,,
b'honor',b'Honor 30 Pro',b'https://fdn2.gsmarena.com/vv/bigpic/honor-30-pro.jpg',b'GSM / HSPA / LTE / 5G',b'GSM 850 / 900 / 1800 / 1900 - SIM 1 & SIM 2',b'HSDPA 800 / 850 / 900 / 1700(AWS) / 1800 / 1900 / 2100',"b'1, 2, 3, 4, 5, 6, 7, 8, 9, 12, 17, 18, 19, 20, 26, 28, 34, 38, 39, 40, 41'","b'1, 3, 41, 77, 78, 79 SA/NSA'","b'HSPA 42.2/5.76 Mbps, LTE-A, 5G'","b'2020, April 15'","b'Available. Released 2020, April 21'",b'160.3 x 73.6 x 8.4 mm (6.31 x 2.90 x 0.33 in)',b'186 g (6.56 oz)',"b'Hybrid Dual SIM (Nano-SIM, dual stand-by)'",b'OLED',"b'6.57 inches, 106.0 cm2 (~89.8% screen-to-body ratio)'","b'1080 x 2340 pixels, 19.5:9 ratio (~392 ppi density)'",b'IP54 splash proof',"b'Android 10, Magic UI 3, no Google Play Services'",b'Kirin 990 5G (7 nm+)',b'Octa-core (2x2.86 GHz Cortex-A76 & 2x2.36 GHz Cortex-A76 & 4x1.95 GHz Cortex-A55)',b'Mali-G76 MP16',"b'NM (Nano Memory), up to 256GB (uses shared SIM slot)'","b'128GB 8GB RAM, 256GB 8GB RAM'",b'UFS',,"b'LED flash, panorama, HDR'","b'4K@30/60fps, 1080p@30/60fps, 1080p@1920fps; gyro-EIS'","b'32 MP, f/2.0, 26mm (wide), 1/2.8"", 0.8\xc2\xb5m 8 MP, f/2.2, (ultrawide)'",b'HDR',"b'4K, 1080p; gyro-EIS'","b'Yes, with stereo speakers'",b'No',"b'Wi-Fi 802.11 a/b/g/n/ac/6, dual-band, Wi-Fi Direct, hotspot'","b'5.1, A2DP, LE'","b'Yes, with dual-band A-GPS, GLONASS, BDS, GALILEO, QZSS, NavIC'",b'Yes',b'Yes',b'No',"b'USB Type-C 3.0, USB On-The-Go'","b'Fingerprint (under display, optical), accelerometer, gyro, proximity, compass'","b'Li-Po 4000 mAh, non-removable'",b'Fast charging 40W Reverse charging 5W',"b'Titanium silver, Emerald Green, Midnight Black, Icelandic Frost, Neon purple'",,b'EBG-AN00',b'$\xe2\x80\x89666.59',"b'40 MP, f/1.8, 27mm (wide), 1/1.7"", PDAF, Laser AF, OIS 8 MP, f/3.4, 125mm (Periscope telephoto), PDAF, OIS, 5x optical zoom 16 MP, f/2.2, 18mm (ultrawide) 2 MP, (depth)'",,,,,,,,,"b'Glass front, glass back, aluminum frame'",,,,,,b'$\xe2\x80\x89714.99',b'$\xe2\x80\x89666.59',,,,,,,,,,,
,,,,,,,,,,,,,,,,,,,,,,,,,,,,,,,,,,,,,,,,,,,,,,,,,,,,,,,,,,,,,,,,,,,,,,,,,,
b'honor',b'Honor 30',b'https://fdn2.gsmarena.com/vv/bigpic/honor-30.jpg',b'GSM / HSPA / LTE / 5G',b'GSM 850 / 900 / 1800 / 1900 - SIM 1 & SIM 2',b'HSDPA 800 / 850 / 900 / 1700(AWS) / 1800 / 1900 / 2100',"b'1, 2, 3, 4, 5, 6, 7, 8, 9, 18, 19, 20, 26, 34, 38, 39, 40, 41 - International'","b'1, 3, 38, 41, 77, 78, 79 SA/NSA - International'","b'HSPA 42.2/5.76 Mbps, LTE-A, 5G'","b'2020, April 15'","b'Available. Released 2020, April 21'",b'160.3 x 74.2 x 8.1 mm (6.31 x 2.92 x 0.32 in)',b'185 g (6.53 oz)',"b'Hybrid Dual SIM (Nano-SIM, dual stand-by)'",b'OLED',"b'6.53 inches, 102.9 cm2 (~86.6% screen-to-body ratio)'","b'1080 x 2400 pixels, 20:9 ratio (~403 ppi density)'","b'1, 2, 3, 4, 5, 6, 7, 8, 9, 18, 19, 26, 34, 38, 39, 40, 41 - China'","b'Android 10, Magic UI 3, no Google Play Services'",b'Kirin 985 5G (7 nm)',b'Octa-core (1x2.58 GHz Cortex-A76 & 3x2.40 GHz Cortex-A76 & 4x1.84 GHz Cortex-A55)',b'Mali-G77',"b'NM (Nano Memory), up to 256GB (uses shared SIM slot)'","b'128GB 6GB RAM, 128GB 8GB RAM, 256GB 8GB RAM'","b'1, 3, 41, 77, 78, 79 SA/NSA - China'",,"b'LED flash, panorama, HDR'","b'4K@30/60fps, 1080p@30/60fps, 720p@960fps; gyro-EIS'",,b'HDR',"b'4K, 1080p; gyro-EIS'",b'Yes',b'No',"b'Wi-Fi 802.11 a/b/g/n/ac, dual-band, Wi-Fi Direct, hotspot'","b'5.1, A2DP, LE'","b'Yes, with dual-band A-GPS, GLONASS, BDS, GALILEO, QZSS'",b'Yes',,b'No',"b'USB Type-C 2.0, USB On-The-Go'","b'Fingerprint (under display, optical), accelerometer, gyro, proximity, compass'","b'Li-Po 4000 mAh, non-removable'",b'Fast charging 40W Reverse charging 5W',"b'Titanium silver, Emerald Green, Midnight Black, Icelandic Frost, Neon purple'",b'UFS',b'BMH-AN10',b'$\xe2\x80\x89319.99',"b'40 MP, f/1.8, 27mm (wide), 1/1.7"", PDAF 8 MP, f/3.4, 125mm (Periscope telephoto), PDAF, OIS, 5x optical zoom 8 MP, f/2.4, 17mm (ultrawide) 2 MP, (depth)'","b'32 MP, f/2.0, 26mm (wide), 1/2.8"", 0.8\xc2\xb5m'",,,,,,,,,,,,,,b'$\xe2\x80\x89669.99',b'$\xe2\x80\x89409.99',b'$\xe2\x80\x89319.99',,,,,,,,,,
,,,,,,,,,,,,,,,,,,,,,,,,,,,,,,,,,,,,,,,,,,,,,,,,,,,,,,,,,,,,,,,,,,,,,,,,,,
b'honor',b'Honor 20e',b'https://fdn2.gsmarena.com/vv/bigpic/honor-20e.jpg',b'GSM / HSPA / LTE',b'GSM 900 / 1800 / 1900 - SIM 1 & SIM 2 (Dual SIM model only)',b'HSDPA 850 / 900 / 1900 / 2100',"b'1, 3, 5, 7, 8, 20'",,"b'HSPA 42.2/5.76 Mbps, LTE-A (2CA) Cat6 300/50 Mbps'","b'2020, April 16'","b'Available. Released 2020, April 27'",b'154.8 x 73.6 x 8 mm (6.09 x 2.90 x 0.31 in)',b'164 g (5.78 oz)',"b'Single SIM (Nano-SIM) or Hybrid Dual SIM (Nano-SIM, dual stand-by)'",b'LTPS IPS LCD',"b'6.21 inches, 94.7 cm2 (~83.1% screen-to-body ratio)'","b'1080 x 2340 pixels, 19.5:9 ratio (~415 ppi density)'",b'eMMC 5.1',"b'Android 9.0 (Pie), EMUI 9.1, Google Play Services'",b'Kirin 710F (12 nm)',b'Octa-core (4x2.2 GHz Cortex-A73 & 4x1.7 GHz Cortex-A53)',b'Mali-G51 MP4',b'microSDXC (uses shared SIM slot)',b'64GB 4GB RAM',,"b'24 MP, f/1.8, PDAF 8 MP, f/2.4, 120\xcb\x9a (ultrawide) 2 MP, f/2.4, (depth)'","b'LED flash, HDR, panorama'",b'1080p@30/60fps',,b'HDR',b'1080p@30fps',b'Yes',b'Yes',"b'Wi-Fi 802.11 b/g/n, Wi-Fi Direct, hotspot'","b'4.2, A2DP, LE'","b'Yes, with A-GPS, GLONASS'",b'Yes',,b'FM radio',"b'microUSB 2.0, USB On-The-Go'","b'Fingerprint (rear-mounted), accelerometer, proximity, compass'","b'Li-Po 3400 mAh, non-removable'",b'Charging 10W',"b'Midnight Black, Phantom Blue'",,,b'About 180 EUR',,"b'8 MP, f/2.0, (wide)'",,,,,,,,"b'Glass front, plastic back, plastic frame'",,,,,,,,,,,,,,,,,,
,,,,,,,,,,,,,,,,,,,,,,,,,,,,,,,,,,,,,,,,,,,,,,,,,,,,,,,,,,,,,,,,,,,,,,,,,,
b'honor',b'Honor Play 4T Pro',b'https://fdn2.gsmarena.com/vv/bigpic/honor-play-4t-pro.jpg',b'GSM / CDMA / HSPA / LTE',b'GSM 850 / 900 / 1800 / 1900 - SIM 1 & SIM 2',b'HSDPA 850 / 900 / 1900 / 2100',"b'1, 3, 5, 8, 34, 38, 39, 40, 41'",,"b'HSPA 42.2/5.76 Mbps, LTE-A'","b'2020, April 09'","b'Available. Released 2020, April 09'",b'157.4 x 73.2 x 7.8 mm (6.20 x 2.88 x 0.31 in)',b'165 g (5.82 oz)',"b'Dual SIM (Nano-SIM, dual stand-by)'",b'OLED',"b'6.3 inches, 95.8 cm2 (~83.2% screen-to-body ratio)'","b'1080 x 2400 pixels, 20:9 ratio (~418 ppi density)'",b'CDMA 800 & TD-SCDMA',"b'Android 10, Magic UI 2, no Google Play Services'",b'Kirin 810 (7 nm)',b'Octa-core (2x2.27 GHz Cortex-A76 & 6x1.88 GHz Cortex-A55)',b'Mali-G52 MP6',"b'NM (Nano Memory), up to 256GB (uses shared SIM slot)'","b'128GB 6GB RAM, 128GB 8GB RAM'",b'UFS 2.1',"b'48 MP, f/1.8, 27mm (wide), 1/2.0"", 0.8\xc2\xb5m, PDAF 8 MP, f/2.4, 17mm (ultrawide) 2 MP, f/2.4, (depth)'","b'LED flash, HDR, panorama'","b'4K@30fps, 1080p@30fps'",,b'HDR',b'1080p@30fps',b'Yes',b'Yes',"b'Wi-Fi 802.11 a/b/g/n/ac, dual-band, Wi-Fi Direct, hotspot'","b'5.0, A2DP, LE'","b'Yes, with A-GPS, GLONASS, BDS'",b'No',,b'No',"b'USB Type-C 2.0, USB On-The-Go'","b'Fingerprint (under display, optical), accelerometer, proximity, compass'","b'Li-Po 4000 mAh, non-removable'",b'Fast charging 22.5W',"b'Black, Blue, Green'",,"b'AQM-AL10, AQM-TL10'",b'About 200 EUR',,"b'16 MP, f/2.0, (wide)'",,,,,,,,,,,,,,,,,,,,,,,,,,
,,,,,,,,,,,,,,,,,,,,,,,,,,,,,,,,,,,,,,,,,,,,,,,,,,,,,,,,,,,,,,,,,,,,,,,,,,
b'honor',b'Honor Play 4T',b'https://fdn2.gsmarena.com/vv/bigpic/honor-play-4t.jpg',b'GSM / CDMA / HSPA / LTE',b'GSM 850 / 900 / 1800 / 1900 - SIM 1 & SIM 2',b'HSDPA 850 / 900 / 1900 / 2100',"b'1, 3, 5, 8, 34, 38, 39, 40, 41'",,"b'HSPA 42.2/5.76 Mbps, LTE-A'","b'2020, April 09'","b'Available. Released 2020, April 14'",b'159.8 x 76.1 x 8.1 mm (6.29 x 3.00 x 0.32 in)',b'176 g (6.21 oz)',"b'Dual SIM (Nano-SIM, dual stand-by)'",b'IPS LCD',"b'6.39 inches, 100.2 cm2 (~82.4% screen-to-body ratio)'","b'720 x 1560 pixels, 19.5:9 ratio (~269 ppi density)'",b'CDMA 800 & TD-SCDMA',"b'Android 10, Magic UI 3, no Google Play Services'",b'Kirin 710A (14 nm)',b'Octa-core (4x2.2 GHz Cortex-A73 & 4x1.7 GHz Cortex-A53)',b'Mali-G51 MP4',b'microSDXC (uses shared SIM slot)',b'128GB 6GB RAM',,,"b'LED flash, HDR, panorama'",b'1080p@30fps',"b'48 MP, f/1.8, (wide), 1/2.0"", 0.8\xc2\xb5m, PDAF 2 MP, f/2.4, (depth)'",b'HDR',b'1080p@30fps',b'Yes',b'Yes',"b'Wi-Fi 802.11 b/g/n, Wi-Fi Direct, hotspot'","b'5.0, A2DP, LE'","b'Yes, with A-GPS, GLONASS, BDS'",b'No',,b'No',"b'microUSB 2.0, USB On-The-Go'","b'Fingerprint (rear-mounted), accelerometer, proximity, compass'","b'Li-Po 4000 mAh, non-removable'",b'Charging 10W',"b'Black, Blue, Green'",,"b'AKA-AL10, AKA-TL10'",b'About 160 EUR',,"b'8 MP, (wide)'",,,,,,,,,,,,,,,,,,,,,,,,,,
,,,,,,,,,,,,,,,,,,,,,,,,,,,,,,,,,,,,,,,,,,,,,,,,,,,,,,,,,,,,,,,,,,,,,,,,,,
b'honor',b'Honor 8A 2020',b'https://fdn2.gsmarena.com/vv/bigpic/honor-8a-2020-uk.jpg',b'GSM / HSPA / LTE',b'GSM 850 / 900 / 1800 / 1900 - SIM 1 & SIM 2',b'HSDPA 850 / 900 / 1900 / 2100',"b'1, 3, 5, 7, 8, 20, 38, 40, 41'",,"b'HSPA 42.2/5.76 Mbps, LTE-A Cat4 150/50 Mbps'","b'2020, April 10'","b'Available. Released 2020, April 15'",b'156.3 x 73.5 x 8.2 mm (6.15 x 2.89 x 0.32 in)',b'150 g (5.29 oz)',"b'Dual SIM (Nano-SIM, dual stand-by)'",b'IPS LCD',"b'6.09 inches, 91.0 cm2 (~79.2% screen-to-body ratio)'","b'720 x 1560 pixels, 19.5:9 ratio (~282 ppi density)'",b'eMMC 5.1',"b'Android 9.0 (Pie), EMUI 9'",b'Mediatek MT6765 Helio P35 (12nm)',b'Octa-core (4x2.3 GHz Cortex-A53 & 4x1.8 GHz Cortex-A53)',b'PowerVR GE8320',b'microSDXC (dedicated slot)',b'64GB 3GB RAM',,,"b'LED flash, HDR, panorama'",b'1080p@30fps',,b'HDR',b'1080p@30fps',b'Yes',b'Yes',"b'Wi-Fi 802.11 b/g/n, Wi-Fi Direct, hotspot'","b'4.2, A2DP, LE'","b'Yes, with A-GPS, GLONASS, GALILEO, BDS'",b'Yes',,b'FM radio',"b'USB Type-C 2.0, USB On-The-Go'","b'Fingerprint (rear-mounted), accelerometer, gyro, proximity, compass'","b'Li-Po 3020 mAh, non-removable'",,"b'Black, Blue'",,,b'About 150 EUR',,"b'13 MP, f/1.8, PDAF'",,,,,,,,,,"b'8 MP, f/2.0'",,,,,,,,,,,,,,,,
,,,,,,,,,,,,,,,,,,,,,,,,,,,,,,,,,,,,,,,,,,,,,,,,,,,,,,,,,,,,,,,,,,,,,,,,,,
b'honor',b'Honor 8A Prime',b'https://fdn2.gsmarena.com/vv/bigpic/honor-8a-prime.jpg',b'GSM / HSPA / LTE',b'GSM 850 / 900 / 1800 / 1900 - SIM 1 & SIM 2',b'HSDPA 850 / 900 / 1900 / 2100',"b'1, 3, 5, 7, 8, 20'",,"b'HSPA 42.2/5.76 Mbps, LTE-A Cat4 150/50 Mbps'","b'2020, March 30'","b'Available. Released 2020, March 30'",b'156.3 x 73.5 x 8.2 mm (6.15 x 2.89 x 0.32 in)',b'150 g (5.29 oz)',"b'Dual SIM (Nano-SIM, dual stand-by)'",b'IPS LCD',"b'6.09 inches, 91.0 cm2 (~79.2% screen-to-body ratio)'","b'720 x 1560 pixels, 19.5:9 ratio (~282 ppi density)'",b'eMMC 5.1',"b'Android 9.0 (Pie), EMUI 9'",b'Mediatek MT6765 Helio P35 (12nm)',b'Octa-core (4x2.3 GHz Cortex-A53 & 4x1.8 GHz Cortex-A53)',b'PowerVR GE8320',b'microSDXC (dedicated slot)',b'64GB 3GB RAM',,,"b'LED flash, HDR, panorama'",b'1080p@30fps',,b'HDR',b'1080p@30fps',b'Yes',b'Yes',"b'Wi-Fi 802.11 b/g/n, Wi-Fi Direct, hotspot'","b'4.2, A2DP, LE'","b'Yes, with A-GPS, GLONASS, BDS'",b'Yes',,b'FM radio',b'microUSB 2.0',"b'Fingerprint (rear-mounted), accelerometer, proximity'","b'Li-Po 3020 mAh, non-removable'",,"b'Black, Blue, Green'",,b'JAT-LX1',b'About 110 EUR',,"b'13 MP, f/1.8, PDAF'",,,,,,,,,,"b'8 MP, f/2.0'",,,,,,,,,,,,,,,,
,,,,,,,,,,,,,,,,,,,,,,,,,,,,,,,,,,,,,,,,,,,,,,,,,,,,,,,,,,,,,,,,,,,,,,,,,,
b'honor',b'Honor 30S',b'https://fdn2.gsmarena.com/vv/bigpic/honor-30s.jpg',b'GSM / CDMA / HSPA / LTE / 5G',b'GSM 850 / 900 / 1800 / 1900 - SIM 1 & SIM 2',b'HSDPA 800 / 850 / 900 / 1700(AWS) / 1900 / 2100',"b'1, 2, 3, 4, 5, 6, 8, 18, 19, 26, 34, 38, 39, 40, 41'","b'1, 3, 41, 78, 79 SA/NSA'","b'HSPA 42.2/5.76 Mbps, LTE-A, 5G'","b'2020, March 30'","b'Available. Released 2020, April 07'",b'162.3 x 75 x 8.6 mm (6.39 x 2.95 x 0.34 in)',b'190 g (6.70 oz)',"b'Dual SIM (Nano-SIM, dual stand-by)'","b'LTPS IPS LCD, HDR10'","b'6.5 inches, 102.0 cm2 (~83.8% screen-to-body ratio)'","b'1080 x 2400 pixels, 20:9 ratio (~405 ppi density)'",b'CDMA 800 & TD-SCDMA',"b'Android 10, Magic UI 3, no Google Play Services'",b'Kirin 820 5G (7nm)',b'Octa-core (1x2.36 GHz Cortex-A76 & 3x2.22 GHz Cortex-A76 & 4x1.84 GHz Cortex-A55)',b'Mali-G57 6',"b'NM (Nano Memory), up to 256GB (uses shared SIM slot)'","b'128GB 6GB RAM, 128GB 8GB RAM, 256GB 8GB RAM'",b'UFS 2.1',,"b'LED flash, HDR, panorama'","b'4K@30fps, 1080p@30fps, 720p@960fps, gyro-EIS'",,b'HDR',b'1080p@30fps',b'Yes',b'Yes',"b'Wi-Fi 802.11 a/b/g/n/ac, dual-band, Wi-Fi Direct, hotspot'","b'5.1, A2DP, LE'","b'Yes, with A-GPS, GLONASS, BDS'",b'No',,b'No',"b'USB Type-C 2.0, USB On-The-Go'","b'Fingerprint (side-mounted), accelerometer, gyro, proximity, compass'","b'Li-Po 4000 mAh, non-removable'","b'Fast charging 40W, 70% in 30 min'","b'Black, Blue, Green, Gradient, Butterfly Feather Red'",b'32-bit/192kHz audio',b'CDY-AN90',b'About 310 EUR',"b'64 MP, f/1.8, 26mm (wide), 1/1.72"", 0.8\xc2\xb5m, PDAF 8 MP, f/2.4, 80mm (telephoto), AF, 3x optical zoom 8 MP, f/2.4, 17mm (ultrawide) 2 MP, f/2.4, (depth)'","b'16 MP, f/2.0, (wide)'",,,,,,,,"b'Glass front (Aluminosilicate glass), glass back, aluminum frame'",,,,b'Aluminosilicate glass',,,,,,,,,,,,,,
,,,,,,,,,,,,,,,,,,,,,,,,,,,,,,,,,,,,,,,,,,,,,,,,,,,,,,,,,,,,,,,,,,,,,,,,,,
b'honor',b'Honor Play 9A',b'https://fdn2.gsmarena.com/vv/bigpic/honor-play-9a-r.jpg',b'GSM / CDMA / HSPA / LTE',b'GSM 850 / 900 / 1800 / 1900',b'HSDPA 850 / 900 / 2100',"b'1, 3, 5, 8, 34, 38, 39, 40, 41'",,"b'HSPA 42.2/5.76 Mbps, LTE-A Cat4 150/50 Mbps'","b'2020, March 30'","b'Available. Released 2020, April 03'",b'159.1 x 74.1 x 9 mm (6.26 x 2.92 x 0.35 in)',b'185 g (6.53 oz)',"b'Dual SIM (Nano-SIM, dual stand-by)'",b'IPS LCD',"b'6.3 inches, 95.8 cm2 (~81.3% screen-to-body ratio)'","b'720 x 1600 pixels, 20:9 ratio (~278 ppi density)'",b'CDMA 800 & TD-SCDMA',"b'Android 10, Magic UI 3.0, no Google Play Services'",b'Mediatek MT6765 Helio P35 (12nm)',b'Octa-core (4x2.3 GHz Cortex-A53 & 4x1.8 GHz Cortex-A53)',b'PowerVR GE8320',b'microSDXC (dedicated slot)',"b'64GB 4GB RAM, 128GB 4GB RAM'",b'eMMC 5.1',,"b'LED flash, HDR, panorama'",b'1080p@30fps',"b'13 MP, f/1.8, (wide), PDAF 2 MP, (depth)'",b'HDR',b'1080p@30fps',b'Yes',b'Yes',"b'Wi-Fi 802.11 b/g/n, Wi-Fi Direct, hotspot'","b'5.0, A2DP, LE'","b'Yes, with A-GPS, GLONASS, BDS'",b'No',,b'FM radio',"b'microUSB 2.0, USB On-The-Go'","b'Fingerprint (rear-mounted), accelerometer, proximity'","b'Li-Po 5000 mAh, non-removable'",b'Battery charging 10W',"b'Blue Water Emerald, Jasper Green, Dark Night Black'",,"b'MOA-AL00, MOA-TL00, MED-AL20, MOA-AL20'",b'About 120 EUR',,"b'8 MP, f/2.0, (wide)'",,,,,,,,"b'Glass front, plastic back, plastic frame'",,,,,,,,,,,,,,,,,,
,,,,,,,,,,,,,,,,,,,,,,,,,,,,,,,,,,,,,,,,,,,,,,,,,,,,,,,,,,,,,,,,,,,,,,,,,,
b'honor',b'Honor View30 Pro',b'https://fdn2.gsmarena.com/vv/bigpic/honor-view30-pro.jpg',b'GSM / HSPA / LTE / 5G',b'GSM 850 / 900 / 1800 / 1900 - SIM 1 & SIM 2',b'HSDPA 800 / 850 / 900 / 1700(AWS) / 1900 / 2100',"b'1, 2, 3, 4, 5, 7, 8, 12, 17, 18, 19, 26, 34, 38, 39, 40, 41'","b'1, 3, 41, 77, 78, 79 SA/NSA'","b'HSPA 42.2/5.76 Mbps, LTE-A, 5G (2+ Gbps DL)'","b'2020, February 24'","b'Available. Released 2020, April 27'",b'162.7 x 75.8 x 8.8 mm (6.41 x 2.98 x 0.35 in)',b'206 g (7.27 oz)',"b'Dual SIM (Nano-SIM, dual stand-by)'",b'IPS LCD',"b'6.57 inches, 104.7 cm2 (~84.9% screen-to-body ratio)'","b'1080 x 2400 pixels, 20:9 ratio (~400 ppi density)'",b'UFS 3.0',"b'Android 10, Magic UI 3, no Google Play Services'",b'Kirin 990 5G (7 nm+)',b'Octa-core (2x2.86 GHz Cortex-A76 & 2x2.36 GHz Cortex-A76 & 4x1.95 GHz Cortex-A55)',b'Mali-G76 MP16',b'No',"b'128GB 8GB RAM, 256GB 8GB RAM'",,"b'40 MP, f/1.6, 27mm (wide), 1/1.7"", PDAF, Laser AF, OIS 8 MP, f/2.4, 80mm (telephoto), 1/4.0"", PDAF, OIS, 3x optical zoom 12 MP, f/2.2, 16mm (ultrawide), 1.4\xc2\xb5m, AF'","b'LED flash, HDR, panorama'","b'4K@30fps, 1080p@30fps, 720p@960fps, (gyro-EIS)'","b'32 MP, f/2.0, 26mm (wide), 1/2.8"", 0.8\xc2\xb5m 8 MP, f/2.2, 17mm (ultrawide)'",b'HDR',"b'4K@30fps, 1080p@30fps'",b'Yes',b'No',"b'Wi-Fi 802.11 a/b/g/n/ac, dual-band, Wi-Fi Direct, hotspot'","b'5.1, A2DP, LE'","b'Yes, with dual-band A-GPS, GLONASS, BDS, GALILEO, QZSS'",b'Yes',b'Yes',b'No',"b'USB Type-C 2.0, USB On-The-Go'","b'Fingerprint (side-mounted), accelerometer, gyro, proximity, compass'","b'Li-Po 4100 mAh, non-removable'","b'Fast charging 40W, 70% in 30 min (advertised) Fast wireless charging 27W, 52% in 30 min (advertised) Reverse wireless charging'","b'Ocean Blue, Midnight Black, Icelandic frost, Sunrise Orange'",,,,,,,,,,,,,"b'Glass front, glass back, aluminum frame'",,,,b'Yes',,,,,,,,,,,,,,
,,,,,,,,,,,,,,,,,,,,,,,,,,,,,,,,,,,,,,,,,,,,,,,,,,,,,,,,,,,,,,,,,,,,,,,,,,
b'honor',b'Honor View30',b'https://fdn2.gsmarena.com/vv/bigpic/honor-view30.jpg',b'GSM / HSPA / LTE / 5G',b'GSM 850 / 900 / 1800 / 1900 - SIM 1 & SIM 2',b'HSDPA 800 / 850 / 900 / 1700(AWS) / 1900 / 2100',"b'1, 2, 3, 4, 5, 7, 8, 12, 17, 18, 19, 26, 34, 38, 39, 40, 41'","b'1, 3, 41, 77, 78, 79 SA/NSA'","b'HSPA 42.2/5.76 Mbps, LTE-A, 5G (2+ Gbps DL)'","b'2020, February 24'","b'Available. Released 2020, April 27'",b'162.7 x 75.8 x 8.9 mm (6.41 x 2.98 x 0.35 in)',b'213 g (7.51 oz)',"b'Dual SIM (Nano-SIM, dual stand-by)'",b'IPS LCD',"b'6.57 inches, 104.2 cm2 (~84.5% screen-to-body ratio)'","b'1080 x 2400 pixels, 20:9 ratio (~401 ppi density)'",b'UFS 3.0',"b'Android 10, Magic UI 3, no Google Play Services'",b'Kirin 990 (7 nm)',b'Octa-core (2x2.86 GHz Cortex-A76 & 2x2.09 GHz Cortex-A76 & 4x1.86 GHz Cortex-A55)',b'Mali-G76 MP16',b'No',"b'128GB 6GB RAM, 128GB 8GB RAM'",,"b'40 MP, f/1.8, 27mm (wide), 1/1.7"", PDAF, Laser AF 8 MP, f/2.4, 80mm (telephoto), 1/4.0"", PDAF, OIS, 3x optical zoom 8 MP, f/2.4, 16mm (ultrawide)'","b'LED flash, HDR, panorama'","b'4K@30fps, 1080p@30fps, 720p@960fps, (gyro-EIS)'","b'32 MP, f/2.0, 26mm (wide), 1/2.8"", 0.8\xc2\xb5m 8 MP, f/2.2, 17mm (ultrawide)'",b'HDR',b'1080p@30fps',b'Yes',b'No',"b'Wi-Fi 802.11 a/b/g/n/ac, dual-band, Wi-Fi Direct, hotspot'","b'5.1, A2DP, LE'","b'Yes, with dual-band A-GPS, GLONASS, BDS, GALILEO, QZSS'",b'Yes',,b'No',"b'USB Type-C 2.0, USB On-The-Go'","b'Fingerprint (side-mounted), accelerometer, gyro, proximity, compass'","b'Li-Po 4200 mAh, non-removable'","b'Fast charging 40W, 70% in 30 min (advertised)'","b'Ocean Blue, Midnight Black, Icelandic Frost, Sunrise Orange'",,,,,,,,,,,,,"b'Glass front, glass back, aluminum frame'",,,,b'Yes',,,,,,,,,,,,,,
,,,,,,,,,,,,,,,,,,,,,,,,,,,,,,,,,,,,,,,,,,,,,,,,,,,,,,,,,,,,,,,,,,,,,,,,,,
b'honor',b'Honor V30 Pro',b'https://fdn2.gsmarena.com/vv/bigpic/honor-v30-pro.jpg',b'GSM / HSPA / LTE / 5G',b'GSM 850 / 900 / 1800 / 1900 - SIM 1 & SIM 2',b'HSDPA 800 / 850 / 900 / 1700(AWS) / 1900 / 2100',"b'1, 2, 3, 4, 5, 7, 8, 12, 17, 18, 19, 26, 34, 38, 39, 40, 41'","b'1, 3, 41, 77, 78, 79 SA/NSA'","b'HSPA 42.2/5.76 Mbps, LTE-A, 5G (2+ Gbps DL)'","b'2019, November'","b'Available. Released 2019, December'",b'162.7 x 75.8 x 8.8 mm (6.41 x 2.98 x 0.35 in)',b'206 g (7.27 oz)',"b'Dual SIM (Nano-SIM, dual stand-by)'",b'IPS LCD',"b'6.57 inches, 104.7 cm2 (~84.9% screen-to-body ratio)'","b'1080 x 2400 pixels, 20:9 ratio (~400 ppi density)'",b'UFS 3.0',"b'Android 10, Magic UI 3'",b'Kirin 990 5G (7 nm+)',b'Octa-core (2x2.86 GHz Cortex-A76 & 2x2.36 GHz Cortex-A76 & 4x1.95 GHz Cortex-A55)',b'Mali-G76 MP16',b'No',"b'128GB 8GB RAM, 256GB 8GB RAM'",,"b'40 MP, f/1.6, 27mm (wide), 1/1.7"", PDAF, Laser AF, OIS 8 MP, f/2.4, 80mm (telephoto), 1/4.0"", PDAF, OIS, 3x optical zoom 12 MP, f/2.2, 16mm (ultrawide), 1.4\xc2\xb5m, AF'","b'LED flash, HDR, panorama'","b'4K@30fps, 1080p@30fps, 720p@960fps, (gyro-EIS)'","b'32 MP, f/2.0, 26mm (wide), 1/2.8"", 0.8\xc2\xb5m 8 MP, f/2.2, 17mm (ultrawide)'",b'HDR',"b'4K@30fps, 1080p@30fps'",b'Yes',b'No',"b'Wi-Fi 802.11 a/b/g/n/ac, dual-band, Wi-Fi Direct, hotspot'","b'5.1, A2DP, LE'","b'Yes, with dual-band A-GPS, GLONASS, BDS, GALILEO, QZSS'",b'Yes',b'Yes',b'No',"b'USB Type-C 2.0, USB On-The-Go'","b'Fingerprint (side-mounted), accelerometer, gyro, proximity, compass'","b'Li-Po 4100 mAh, non-removable'","b'Fast charging 40W, 70% in 30 min (advertised) Fast wireless charging 27W Reverse wireless charging'","b'Ocean Blue, Galaxy Black, Icelandic frost'",,b'OXF-AN10',b'About 500 EUR',,,"b'AnTuTu: 381241 (v7), 500571 (v8) GeekBench: 12824 (v4.4), 3204 (v5.1) GFXBench: 35fps (ES 3.1 onscreen)'",,b'Photo / Video',,,,,"b'Glass front, glass back, aluminum frame'",,,,b'Yes',,,,,,,,,,,,,,
,,,,,,,,,,,,,,,,,,,,,,,,,,,,,,,,,,,,,,,,,,,,,,,,,,,,,,,,,,,,,,,,,,,,,,,,,,
b'honor',b'Honor V30',b'https://fdn2.gsmarena.com/vv/bigpic/honor-v30.jpg',b'GSM / HSPA / LTE / 5G',b'GSM 850 / 900 / 1800 / 1900 - SIM 1 & SIM 2',b'HSDPA 800 / 850 / 900 / 1700(AWS) / 1900 / 2100',"b'1, 2, 3, 4, 5, 7, 8, 12, 17, 18, 19, 26, 34, 38, 39, 40, 41'","b'1, 3, 41, 77, 78, 79 SA/NSA'","b'HSPA 42.2/5.76 Mbps, LTE-A, 5G (2+ Gbps DL)'","b'2019, November'","b'Available. Released 2019, December'",b'162.7 x 75.8 x 8.9 mm (6.41 x 2.98 x 0.35 in)',b'213 g (7.51 oz)',"b'Dual SIM (Nano-SIM, dual stand-by)'",b'IPS LCD',"b'6.57 inches, 104.7 cm2 (~84.9% screen-to-body ratio)'","b'1080 x 2400 pixels, 20:9 ratio (~400 ppi density)'",b'UFS 3.0',"b'Android 10, Magic UI 3'",b'Kirin 990 (7 nm)',b'Octa-core (2x2.86 GHz Cortex-A76 & 2x2.09 GHz Cortex-A76 & 4x1.86 GHz Cortex-A55)',b'Mali-G76 MP16',b'No',"b'128GB 6GB RAM, 128GB 8GB RAM'",,"b'40 MP, f/1.8, 27mm (wide), 1/1.7"", PDAF, Laser AF 8 MP, f/2.4, 80mm (telephoto), 1/4.0"", PDAF, OIS, 3x optical zoom 8 MP, f/2.4, 16mm (ultrawide)'","b'LED flash, HDR, panorama'","b'4K@30fps, 1080p@30fps, 720p@960fps, (gyro-EIS)'","b'32 MP, f/2.0, 26mm (wide), 1/2.8"", 0.8\xc2\xb5m 8 MP, f/2.2, 17mm (ultrawide)'",b'HDR',b'1080p@30fps',b'Yes',b'No',"b'Wi-Fi 802.11 a/b/g/n/ac, dual-band, Wi-Fi Direct, hotspot'","b'5.1, A2DP, LE'","b'Yes, with dual-band A-GPS, GLONASS, BDS, GALILEO, QZSS'",b'Yes',,b'No',"b'USB Type-C 2.0, USB On-The-Go'","b'Fingerprint (side-mounted), accelerometer, gyro, proximity, compass'","b'Li-Po 4200 mAh, non-removable'","b'Fast charging 40W, 70% in 30 min (advertised)'","b'Ocean Blue, Galaxy Black, Icelandic frost, Sunrise Orange'",,b'OXF-AN00',b'About 430 EUR',,,,,,,,,,"b'Glass front, glass back, aluminum frame'",,,,b'Yes',,,,,,,,,,,,,,
,,,,,,,,,,,,,,,,,,,,,,,,,,,,,,,,,,,,,,,,,,,,,,,,,,,,,,,,,,,,,,,,,,,,,,,,,,
b'honor',b'Honor MagicWatch 2',b'https://fdn2.gsmarena.com/vv/bigpic/honor-magic-watch2-.jpg',b'No cellular connectivity',b'N/A',b'N/A',b'N/A',,b'No',"b'2019, November'","b'Available. Released 2019, December'",b'45.9 x 45.9 x 10.7 mm (1.81 x 1.81 x 0.42 in)',b'41 g (1.45 oz)',b'No',b'OLED',"b'1.39 inches, 12.5 cm2 (~59.4% screen-to-body ratio)'","b'454 x 454 pixels, 1:1 ratio (~326 ppi density)'",b'50m water resistant',b'Huawei wearable platform',,,,b'No',b'4GB',b'No',,,,,,,b'Yes (46mm only)',b'No',b'No',"b'5.1, LE, EDR'","b'Yes, with GLONASS, GALILEO'",b'No',,b'No',b'No',"b'Accelerometer, gyro, heart rate, barometer, compass'","b'Li-Ion 455 mAh, non-removable'",,"b'Charcoal Black, Flax Brown, Agate Black, Sarkura Gold'",b'Only 46mm series support Bluetooth calling',"b'HEB-B19, MNS-B19'",b'About 180 EUR',,,,,,,,b'No',b'No',"b'Glass front, ceramic back, stainless steel frame'",,,,,,,,,,,,,,,,,,
,,,,,,,,,,,,,,,,,,,,,,,,,,,,,,,,,,,,,,,,,,,,,,,,,,,,,,,,,,,,,,,,,,,,,,,,,,
b'honor',b'Honor 9X',b'https://fdn2.gsmarena.com/vv/bigpic/honor-9x-global-new.jpg',b'GSM / HSPA / LTE',b'GSM 850 / 900 / 1800 / 1900 - SIM 1 & SIM 2',b'HSDPA 850 / 900 / 1900 / 2100',"b'1, 3, 7, 8, 20, 38, 40, 41'",,"b'HSPA 42.2/5.76 Mbps, LTE-A (2CA) Cat6 400/50 Mbps'","b'2019, October 28'","b'Available. Released 2019, November 14'",b'163.5 x 77.3 x 8.8 mm (6.44 x 3.04 x 0.35 in)',b'196.8 g (6.95 oz)',"b'Hybrid Dual SIM (Nano-SIM, dual stand-by)'",b'LTPS IPS LCD',"b'6.59 inches, 106.6 cm2 (~84.3% screen-to-body ratio)'","b'1080 x 2340 pixels, 19.5:9 ratio (~391 ppi density)'",b'UFS 2.1',"b'Android 9.0 (Pie), EMUI 9.1'",b'Kirin 710F (12 nm)',b'Octa-core (4x2.2 GHz Cortex-A73 & 4x1.7 GHz Cortex-A53)',b'Mali-G51 MP4',b'microSDXC (uses shared SIM slot)',"b'64GB 4GB RAM, 128GB 4GB RAM, 128GB 6GB RAM'",,"b'48 MP, f/1.8, 27mm (wide), 1/2.0"", 0.8\xc2\xb5m, PDAF 8 MP, f/2.4, 13mm (ultrawide) 2 MP, f/2.4, (depth)'","b'LED flash, HDR, panorama'",b'1080p@30/60fps',,,b'1080p@60fps',b'Yes',b'Yes',"b'Wi-Fi 802.11 a/b/g/n/ac, dual-band, Wi-Fi Direct, hotspot'","b'4.2, A2DP, LE'","b'Yes, with A-GPS, GLONASS, BDS'",b'No',,b'FM radio',b'USB Type-C 2.0',"b'Fingerprint (rear-mounted), accelerometer, gyro, proximity, compass'","b'Li-Po 4000 mAh, non-removable'",b'Charging 10W',"b'Midnight Black, Sapphire Blue'",,b'STK-LX1',"b'$\xe2\x80\x89197.99 / \xe2\x82\xac\xe2\x80\x89179.00 / \xc2\xa3\xe2\x80\x89174.99 / \xe2\x82\xb9\xe2\x80\x8915,999'",,"b'Motorized pop-up 16 MP, f/2.2, 26mm (wide), 1/3.06"", 1.0\xc2\xb5m'","b'AnTuTu: 140362 (v7), 187528 (v8) GeekBench: 5345 (v4.4) GFXBench: 6.5fps (ES 3.1 onscreen)'",b'Contrast ratio: 1285:1 (nominal)',b'Photo / Video',b'Voice 65dB / Noise 71dB / Ring 81dB',b'Endurance rating 99h',,,"b'Glass front, glass back, aluminum frame'",,,,,b'$\xe2\x80\x89229.99',,,b'$\xe2\x80\x89199.99',b'Noise -94.3dB / Crosstalk -69.8dB',,,,,,,,,
,,,,,,,,,,,,,,,,,,,,,,,,,,,,,,,,,,,,,,,,,,,,,,,,,,,,,,,,,,,,,,,,,,,,,,,,,,
b'honor',b'Honor 20 lite (China)',b'https://fdn2.gsmarena.com/vv/bigpic/honor-20-lite-youth.jpg',b'GSM / CDMA / HSPA / LTE',b'GSM 900 / 1800 / 1900 - SIM 1 & SIM 2',b'HSDPA 850 / 900 / 1900 / 2100',"b'1, 3, 5, 8, 38, 39, 40, 41'",,"b'HSPA 42.2/5.76 Mbps, LTE'","b'2019, October'","b'Available. Released 2019, October'",b'157.2 x 73.2 x 7.7 mm (6.19 x 2.88 x 0.30 in)',b'171.5 g (6.07 oz)',"b'Hybrid Dual SIM (Nano-SIM, dual stand-by)'","b'AMOLED, 600 nits (typ)'","b'6.3 inches, 95.8 cm2 (~83.3% screen-to-body ratio)'","b'1080 x 2400 pixels, 20:9 ratio (~418 ppi density)'",b'CDMA 800 & TD-SCDMA',"b'Android 9.0 (Pie), EMUI 9.1'",b'Kirin 710F (12 nm)',b'Octa-core (4x2.2 GHz Cortex-A73 & 4x1.7 GHz Cortex-A53)',b'Mali-G51 MP4',b'microSDXC (uses shared SIM slot)',"b'64GB 4GB RAM, 64GB 6GB RAM, 128GB 6GB RAM, 128GB 8GB RAM'",,"b'48 MP, f/1.8, 28mm (wide), 1/2.0"", 0.8\xc2\xb5m, PDAF 8 MP, f/2.4, 13mm (ultrawide) 2 MP, f/2.4, (depth)'","b'LED flash, HDR, panorama'",b'1080p@30fps',,b'HDR',b'1080p@30fps',b'Yes',b'Yes',"b'Wi-Fi 802.11 a/b/g/n/ac, dual-band, Wi-Fi Direct, hotspot'","b'5.0, A2DP, LE'","b'Yes, with A-GPS, GLONASS, BDS'",b'No',,b'FM radio',"b'USB Type-C 2.0, USB On-The-Go'","b'Fingerprint (under display, optical), accelerometer, proximity, compass'","b'Li-Po 4000 mAh, non-removable'",b'Fast charging 20W',"b'Black, Green, Blue/Pink'",,"b'LRA-AL00, LRA-TL00'",b'About 220 EUR',,"b'16 MP, f/2.0, 26mm (wide), 1/3.06"", 1.0\xc2\xb5m'",,,,,,,,,,,,,,,,,,,,,,,,,,
,,,,,,,,,,,,,,,,,,,,,,,,,,,,,,,,,,,,,,,,,,,,,,,,,,,,,,,,,,,,,,,,,,,,,,,,,,
b'honor',b'Honor Play 3e',b'https://fdn2.gsmarena.com/vv/bigpic/honor-play-3e.jpg',b'GSM / CDMA / HSPA / LTE',b'GSM 850 / 900 / 1800 / 1900 - SIM 1 & SIM 2',b'HSDPA 850 / 900 / 2100',"b'1, 3, 5, 8, 38, 39, 40, 41'",,"b'HSPA 42.2/5.76 Mbps, LTE-A'","b'2019, September'","b'Available. Released 2019, September'",b'147.1 x 70.8 x 8.5 mm (5.79 x 2.79 x 0.33 in)',b'146 g (5.15 oz)',"b'Dual SIM (Nano-SIM, dual stand-by)'",b'IPS LCD',"b'5.71 inches, 81.4 cm2 (~78.1% screen-to-body ratio)'","b'720 x 1520 pixels, 19:9 ratio (~295 ppi density)'",b'CDMA 800 & TD-SCDMA',"b'Android 9.0 (Pie), EMUI 9.1'",b'Mediatek MT6762R Helio P22 (12 nm)',b'Octa-core (4x2.0 GHz Cortex-A53 & 4x1.5 GHz Cortex-A53)',b'PowerVR GE8320',b'microSDXC (dedicated slot)',"b'32GB 2GB RAM, 64GB 3GB RAM'",b'eMMC 5.1',,"b'LED flash, HDR, panorama'",b'1080p@30fps',,,b'1080p@30fps',b'Yes',b'Yes',"b'Wi-Fi 802.11 b/g/n, Wi-Fi Direct, hotspot'","b'5.0, A2DP, LE'","b'Yes, with A-GPS, GLONASS, BDS'",b'No',,b'FM radio',"b'microUSB 2.0, USB On-The-Go'","b'Accelerometer, proximity'","b'Li-Po 3020 mAh, non-removable'",,"b'Magic Night Black, Platinum Gold, Aurora Blue'",,,b'About 90 EUR',,"b'13 MP, f/1.8, PDAF'",,,,,,,,,,"b'5 MP, f/2.2'",,,,,,,,,,,,,,,,
,,,,,,,,,,,,,,,,,,,,,,,,,,,,,,,,,,,,,,,,,,,,,,,,,,,,,,,,,,,,,,,,,,,,,,,,,,
b'honor',b'Honor Play 3',b'https://fdn2.gsmarena.com/vv/bigpic/honor-play-3.jpg',b'GSM / CDMA / HSPA / LTE',b'GSM 850 / 900 / 1800 / 1900 - SIM 1 & SIM 2',b'HSDPA 850 / 900 / 1900 / 2100',"b'1, 3, 5, 7, 8, 34, 38, 39, 40, 41'",,"b'HSPA 42.2/5.76 Mbps, LTE-A (2CA) Cat6 400/50 Mbps'","b'2019, September'","b'Available. Released 2019, September'",b'159.8 x 76.1 x 8.1 mm (6.29 x 3.00 x 0.32 in)',b'176 g (6.21 oz)',"b'Hybrid Dual SIM (Nano-SIM, dual stand-by)'",b'IPS LCD',"b'6.39 inches, 100.2 cm2 (~82.4% screen-to-body ratio)'","b'720 x 1560 pixels, 19.5:9 ratio (~269 ppi density)'",b'CDMA 800 & TD-SCDMA',"b'Android 9.0 (Pie), EMUI 9.1'",b'Kirin 710F (12 nm)',b'Octa-core (4x2.2 GHz Cortex-A73 & 4x1.7 GHz Cortex-A53)',b'Mali-G51 MP4',b'microSDXC (uses shared SIM slot)',"b'64GB 4GB RAM, 64GB 6GB RAM, 128GB 4GB RAM'",b'IP5x',"b'48 MP, f/1.8, 27mm (wide), 1/2.0"", 0.8\xc2\xb5m, PDAF 8 MP, f/2.4, 13mm (ultrawide), 1/4.0"", 1.12\xc2\xb5m 2 MP, f/2.4, (depth)'","b'LED flash, HDR, panorama'",b'1080p@30fps',,b'HDR',b'1080p@30fps',b'Yes',b'Yes',"b'Wi-Fi 802.11 b/g/n, Wi-Fi Direct, hotspot'","b'5.0, A2DP, LE'","b'Yes, with A-GPS, GLONASS, BDS'",b'No',,b'FM radio',"b'microUSB 2.0, USB On-The-Go'","b'Accelerometer, proximity, compass'","b'Li-Po 4000 mAh, non-removable'",b'Charging 10W',"b'Magic Night Black, Aurora Blue, Charm Red'",,b'ASK-AL00x',b'About 130 EUR',,"b'8 MP, f/2.0'",,,,,,,,"b'Glass front, plastic back, plastic frame'",,,,,,,,,,,,,,,,,,
,,,,,,,,,,,,,,,,,,,,,,,,,,,,,,,,,,,,,,,,,,,,,,,,,,,,,,,,,,,,,,,,,,,,,,,,,,
b'honor',b'Honor 20S',b'https://fdn2.gsmarena.com/vv/bigpic/honor-20s.jpg',b'GSM / CDMA / HSPA / LTE',b'GSM 850 / 900 / 1800 / 1900 - SIM 1 & SIM 2',b'HSDPA 800 / 850 / 900 / 1700(AWS) / 2100',"b'1, 3, 4, 5, 8, 19, 34, 38, 39, 40, 41'",,"b'HSPA 42.2/5.76 Mbps, LTE-A'","b'2019, September'","b'Available. Released 2019, October'",b'154.3 x 74 x 7.9 mm (6.07 x 2.91 x 0.31 in)',b'172 g (6.07 oz)',"b'Dual SIM (Nano-SIM, dual stand-by)'",b'IPS LCD',"b'6.26 inches, 96.2 cm2 (~84.2% screen-to-body ratio)'","b'1080 x 2340 pixels, 19.5:9 ratio (~412 ppi density)'",b'CDMA 800 & TD-SCDMA',"b'Android 9.0 (Pie), Magic 2.1'",b'Kirin 810 (7 nm)',b'Octa-core (2x2.27 GHz Cortex-A76 & 6x1.88 GHz Cortex-A55)',b'Mali-G52 MP6',b'No',"b'128GB 6GB RAM, 128GB 8GB RAM'",b'32-bit/192kHz audio',"b'48 MP, f/1.8, 28mm (wide), 1/2.0"", 0.8\xc2\xb5m, PDAF 8 MP, f/2.4, 13mm (ultrawide) 2 MP, f/2.4, (macro)'","b'LED flash, HDR, panorama'",b'1080p@30fps',,b'HDR',b'1080p@30fps',b'Yes',b'No',"b'Wi-Fi 802.11 a/b/g/n/ac, dual-band, Wi-Fi Direct, hotspot'","b'5.0, A2DP, aptX HD, LE'","b'Yes, with A-GPS, GLONASS, BDS, GALILEO, QZSS'",b'No',,b'No',"b'USB Type-C 2.0, USB On-The-Go'","b'Fingerprint (side-mounted), accelerometer, gyro, proximity, compass'","b'Li-Po 3750 mAh, non-removable'",b'Fast charging 20W',"b'Black, Blue, White'",,b'YAL-AL50',b'About 250 EUR',,"b'32 MP, f/2.0, 26mm (wide), 1/2.8"", 0.8\xc2\xb5m'",,,,,,,,"b'Glass front, glass back, aluminum frame'",,,,,,,,,,,,,,,,,,
,,,,,,,,,,,,,,,,,,,,,,,,,,,,,,,,,,,,,,,,,,,,,,,,,,,,,,,,,,,,,,,,,,,,,,,,,,
b'honor',b'Honor 9X Pro',b'https://fdn2.gsmarena.com/vv/bigpic/honor-9x-pro.jpg',b'GSM / CDMA / HSPA / EVDO / LTE',b'GSM 850 / 900 / 1800 / 1900 - SIM 1 & SIM 2',b'HSDPA 850 / 900 / 2100',"b'1, 3, 7, 8, 20, 38, 40, 41 - International'",,"b'HSPA 42.2/5.76 Mbps, LTE-A (2CA) Cat12 600/50 Mbps'","b'2019, July 23'","b'Available. Released 2019, August 09'",b'163.5 x 77.3 x 8.8 mm (6.44 x 3.04 x 0.35 in)',b'202 g (7.13 oz)',"b'Hybrid Dual SIM (Nano-SIM, dual stand-by)'",b'LTPS IPS LCD',"b'6.59 inches, 106.6 cm2 (~84.3% screen-to-body ratio)'","b'1080 x 2340 pixels, 19.5:9 ratio (~391 ppi density)'",b'CDMA 800 & TD-SCDMA',"b'Android 9.0 (Pie), upgradable to Android 10, EMUI 9.1, no Google Play Services'",b'Kirin 810 (7 nm)',b'Octa-core (2x2.27 GHz Cortex-A76 & 6x1.88 GHz Cortex-A55)',b'Mali-G52 MP6',b'microSDXC (uses shared SIM slot)',"b'128GB 8GB RAM, 256GB 6GB RAM, 256GB 8GB RAM'",b'CDMA2000 1xEV-DO',"b'48 MP, f/1.8, (wide), 1/2.0"", 0.8\xc2\xb5m, PDAF 8 MP, f/2.4, 120\xcb\x9a (ultrawide) 2 MP, f/2.4, (depth)'","b'LED flash, HDR, panorama'","b'1080p@30fps, gyro-EIS'",,,b'1080p@60fps',b'Yes',b'Yes',"b'Wi-Fi 802.11 a/b/g/n/ac, dual-band, Wi-Fi Direct, hotspot'","b'4.2, A2DP, LE (International)5.0, A2DP, LE (China)'","b'Yes, with A-GPS, GLONASS, BDS'",b'No',,b'FM radio',b'USB Type-C 2.0',"b'Fingerprint (side-mounted), accelerometer, gyro, proximity, compass'","b'Li-Po 4000 mAh, non-removable'",b'Charging 10W',"b'Midnight Black, Phantom Purple'","b'1, 3, 5, 8, 38, 39, 40, 41 - China'","b'HLK-AL10, HLK-TL10, HLK-L41, HLK-L42'",b'\xe2\x82\xac\xe2\x80\x89225.00 / \xc2\xa3\xe2\x80\x89263.99',,"b'Motorized pop-up 16 MP, f/2.2, 26mm (wide), 1/3.06"", 1.0\xc2\xb5m'","b'AnTuTu: 312668 (v8) GeekBench: 7836 (v4.4), 1911 (v5.1) GFXBench: 18fps (ES 3.1 onscreen)'",b'Contrast ratio: 1319:1 (nominal)',b'Photo / Video',b'-31.1 LUFS (Below average)',b'Endurance rating 104h',,,"b'Glass front, glass back, aluminum frame'",,,,,,,,,,b'\xe2\x82\xac\xe2\x80\x89225.00',,,,,,,,
,,,,,,,,,,,,,,,,,,,,,,,,,,,,,,,,,,,,,,,,,,,,,,,,,,,,,,,,,,,,,,,,,,,,,,,,,,
b'honor',b'Honor 9X (China)',b'https://fdn2.gsmarena.com/vv/bigpic/honor-9x-global.jpg',b'GSM / HSPA / LTE',b'GSM 850 / 900 / 1800 / 1900 - SIM 1 & SIM 2 (Dual SIM model only)',b'HSDPA 850 / 900 / 1900 / 2100',"b'1, 3, 7, 8, 20'",,"b'HSPA 42.2/5.76 Mbps, LTE-A (2CA) Cat12 600/50 Mbps'","b'2019, July'","b'Available. Released 2019, July'",b'163.1 x 77.2 x 8.8 mm (6.42 x 3.04 x 0.35 in)',b'206 g (7.27 oz)',"b'Single SIM (Nano-SIM) or Hybrid Dual SIM (Nano-SIM, dual stand-by)'",b'LTPS IPS LCD',"b'6.59 inches, 106.6 cm2 (~84.7% screen-to-body ratio)'","b'1080 x 2340 pixels, 19.5:9 ratio (~391 ppi density)'",,"b'Android 9.0 (Pie), EMUI 9.1'",b'Kirin 810 (7 nm)',b'Octa-core (2x2.27 GHz Cortex-A76 & 6x1.88 GHz Cortex-A55)',b'Mali-G52 MP6',b'microSDXC (uses shared SIM slot)',"b'64GB 4GB RAM, 64GB 6GB RAM, 128GB 6GB RAM, 128GB 8GB RAM'",,,"b'LED flash, HDR, panorama'",b'1080p@30fps',"b'48 MP, f/1.8, (wide), 1/2.0"", 0.8\xc2\xb5m, PDAF 2 MP, f/2.4, (depth)'",,b'1080p@60fps',b'Yes',b'Yes',"b'Wi-Fi 802.11 a/b/g/n/ac, dual-band, Wi-Fi Direct, hotspot'","b'5.0, A2DP, LE'","b'Yes, with A-GPS, GLONASS, BDS'",b'No',,b'FM radio',b'USB Type-C 2.0',"b'Fingerprint (side-mounted), accelerometer, gyro, proximity, compass'","b'Li-Po 4000 mAh, non-removable'",b'Charging 10W',"b'Magic Night Black, Charm Sea Blue, Charm Red, Icelandic White'",,"b'HLK-AL00, HLK-TL00'",b'About 180 EUR',,"b'Motorized pop-up 16 MP, f/2.2, 26mm (wide), 1/3.06"", 1.0\xc2\xb5m'",,,,,,,,,,,,,,,,,,,,,,,,,,
,,,,,,,,,,,,,,,,,,,,,,,,,,,,,,,,,,,,,,,,,,,,,,,,,,,,,,,,,,,,,,,,,,,,,,,,,,
b'honor',b'Honor 8S',b'https://fdn2.gsmarena.com/vv/bigpic/honor-8s-.jpg',b'GSM / HSPA / LTE',b'GSM 850 / 900 / 1800 / 1900 - SIM 1 & SIM 2 (Dual SIM model only)',b'HSDPA 850 / 900 / 2100',"b'1, 3, 5, 7, 8, 20'",,"b'HSPA 42.2/5.76 Mbps, LTE-A'","b'2019, April'","b'Available. Released 2019, April'",b'147.1 x 70.8 x 8.5 mm (5.79 x 2.79 x 0.33 in)',b'146 g (5.15 oz)',"b'Single SIM (Nano-SIM) or Dual SIM (Nano-SIM, dual stand-by)'",b'IPS LCD',"b'5.71 inches, 81.4 cm2 (~78.1% screen-to-body ratio)'","b'720 x 1520 pixels, 19:9 ratio (~295 ppi density)'","b'1, 3, 5, 8, 38, 39, 40, 41 - China'","b'Android 9.0 (Pie), EMUI 9'",b'Mediatek MT6761 Helio A22 (12 nm)',b'Quad-core 2.0 GHz Cortex-A53',b'PowerVR GE8320',b'microSDXC (dedicated slot)',"b'32GB 2GB RAM, 64GB 3GB RAM'",b'eMMC 5.1',,"b'LED flash, HDR, panorama'",b'1080p@30fps',,,b'',b'Yes',b'Yes',"b'Wi-Fi 802.11 b/g/n, Wi-Fi Direct, hotspot'","b'5.0, A2DP, LE'","b'Yes, with A-GPS, GLONASS, BDS'",b'No',,b'FM radio',b'microUSB 2.0',"b'Accelerometer, proximity'","b'Li-Po 3020 mAh, non-removable'",,"b'Black, Gold, Blue'",,"b'KSE-LX9, KSA-LX9, KSA-LX2'",b'About 120 EUR',,"b'13 MP, f/1.8, PDAF'",,,,,,,,"b'Glass front, plastic back, plastic frame'",,"b'5 MP, f/2.2'",,,,,,,,,,,,,,,,
,,,,,,,,,,,,,,,,,,,,,,,,,,,,,,,,,,,,,,,,,,,,,,,,,,,,,,,,,,,,,,,,,,,,,,,,,,
b'honor',b'Honor Pad 5 10.1',b'https://fdn2.gsmarena.com/vv/bigpic/honor5-10-ags2-al00hn.jpg',b'GSM / HSPA / LTE',b'GSM 850 / 900 / 1800 / 1900',b'HSDPA 850 / 900 / 2100',b'LTE (unspecified)',,"b'HSPA 42.2/5.76 Mbps, LTE-A (2CA) Cat6 300/50 Mbps'","b'2019, June'","b'Available. Released 2019, July'",b'243 x 164 x 7.8 mm (9.57 x 6.46 x 0.31 in)',b'-',b'Nano-SIM',b'IPS LCD',"b'10.1 inches, 295.8 cm2 (~74.2% screen-to-body ratio)'","b'1920 x 1200 pixels, 16:10 ratio (~224 ppi density)'",b'eMMC 5.1',"b'Android 8.0 (Oreo), EMUI 8'",b'Kirin 659 (16 nm)',b'Octa-core (4x2.36 GHz Cortex-A53 & 4x1.7 GHz Cortex-A53)',b'Mali-T830 MP2',b'microSDXC (dedicated slot)',"b'32GB 3GB RAM, 64GB 4GB RAM'",,,,b'1080p@30fps',,,b'',"b'Yes, with stereo speakers'",b'Yes',"b'Wi-Fi 802.11 a/b/g/n/ac, dual-band, Wi-Fi Direct, hotspot'","b'4.2, A2DP, LE'","b'Yes, with A-GPS (LTE model), GLONASS, BDS'",b'No',,b'No',b'microUSB 2.0',b'Accelerometer',"b'Li-Po 5100 mAh, non-removable'",,b'Glacial Blue',,b'AGS2-AL00HN',b'About 250 EUR',,"b'5 MP, f/2.4, AF'",,,,,,,,"b'Glass front, aluminum back, aluminum frame'",,"b'2 MP, f/2.4'",,,,,,,,,,,,,,,,
,,,,,,,,,,,,,,,,,,,,,,,,,,,,,,,,,,,,,,,,,,,,,,,,,,,,,,,,,,,,,,,,,,,,,,,,,,
b'honor',b'Honor Pad 5 8',b'https://fdn2.gsmarena.com/vv/bigpic/honor5-8-jdn2-al00hn.jpg',b'GSM / HSPA / LTE',b'GSM 850 / 900 / 1800 / 1900',b'HSDPA 850 / 900 / 2100',b'LTE (unspecified)',,"b'HSPA 42.2/5.76 Mbps, LTE-A'","b'2019, June'","b'Available. Released 2019, July'",b'204.2 x 122.2 x 8.2 mm (8.04 x 4.81 x 0.32 in)',b'-',b'Nano-SIM',b'IPS LCD',"b'8.0 inches, 185.6 cm2 (~74.4% screen-to-body ratio)'","b'1920 x 1200 pixels, 16:10 ratio (~283 ppi density)'",,"b'Android 9.0 (Pie), Magic 2.0'",b'Kirin 710 (12 nm)',b'Octa-core (4x2.2 GHz Cortex-A73 & 4x1.7 GHz Cortex-A53)',b'Mali-G51 MP4',b'microSDXC (dedicated slot)',"b'32GB 3GB RAM, 64GB 4GB RAM'",,,,b'1080p@30fps',,,b'',"b'Yes, with stereo speakers'",b'Yes',"b'Wi-Fi 802.11 a/b/g/n/ac, dual-band, Wi-Fi Direct, hotspot'","b'4.2, A2DP, LE'","b'Yes, with A-GPS, GLONASS'",b'No',,b'No',b'microUSB 2.0',"b'Accelerometer, proximity'","b'Li-Po 5100 mAh, non-removable'",,"b'Champagne Gold, Dark Gray, Glacial Blue'",,b'JDN2-AL00HN',b'About 200 EUR',,"b'8 MP, AF'",,,,,,,,,,b'8 MP',,,,,,,,,,,,,,,,
,,,,,,,,,,,,,,,,,,,,,,,,,,,,,,,,,,,,,,,,,,,,,,,,,,,,,,,,,,,,,,,,,,,,,,,,,,
b'honor',b'Honor 20 Pro',b'https://fdn2.gsmarena.com/vv/bigpic/huawei-honor-20-pro-r.jpg',b'GSM / HSPA / LTE',b'GSM 850 / 900 / 1800 / 1900 - SIM 1 & SIM 2',b'HSDPA 800 / 850 / 900 / 1700(AWS) / 1900 / 2100',"b'1, 2, 3, 4, 5, 7, 8, 18, 19, 20, 26, 28, 38, 40, 41'",,"b'HSPA 42.2/5.76 Mbps, LTE-A'","b'2019, May'","b'Available. Released 2019, July'",b'154.6 x 74 x 8.4 mm (6.09 x 2.91 x 0.33 in)',b'182 g (6.42 oz)',"b'Dual SIM (Nano-SIM, dual stand-by)'",b'IPS LCD',"b'6.26 inches, 96.2 cm2 (~84.1% screen-to-body ratio)'","b'1080 x 2340 pixels, 19.5:9 ratio (~412 ppi density)'",b'UFS 2.1',"b'Android 9.0 (Pie), Magic 2.1'",b'Kirin 980 (7 nm)',b'Octa-core (2x2.6 GHz Cortex-A76 & 2x1.92 GHz Cortex-A76 & 4x1.8 GHz Cortex-A55)',b'Mali-G76 MP10',b'No',"b'128GB 8GB RAM, 256GB 8GB RAM'",b'32-bit/192kHz audio',,"b'LED flash, HDR, panorama'","b'4K@30fps, 1080p@30/60fps; gyro-EIS'",,b'HDR',"b'1080p@30fps, gyro-EIS'",b'Yes',b'No',"b'Wi-Fi 802.11 a/b/g/n/ac, dual-band, Wi-Fi Direct, hotspot'","b'5.0, A2DP, aptX HD, LE'","b'Yes, with A-GPS, GLONASS, BDS, GALILEO, QZSS'",b'Yes (market/region dependent)',,b'No',"b'USB Type-C 2.0, USB On-The-Go'","b'Fingerprint (side-mounted), accelerometer, gyro, proximity, compass'","b'Li-Po 4000 mAh, non-removable'","b'Fast charging 22.5W, 50% in 30 min (advertised)'","b'Phantom Blue, Phantom Black, Icelandic Illusion'",,"b'YAL-AL10, YAL-L41'",b'$\xe2\x80\x89550.00',"b'48 MP, f/1.4, 28mm (wide), 1/2.0"", 0.8\xc2\xb5m, PDAF, Laser AF, OIS 8 MP, f/2.4, 80mm (telephoto), 1/4.4"", PDAF, OIS, 3x optical zoom 16 MP, f/2.2, 13mm (ultrawide), 1/3.1"" 2 MP, f/2.4, (macro)'","b'32 MP, f/2.0, 26mm (wide), 1/2.8"", 0.8\xc2\xb5m'",,,b'Photo / Video',b'Voice 68dB / Noise 72dB / Ring 87dB',b'Endurance rating 104h',,,"b'Glass front, glass back, aluminum frame'",,,,,,b'$\xe2\x80\x89550.00',"b'$\xe2\x80\x891,201.80'",,b'Noise -92.9dB / Crosstalk -46.8dB',,,,,,,,,
,,,,,,,,,,,,,,,,,,,,,,,,,,,,,,,,,,,,,,,,,,,,,,,,,,,,,,,,,,,,,,,,,,,,,,,,,,
b'honor',b'Honor 20',b'https://fdn2.gsmarena.com/vv/bigpic/huawei-honor-20.jpg',b'GSM / HSPA / LTE',b'GSM 850 / 900 / 1800 / 1900 - SIM 1 & SIM 2',b'HSDPA 800 / 850 / 900 / 1700(AWS) / 1900 / 2100',"b'1, 2, 3, 4, 5, 7, 8, 18, 19, 20, 26, 28, 38, 40, 41'",,"b'HSPA 42.2/5.76 Mbps, LTE-A'","b'2019, May'","b'Available. Released 2019, June'",b'154.3 x 74 x 7.9 mm (6.07 x 2.91 x 0.31 in)',b'174 g (6.14 oz)',"b'Dual SIM (Nano-SIM, dual stand-by)'",b'IPS LCD',"b'6.26 inches, 96.2 cm2 (~84.2% screen-to-body ratio)'","b'1080 x 2340 pixels, 19.5:9 ratio (~412 ppi density)'",b'UFS 2.1',"b'Android 9.0 (Pie), Magic 2.1'",b'Kirin 980 (7 nm)',b'Octa-core (2x2.6 GHz Cortex-A76 & 2x1.92 GHz Cortex-A76 & 4x1.8 GHz Cortex-A55)',b'Mali-G76 MP10',b'No',"b'128GB 6GB RAM, 128GB 8GB RAM, 256GB 8GB RAM'",b'32-bit/192kHz audio',,"b'LED flash, HDR, panorama'","b'4K@30fps, 1080p@30/60fps; gyro-EIS'",,b'HDR',"b'1080p@30fps, gyro-EIS'",b'Yes',b'No',"b'Wi-Fi 802.11 a/b/g/n/ac, dual-band, Wi-Fi Direct, hotspot'","b'5.0, A2DP, aptX HD, LE'","b'Yes, with A-GPS, GLONASS, BDS, GALILEO, QZSS'",b'Yes',,b'No',"b'USB Type-C 2.0, USB On-The-Go'","b'Fingerprint (side-mounted), accelerometer, gyro, proximity, compass'","b'Li-Po 3750 mAh, non-removable'","b'Fast charging 22.5W, 50% in 24 min (advertised)'","b'Midnight Black, Sapphire Blue, Icelandic white, Phantom Blue'",,"b'YAL-L21, YAL-AL00, YAL-TL00'",b'$\xe2\x80\x89420.00 / \xe2\x82\xac\xe2\x80\x89389.90 / \xc2\xa3\xe2\x80\x89569.00',"b'48 MP, f/1.8, 28mm (wide), 1/2.0"", 0.8\xc2\xb5m, PDAF 16 MP, f/2.2, 13mm (ultrawide), 1/3.1"" 2 MP, f/2.4, (macro) 2 MP, f/2.4, (depth)'","b'32 MP, f/2.0, 26mm (wide), 1/2.8"", 0.8\xc2\xb5m'",b'Basemark X: 44871',b'Contrast ratio: 1170:1 (nominal)',b'Photo / Video',b'Voice 68dB / Noise 72dB / Ring 87dB',b'Endurance rating 89h',,,"b'Glass front, glass back, aluminum frame'",,,,,,"b'$\xe2\x80\x891,133.60'","b'$\xe2\x80\x891,031.31'",b'$\xe2\x80\x89420.00',b'Noise -96.3dB / Crosstalk -52.1dB',,,,,,,,,
,,,,,,,,,,,,,,,,,,,,,,,,,,,,,,,,,,,,,,,,,,,,,,,,,,,,,,,,,,,,,,,,,,,,,,,,,,
b'honor',b'Honor 20 lite',b'https://fdn2.gsmarena.com/vv/bigpic/honor-20-lite.jpg',b'GSM / HSPA / LTE',b'GSM 900 / 1800 / 1900 - SIM 1 & SIM 2 (Dual SIM model only)',b'HSDPA 850 / 900 / 1900 / 2100',"b'1, 3, 5, 7, 8, 20'",,"b'HSPA 42.2/5.76 Mbps, LTE Cat4 150/50 Mbps'","b'2019, April'","b'Available. Released 2019, April'",b'154.8 x 73.6 x 8 mm (6.09 x 2.90 x 0.31 in)',b'164 g (5.78 oz)',"b'Single SIM (Nano-SIM) or Hybrid Dual SIM (Nano-SIM, dual stand-by)'",b'LTPS IPS LCD',"b'6.21 inches, 94.7 cm2 (~83.1% screen-to-body ratio)'","b'1080 x 2340 pixels, 19.5:9 ratio (~415 ppi density)'",b'eMMC 5.1',"b'Android 9.0 (Pie), EMUI 9'",b'Kirin 710 (12 nm)',b'Octa-core (4x2.2 GHz Cortex-A73 & 4x1.7 GHz Cortex-A53)',b'Mali-G51 MP4',b'microSDXC (uses shared SIM slot)',"b'64GB 4GB RAM, 64GB 6GB RAM, 128GB 4GB RAM, 128GB 6GB RAM, 128GB 8GB RAM'",,"b'24 MP, f/1.8, PDAF 8 MP, f/2.4, 120\xcb\x9a(ultrawide) 2 MP, f/2.4, (depth)'","b'LED flash, HDR, panorama'",b'1080p@30/60fps',,b'HDR',b'1080p@30fps',b'Yes',b'Yes',"b'Wi-Fi 802.11 b/g/n, Wi-Fi Direct, hotspot'","b'4.2, A2DP, LE'","b'Yes, with A-GPS, GLONASS, BDS'",b'Yes',,b'FM radio',"b'microUSB 2.0, USB On-The-Go'","b'Fingerprint (rear-mounted), accelerometer, proximity, compass'","b'Li-Po 3400 mAh, non-removable'",b'Charging 10W',"b'Phantom Blue, Phantom Red, Magic Night Black'",,b'HRY-LX1T',b'$\xe2\x80\x89219.99 / \xe2\x82\xac\xe2\x80\x89159.99 / \xc2\xa3\xe2\x80\x89199.99',,"b'32 MP, f/2.0, 26mm (wide), 1/2.8"", 0.8\xc2\xb5m'",,,,,,,,"b'Glass front, plastic back, plastic frame'",,,,,b'$\xe2\x80\x89429.00',,,,,,,,,,,,,
,,,,,,,,,,,,,,,,,,,,,,,,,,,,,,,,,,,,,,,,,,,,,,,,,,,,,,,,,,,,,,,,,,,,,,,,,,
b'honor',b'Honor 20i',b'https://fdn2.gsmarena.com/vv/bigpic/honor-20i.jpg',b'GSM / CDMA / HSPA / LTE',b'GSM 900 / 1800 / 1900 - SIM 1 & SIM 2',b'HSDPA 850 / 900 / 2100',"b'1, 3, 5, 8, 34, 38, 39, 40, 41'",,"b'HSPA 42.2/5.76 Mbps, LTE Cat4 150/50 Mbps'","b'2019, April'","b'Available. Released 2019, April'",b'154.8 x 73.6 x 8 mm (6.09 x 2.90 x 0.31 in)',b'164 g (5.78 oz)',"b'Hybrid Dual SIM (Nano-SIM, dual stand-by)'",b'IPS LCD',"b'6.21 inches, 94.7 cm2 (~83.1% screen-to-body ratio)'","b'1080 x 2340 pixels, 19.5:9 ratio (~415 ppi density)'",b'CDMA 800 & TD-SCDMA',"b'Android 9.0 (Pie), EMUI 9.1'",b'Kirin 710 (12 nm)',b'Octa-core (4x2.2 GHz Cortex-A73 & 4x1.7 GHz Cortex-A53)',b'Mali-G51 MP4',b'microSDXC (uses shared SIM slot)',"b'64GB 6GB RAM, 128GB 4GB RAM, 128GB 6GB RAM, 256GB 6GB RAM'",,"b'24 MP, f/1.8, PDAF 8 MP, f/2.4, 13mm (ultrawide) 2 MP, f/2.4, (depth)'","b'LED flash, HDR, panorama'",b'1080p@30/60fps',,b'HDR',b'1080p@30fps',b'Yes',b'Yes',"b'Wi-Fi 802.11 a/b/g/n/ac, dual-band, Wi-Fi Direct, hotspot'","b'4.2, A2DP, LE, aptX HD'","b'Yes, with A-GPS, GLONASS, BDS'",b'No',,b'FM radio',"b'microUSB 2.0, USB On-The-Go'","b'Fingerprint (rear-mounted), accelerometer, proximity, compass'","b'Li-Po 3400 mAh, non-removable'",b'Charging 10W',"b'Gradient Blue, Gradient red, Magic Night Black'",,"b'HRY-TL00T, HRY-AL00TA, HRY-AL00Ta'",b'About 210 EUR',,"b'32 MP, f/2.0, 26mm (wide), 1/2.8"", 0.8\xc2\xb5m'",,,,,,,,,,,,,,,,,,,,,,,,,,
,,,,,,,,,,,,,,,,,,,,,,,,,,,,,,,,,,,,,,,,,,,,,,,,,,,,,,,,,,,,,,,,,,,,,,,,,,
b'honor',b'Honor 8A Pro',b'https://fdn2.gsmarena.com/vv/bigpic/huawei-8a-pro.jpg',b'GSM / HSPA / LTE',b'GSM 850 / 900 / 1800 / 1900 - SIM 1 & SIM 2 (dual-SIM model only)',b'HSDPA 850 / 900 / 1900 / 2100',"b'1, 3, 5, 7, 8, 20, 38, 40, 41'",,"b'HSPA 42.2/5.76 Mbps, LTE-A Cat4 150/50 Mbps'","b'2019, April'","b'Available. Released 2019, April'",b'156.3 x 73.5 x 8 mm (6.15 x 2.89 x 0.31 in)',b'150 g (5.29 oz)',"b'Dual SIM (Nano-SIM, dual stand-by)'",b'IPS LCD',"b'6.09 inches, 91.0 cm2 (~79.2% screen-to-body ratio)'","b'720 x 1560 pixels, 19.5:9 ratio (~282 ppi density)'",b'eMMC 5.1',"b'Android 9.0 (Pie), EMUI 9'",b'Mediatek MT6765 Helio P35 (12nm)',b'Octa-core (4x2.3 GHz Cortex-A53 & 4x1.8 GHz Cortex-A53)',b'PowerVR GE8320',b'microSDXC (dedicated slot)',"b'32GB 2GB RAM, 32GB 3GB RAM, 64GB 3GB RAM'",,,"b'LED flash, HDR, panorama'",b'1080p@30fps',,b'HDR',b'1080p@30fps',b'Yes',b'Yes',"b'Wi-Fi 802.11 a/b/g/n/ac, dual-band, Wi-Fi Direct, hotspot'","b'4.2, A2DP, LE'","b'Yes, with A-GPS, GLONASS, BDS'",b'No',,b'FM radio',b'microUSB 2.0',"b'Fingerprint (rear-mounted), accelerometer, proximity'","b'Li-Po 3020 mAh, non-removable'",,"b'Black, Blue, Red, Gold'",,"b'JAT-L41, JAT-LX1, JAT-LX3'",b'About 200 EUR',,"b'13 MP, f/1.8, PDAF'",,,,,,,,,,"b'8 MP, f/2.0'",,,,,,,,,,,,,,,,
,,,,,,,,,,,,,,,,,,,,,,,,,,,,,,,,,,,,,,,,,,,,,,,,,,,,,,,,,,,,,,,,,,,,,,,,,,
b'honor',b'Honor Tab 5',b'https://fdn2.gsmarena.com/vv/bigpic/honor-tab-5.jpg',b'GSM / HSPA / LTE',b'GSM 850 / 900 / 1800 / 1900 - SIM 1 & SIM 2',b'HSDPA 850 / 900 / 1900 / 2100',"b'1, 3, 5, 7, 8, 20'",,"b'HSPA 42.2/5.76 Mbps, LTE-A (2CA) Cat6 300/50 Mbps'","b'2019, March'","b'Available. Released 2019, March'",b'204.2 x 122.2 x 8.2 mm (8.04 x 4.81 x 0.32 in)',b'310 g (10.93 oz)',"b'Dual SIM (Nano-SIM, dual stand-by)'",b'IPS LCD',"b'8.0 inches, 185.6 cm2 (~74.4% screen-to-body ratio)'","b'1920 x 1200 pixels, 16:10 ratio (~283 ppi density)'",,"b'Android 9.0 (Pie), Magic 2'",b'Kirin 710 (12 nm)',b'Octa-core (4x2.2 GHz Cortex-A73 & 4x1.7 GHz Cortex-A53)',b'Mali-G51 MP4',b'microSDXC',"b'32GB 3GB RAM, 64GB 4GB RAM'",,,b'HDR',b'1080p@30fps',,,b'',"b'Yes, with stereo speakers'",b'Yes',"b'Wi-Fi 802.11 a/b/g/n/ac, dual-band, Wi-Fi Direct, hotspot'","b'4.2, A2DP, LE'","b'Yes, with A-GPS (LTE model), GLONASS, BDS'",b'No',,b'No',b'microUSB 2.0',b'Accelerometer',"b'Li-Po 5100 mAh, non-removable'",b'Charging 10W',"b'Silver, Blue'",,b'JDN2-W09HN',b'About 200 EUR',,"b'8 MP, f/2.0, AF'",,,,,,,,,,"b'8 MP, f/2.0'",,b'Scratch-resistant glass',,,,,,,,,,,,,,
,,,,,,,,,,,,,,,,,,,,,,,,,,,,,,,,,,,,,,,,,,,,,,,,,,,,,,,,,,,,,,,,,,,,,,,,,,
b'honor',b'Honor View 20',b'https://fdn2.gsmarena.com/vv/bigpic/huawei-honor-view-20-ofic.jpg',b'GSM / HSPA / LTE',b'GSM 850 / 900 / 1800 / 1900 - SIM 1 & SIM 2',b'HSDPA 800 / 850 / 900 / 1700(AWS) / 1900 / 2100',"b'1, 2, 3, 4, 5, 6, 7, 8, 19, 20, 28, 38, 40, 41'",,"b'HSPA 42.2/5.76 Mbps, LTE-A'","b'2018, December'","b'Available. Released 2018, December'",b'156.9 x 75.4 x 8.1 mm (6.18 x 2.97 x 0.32 in)',b'180 g (6.35 oz)',"b'Dual SIM (Nano-SIM, dual stand-by)'",b'IPS LCD',"b'6.4 inches, 101.4 cm2 (~85.7% screen-to-body ratio)'",b'1080 x 2310 pixels (~398 ppi density)',b'UFS 2.1',"b'Android 9.0 (Pie), Magic UI 2'",b'Kirin 980 (7 nm)',b'Octa-core (2x2.6 GHz Cortex-A76 & 2x1.92 GHz Cortex-A76 & 4x1.8 GHz Cortex-A55)',b'Mali-G76 MP10',b'No',"b'128GB 6GB RAM, 128GB 8GB RAM, 256GB 8GB RAM'",,,"b'Panorama, HDR, LED flash'","b'4K@30fps, 1080p@30fps, 720p@960fps, (gyro-EIS)'","b'48 MP, f/1.8, (wide), 1/2.0"", 0.8\xc2\xb5m, PDAF TOF 3D, (depth)'",b'HDR',b'1080p@30fps',b'Yes',b'Yes',"b'Wi-Fi 802.11 a/b/g/n/ac, dual-band, Wi-Fi Direct, hotspot'","b'5.0, A2DP, aptX HD, LE'","b'Yes, with dual-band A-GPS, GLONASS, BDS, GALILEO, QZSS'",b'Yes',b'Yes',b'No',"b'USB Type-C 3.1, USB On-The-Go'","b'Fingerprint (rear-mounted), accelerometer, gyro, proximity, compass'","b'Li-Po 4000 mAh, non-removable'","b'Fast charging 22.5W, 55% in 30 min (advertised) - for Global market Fast charging 18W - India only'","b'Saphire Blue, Phantom Blue, Phantom Red, Midnight Black'",,"b'PCT-AL10, PCT-TL10, PCT-L29'",b'$\xe2\x80\x89699.00 / \xe2\x82\xac\xe2\x80\x89391.01 / \xc2\xa3\xe2\x80\x89239.97',,"b'25 MP, f/2.0, 27mm'",b'AnTuTu: 275413 (v7)GeekBench: 9530 (v4.4)GFXBench: 28fps (ES 3.1 onscreen)',"b'Contrast ratio: Infinite (1313), 3.597 (sunlight)'",b'Photo / Video',b'Voice 68dB / Noise 74dB / Ring 82dB',b'Endurance rating 96h',,,"b'Glass front, glass back, aluminum frame'",,,,b'Yes',,b'$\xe2\x80\x89989.00',,b'$\xe2\x80\x89699.00',b'Noise -93.1dB / Crosstalk -64.5dB',,,,,,,,,
,,,,,,,,,,,,,,,,,,,,,,,,,,,,,,,,,,,,,,,,,,,,,,,,,,,,,,,,,,,,,,,,,,,,,,,,,,
b'honor',b'Honor Magic 2 3D',b'https://fdn2.gsmarena.com/vv/bigpic/honor-magic-2-3d.jpg',b'GSM / CDMA / HSPA / LTE',b'GSM 850 / 900 / 1800 / 1900 - SIM 1 & SIM 2',b'HSDPA 800 / 850 / 900 / 1700(AWS) / 1900 / 2100',"b'1, 2, 3, 4, 5, 6, 7, 8, 12, 17, 19, 34, 38, 39, 40, 41'",,"b'HSPA 42.2/5.76 Mbps, LTE-A Cat21 1400/200 Mbps'","b'2019, March'","b'Available. Released 2019, March'",b'157.3 x 75.1 x 8.3 mm (6.19 x 2.96 x 0.33 in)',b'206 g (7.27 oz)',"b'Dual SIM (Nano-SIM, dual stand-by)'",b'AMOLED',"b'6.39 inches, 100.2 cm2 (~84.8% screen-to-body ratio)'","b'1080 x 2340 pixels, 19.5:9 ratio (~403 ppi density)'",b'CDMA 800 & TD-SCDMA',"b'Android 9.0 (Pie), EMUI 9 or Magic UI 2'",b'Kirin 980 (7 nm)',b'Octa-core (2x2.6 GHz Cortex-A76 & 2x1.92 GHz Cortex-A76 & 4x1.8 GHz Cortex-A55)',b'Mali-G76 MP10',b'No',"b'128GB 6GB RAM, 128GB 8GB RAM, 256GB 8GB RAM, 512GB 8GB RAM'",b'Graphene-based heatpipe',"b'16 MP, f/1.8, PDAF 16 MP, f/2.2 24 MP B/W, f/1.8'","b'LED flash, panorama, HDR'","b'4K@30fps, 1080p@30fps, 720p@480fps'","b'Manual pop-up 16 MP, f/2.0, 26mm (wide), 1/3.06"", 1.0\xc2\xb5m Manual pop-up TOF 3D, (depth/biometrics sensor) Manual pop-up 2 MP, f/2.4, depth sensor'",b'HDR',b'1080p@30fps',b'Yes',b'No',"b'Wi-Fi 802.11 a/b/g/n/ac, dual-band, Wi-Fi Direct, hotspot'","b'5.0, A2DP, aptX HD, LE'","b'Yes, with dual-band A-GPS, GLONASS, BDS, GALILEO, QZSS'",b'Yes',,b'No',"b'USB Type-C 2.0, USB On-The-Go'","b'Face ID, fingerprint (under display, optical), accelerometer, gyro, proximity, compass'","b'Li-Po 3500 mAh, non-removable'","b'Fast charging 40W, 50% in 15 min, 85% in 30 min (advertised)'","b'Gradient Black, Gradient Red, Gradient Blue'",b'',,b'About 600 EUR',,,,,,,,,,,,,,,,,,,,,,,,,,,,
,,,,,,,,,,,,,,,,,,,,,,,,,,,,,,,,,,,,,,,,,,,,,,,,,,,,,,,,,,,,,,,,,,,,,,,,,,
b'honor',b'Honor Magic 2',b'https://fdn2.gsmarena.com/vv/bigpic/honor-magic-2-.jpg',b'GSM / CDMA / HSPA / LTE',b'GSM 850 / 900 / 1800 / 1900 - SIM 1 & SIM 2',b'HSDPA 800 / 850 / 900 / 1700(AWS) / 1900 / 2100',"b'1, 2, 3, 4, 5, 6, 7, 8, 12, 17, 19, 34, 38, 39, 40, 41'",,"b'HSPA 42.2/5.76 Mbps, LTE-A Cat21 1400/200 Mbps'","b'2018, October'","b'Available. Released 2018, November'",b'157.3 x 75.1 x 8.3 mm (6.19 x 2.96 x 0.33 in)',b'206 g (7.27 oz)',"b'Dual SIM (Nano-SIM, dual stand-by)'",b'AMOLED',"b'6.39 inches, 100.2 cm2 (~84.8% screen-to-body ratio)'","b'1080 x 2340 pixels, 19.5:9 ratio (~403 ppi density)'",b'CDMA 800 & TD-SCDMA',"b'Android 9.0 (Pie), EMUI 9 or Magic UI 2'",b'Kirin 980 (7 nm)',b'Octa-core (2x2.6 GHz Cortex-A76 & 2x1.92 GHz Cortex-A76 & 4x1.8 GHz Cortex-A55)',b'Mali-G76 MP10',b'No',"b'128GB 6GB RAM, 128GB 8GB RAM, 256GB 8GB RAM'",b'UFS 2.1',"b'16 MP, f/1.8, PDAF 16 MP, f/2.2 24 MP B/W, f/1.8'","b'LED flash, panorama, HDR'","b'4K@30fps, 1080p@30fps, 720p@480fps'",,b'HDR',b'1080p@30fps',b'Yes',b'No',"b'Wi-Fi 802.11 a/b/g/n/ac, dual-band, Wi-Fi Direct, hotspot'","b'5.0, A2DP, aptX HD, LE'","b'Yes, with dual-band A-GPS, GLONASS, BDS, GALILEO, QZSS'",b'Yes',,b'No',"b'USB Type-C 2.0, USB On-The-Go'","b'Fingerprint (under display, optical), accelerometer, gyro, proximity, compass'","b'Li-Po 3500 mAh, non-removable'","b'Fast charging 40W, 50% in 15 min, 85% in 30 min (advertised)'","b'Gradient Black, Gradient Red, Gradient Blue'",,b'TNY-AL00',b'About 550 EUR',,,"b'AnTuTu: 274466 (v7), 391467 (v8) GeekBench: 9887 (v4.4) GFXBench: 26fps (ES 3.1 onscreen)'","b'Contrast ratio: Infinite (nominal), 4.010 (sunlight)'",b'Photo / Video',b'Voice 72dB / Noise 73dB / Ring 85dB',b'Endurance rating 89h',,,"b'Glass front, glass back, aluminum frame'",,,,,,,,,b'Noise -93.4dB / Crosstalk -61.3dB',,"b'Manual pop-up 16 MP, f/2.0, 26mm (wide), 1/3.06"", 1.0\xc2\xb5m Manual pop-up 2 MP, f/2.4, depth sensor Manual pop-up 2 MP, f/2.4, depth sensor'",,,,,,,
,,,,,,,,,,,,,,,,,,,,,,,,,,,,,,,,,,,,,,,,,,,,,,,,,,,,,,,,,,,,,,,,,,,,,,,,,,
b'honor',b'Honor Play 8A',b'https://fdn2.gsmarena.com/vv/bigpic/huawei-honor-play-8a.jpg',b'GSM / HSPA / LTE',b'GSM 850 / 900 / 1800 / 1900 - SIM 1 & SIM 2 (dual-SIM model only)',b'HSDPA 850 / 900 / 2100',"b'1, 3, 5, 7, 8, 20, 40'",,"b'HSPA 42.2/5.76 Mbps, LTE-A Cat4 150/50 Mbps'","b'2019, January'","b'Available. Released 2019, January'",b'156.3 x 73.5 x 8 mm (6.15 x 2.89 x 0.31 in)',b'150 g (5.29 oz)',"b'Dual SIM (Nano-SIM, dual stand-by)'",b'IPS LCD',"b'6.09 inches, 91.0 cm2 (~79.2% screen-to-body ratio)'","b'720 x 1560 pixels, 19.5:9 ratio (~282 ppi density)'",b'eMMC 5.1',"b'Android 9.0 (Pie), EMUI 9'",b'Mediatek MT6765 Helio P35 (12nm)',b'Octa-core (4x2.3 GHz Cortex-A53 & 4x1.8 GHz Cortex-A53)',b'PowerVR GE8320',b'microSDXC (dedicated slot)',"b'32GB 3GB RAM, 64GB 3GB RAM'",,,"b'LED flash, HDR, panorama'",b'1080p@30fps',,b'HDR',b'1080p@30fps',b'Yes',b'Yes',"b'Wi-Fi 802.11 b/g/n, Wi-Fi Direct, hotspot'","b'4.2, A2DP, LE'","b'Yes, with A-GPS, GLONASS, BDS'",b'No',,b'FM radio',b'microUSB 2.0',"b'Accelerometer, proximity'","b'Li-Po 3020 mAh, non-removable'",,"b'Black, Blue, Gold, Red'",,"b'JAT-L09, JAT-L29, JAT-AL00, JAT-TL00'",b'About 100 EUR',,"b'13 MP, f/1.8, PDAF'",,,,,,,,"b'Glass front, plastic back, plastic frame'",,"b'8 MP, f/2.0'",,,,,,,,,,,,,,,,
,,,,,,,,,,,,,,,,,,,,,,,,,,,,,,,,,,,,,,,,,,,,,,,,,,,,,,,,,,,,,,,,,,,,,,,,,,
b'honor',b'Honor 10 Lite',b'https://fdn2.gsmarena.com/vv/bigpic/huawei-honor-10-lite.jpg',b'GSM / HSPA / LTE',b'GSM 900 / 1800 / 1900 - SIM 1 & SIM 2 (Dual SIM model only)',b'HSDPA 850 / 900 / 1900 / 2100',"b'1, 3, 5, 7, 8, 20'",,"b'HSPA 42.2/5.76 Mbps, LTE Cat4 150/50 Mbps'","b'2018, November'","b'Available. Released 2018, November'",b'154.8 x 73.6 x 8 mm (6.09 x 2.90 x 0.31 in)',b'162 g (5.71 oz)',"b'Single SIM (Nano-SIM) or Hybrid Dual SIM (Nano-SIM, dual stand-by)'",b'IPS LCD',"b'6.21 inches, 94.7 cm2 (~83.1% screen-to-body ratio)'","b'1080 x 2340 pixels, 19.5:9 ratio (~415 ppi density)'",b'eMMC 5.1',"b'Android 9.0 (Pie), EMUI 9.1'",b'Kirin 710 (12 nm)',b'Octa-core (4x2.2 GHz Cortex-A73 & 4x1.7 GHz Cortex-A53)',b'Mali-G51 MP4',b'microSDXC (uses shared SIM slot)',"b'32GB 3GB RAM, 64GB 3GB RAM, 64GB 4GB RAM, 64GB 6GB RAM, 128GB 3GB RAM, 128GB 6GB RAM'",,,"b'LED flash, HDR, panorama'",b'1080p@30/60fps',"b'13 MP, f/1.8, 26mm (wide), PDAF 2 MP, f/2.4, (depth)'",b'HDR',b'1080p@30fps',b'Yes',b'Yes',"b'Wi-Fi 802.11 b/g/n, Wi-Fi Direct, hotspot - GlobalWi-Fi 802.11 a/b/g/n/ac, dual-band, Wi-Fi Direct, hotspot - China'","b'4.2, A2DP, LE'","b'Yes, with A-GPS, GLONASS, BDS'",b'Yes (market dependent)',,b'FM radio',"b'microUSB 2.0, USB On-The-Go'","b'Fingerprint (rear-mounted), accelerometer, proximity, compass'","b'Li-Po 3400 mAh, non-removable'",b'Charging 10W',"b'Midnight Black, Sky Blue, Sapphire Blue, White, Red'",,"b'HRY-LX1, HRY-LX1MEB, HRY-LX2, HRY-AL00a, HRY-AL00, HRY-TL00'","b'$\xe2\x80\x89149.99 / \xe2\x82\xac\xe2\x80\x89162.99 / \xc2\xa3\xe2\x80\x89137.99 / \xe2\x82\xb9\xe2\x80\x8918,000'",,"b'24 MP, f/2.0, 26mm (wide), 1/2.8"", 0.9\xc2\xb5m'",,"b'Contrast ratio: 1282 (nominal), 2.497 (sunlight)'",b'Photo / Video',b'Voice 70dB / Noise 73dB / Ring 87dB',b'Endurance rating 89h',,,"b'Glass front, plastic back, plastic frame'",,,,,,,,,b'Noise -90.2dB / Crosstalk -82.7dB',,,b'$\xe2\x80\x89228.00',b'$\xe2\x80\x89229.00',"b'\xe2\x82\xb9\xe2\x80\x8918,000'",,,,
