Brand,Model Name,Model Image,Technology,2G bands,3G bands,Speed,Announced,Status,Dimensions,Weight,SIM,Type,Size,Resolution,,OS,Card slot,Single,Video,_1,Loudspeaker,3.5mm jack,WLAN,Bluetooth,GPS,Radio,USB,Sensors,Browser,_1_1,Type_1,Stand-by,Talk time,Colors,Internal,GPRS,EDGE,Keyboard,Phonebook,Call records,Features,Messaging,Games,Java,Alert types,4G bands,Chipset,CPU,GPU,Single_1,Video_1,NFC,Infrared port,Music play,Price,Build,Dual,Charging,Features_1,Models,SAR,Quad,128GB 8GB RAM,Protection,Triple,64GB 4GB RAM,128GB 6GB RAM,Performance,Display,Camera,Loudspeaker_1,Battery life,Dual_1,Stand-by_1,Talk time_1,SAR EU,Clock,Alarm,Audio quality,5G bands,512GB 16GB RAM,128GB 12GB RAM
,,,,,,,,,,,,,,,,,,,,,,,,,,,,,,,,,,,,,,,,,,,,,,,,,,,,,,,,,,,,,,,,,,,,,,,,,,,,,,,,,,
b'lenovo',b'Lenovo K12 Pro',b'https://fdn2.gsmarena.com/vv/bigpic/lenovo-k12-pro.jpg',b'GSM / HSPA / LTE',b'GSM 850 / 900 / 1800 / 1900 - SIM 1 & SIM 2 (dual-SIM model only)',b'HSDPA 850 / 900 / 1700(AWS) / 1900 / 2100',"b'HSPA 42.2/5.76 Mbps, LTE-A'","b'2020, December 09'","b'Available. Released 2020, December 12'",b'172.1 x 76.8 x 9.7 mm (6.78 x 3.02 x 0.38 in)',b'221 g (7.80 oz)',"b'Single SIM (Nano-SIM) or Hybrid Dual SIM (Nano-SIM, dual stand-by)'",b'IPS LCD',"b'6.8 inches, 109.8 cm2 (~83.1% screen-to-body ratio)'",b'720 x 1640 pixels (~263 ppi density)',b'Water-repellent coating',b'Android 10',b'microSDXC (uses shared SIM slot)',"b'16 MP, f/2.2, 1.0\xc2\xb5m'",b'1080p@30/60fps',,b'Yes',b'Yes',"b'Wi-Fi 802.11 a/b/g/n/ac, dual-band, Wi-Fi Direct, hotspot'","b'5.0, A2DP, LE'","b'Yes, A-GPS, GLONASS, GALILEO, LTEEP, SUPL'",b'FM radio',"b'USB Type-C 2.0, USB On-The-Go'","b'Fingerprint (rear-mounted), accelerometer, proximity'",,,"b'Li-Po 6000 mAh, non-removable'",,,"b'Electric Violet, Metallic Sage'","b'64GB 4GB RAM, 128GB 4GB RAM'",,,,,,"b'LED flash, HDR, panorama'",,,,,"b'1, 3, 4, 5, 7, 8, 18, 19, 20, 26, 28, 38, 39, 40, 41'",b'Qualcomm SM6115 Snapdragon 662 (11 nm)',b'Octa-core (4x2.0 GHz Kryo 260 Gold & 4x1.8 GHz Kryo 260 Silver)',b'Adreno 610',,b'1080p@30fps',b'Yes',,,b'About 130 EUR',,,b'Fast charging 20W Reverse charging 2.5W',b'HDR',b'XT2091-8',,,,,"b'64 MP, f/1.8, 26mm (wide), 1/1.97"", 0.7\xc2\xb5m, PDAF 2 MP, f/2.4, (macro) 2 MP, f/2.4, (depth)'",,,,,,,,,,,,,,,,,
,,,,,,,,,,,,,,,,,,,,,,,,,,,,,,,,,,,,,,,,,,,,,,,,,,,,,,,,,,,,,,,,,,,,,,,,,,,,,,,,,,
b'lenovo',b'Lenovo K12 (China)',b'https://fdn2.gsmarena.com/vv/bigpic/lenovo-k12.jpg',b'GSM / HSPA / LTE',b'GSM 850 / 900 / 1800 / 1900 - SIM 1 & SIM 2',b'HSDPA 850 / 900 / 1900 / 2100',"b'HSPA 42.2/5.76 Mbps, LTE-A'","b'2020, December 09'","b'Available. Released 2020, December 12'",b'165.2 x 75.7 x 9.2 mm (6.50 x 2.98 x 0.36 in)',b'200 g (7.05 oz)',"b'Hybrid Dual SIM (Nano-SIM, dual stand-by)'",b'IPS LCD',"b'6.5 inches, 102.0 cm2 (~81.6% screen-to-body ratio)'","b'720 x 1600 pixels, 20:9 ratio (~270 ppi density)'",b'eMMC 5.1',b'Android 10',b'microSDXC (uses shared SIM slot)',"b'8 MP, f/2.2, 26mm (wide), 1/4"", 1.12\xc2\xb5m'",b'1080p@30/60fps',,b'Yes',b'Yes',"b'Wi-Fi 802.11 b/g/n, hotspot'","b'5.0, A2DP, LE'","b'Yes, with A-GPS, GLONASS, GALILEO'",b'FM radio',"b'microUSB 2.0, USB On-The-Go'","b'Fingerprint (rear-mounted), accelerometer, proximity'",,,"b'Li-Po 5000 mAh, non-removable'",,,"b'Navy Blue, Gray'",b'64GB 4GB RAM',,,,,,"b'LED flash, HDR, panorama'",,,,,"b'1, 3, 5, 7, 8, 20, 28, 38, 39, 40, 41'",b'Qualcomm SM4250 Snapdragon 460 (11 nm)',b'Octa-core (4x1.8 GHz Kryo 240 & 4x1.6 GHz Kryo 240)',b'Adreno 610',,b'1080p@30fps',b'No',,,b'About 100 EUR',,"b'48 MP, f/1.7, 26mm (wide), 1/2.0"", 0.8\xc2\xb5m, PDAF 2 MP, (depth)'",b'Charging 10W Reverse charging 2.5W',b'HDR',,,,,,,,,,,,,,,,,,,,,,,
,,,,,,,,,,,,,,,,,,,,,,,,,,,,,,,,,,,,,,,,,,,,,,,,,,,,,,,,,,,,,,,,,,,,,,,,,,,,,,,,,,
b'lenovo',b'Lenovo Tab P11 Pro',b'https://fdn2.gsmarena.com/vv/bigpic/lenovo-tab-p11-pro.jpg',b'GSM / HSPA / LTE',b'GSM 850 / 900 / 1800 / 1900',b'HSDPA 850 / 900 / 1900 / 2100',"b'HSPA 42.2/5.76 Mbps, LTE-A'","b'2020, August 31'","b'Available. Released 2020, December 14'",b'264.3 x 171.4 x 6.9 mm (10.41 x 6.75 x 0.27 in)',b'485 g (1.07 lb)',b'Nano-SIM',"b'OLED, HDR10, 500 nits (typ)'","b'11.5 inches, 383.5 cm2 (~84.6% screen-to-body ratio)'","b'1600 x 2560 pixels, 16:10 ratio (~263 ppi density)'",b'Stylus support',b'Android 10',b'microSDXC',,b'1080p@30fps',b'Dolby Vision',"b'Yes, with stereo speakers (4 speakers)'",b'Yes',"b'Wi-Fi 802.11 a/b/g/n/ac, dual-band, Wi-Fi Direct, hotspot'","b'5.0, A2DP, LE'","b'Yes, with A-GPS, GLONASS, BDS'",b'Unspecified',b'USB Type-C 3.2',"b'Fingerprint (side-mounted), accelerometer, gyro, proximity'",,,"b'Li-Po 8600 mAh, non-removable'",,,"b'Slate Grey, Platinum Grey'","b'128GB 4GB RAM, 128GB 6GB RAM'",,,,,,,,,,,"b'1, 2, 3, 4, 5, 7, 8, 18, 19, 20, 26, 28, 38, 39, 40, 41'",b'Qualcomm SDM730 Snapdragon 730G (8 nm)',b'Octa-core (2x2.2 GHz Kryo 470 Gold & 6x1.8 GHz Kryo 470 Silver)',b'Adreno 618',,b'',b'No',,,b'About 550 EUR',"b'Glass front, aluminum frame, aluminum back'","b'13 MP, (wide), AF 5 MP, (ultrawide)'",b'Fast charging 20W',,,,,,,,,,,,,,,"b'8 MP, (wide) 8 MP, IR TOF 3D, (biometrics sensor only)'",,,,,,,,,
,,,,,,,,,,,,,,,,,,,,,,,,,,,,,,,,,,,,,,,,,,,,,,,,,,,,,,,,,,,,,,,,,,,,,,,,,,,,,,,,,,
b'lenovo',b'Lenovo Tab P11',b'https://fdn2.gsmarena.com/vv/bigpic/lenovo-tab-p11.jpg',b'GSM / HSPA / LTE',b'GSM 850 / 900 / 1800 / 1900',b'HSDPA 850 / 900 / 2100',"b'HSPA 42.2/5.76 Mbps, LTE-A'","b'2021, January 07'","b'Coming soon. Exp. release 2021, February'",b'258.4 x 163 x 7.5 mm (10.17 x 6.42 x 0.30 in)',b'490 g (1.08 lb)',b'Nano-SIM',"b'IPS LCD, 400 nits (typ)'","b'11.0 inches, 344.4 cm2 (~81.8% screen-to-body ratio)'","b'1200 x 2000 pixels, 5:3 ratio (~212 ppi density)'",b'Stylus support',b'Android 10',b'microSDXC',"b'13 MP, (wide), AF'",b'1080p@30fps',,"b'Yes, with stereo speakers (4 speakers)'",b'Yes',"b'Wi-Fi 802.11 a/b/g/n/ac/6, dual-band, Wi-Fi Direct, hotspot'","b'5.0, A2DP, LE'","b'Yes, with A-GPS, GLONASS, BDS'",b'Unspecified',b'USB Type-C 2.0',"b'Accelerometer, gyro, proximity'",,,"b'Li-Po 7700 mAh, non-removable'",,,"b'Slate Grey, White'","b'64GB 4GB RAM, 128GB 4GB RAM, 128GB 6GB RAM'",,,,,,b'LED flash',,,,,b'LTE (unspecified)',b'Qualcomm SM6115 Snapdragon 662 (11 nm)',b'Octa-core (4x2.3 GHz Kryo 260 Gold & 4x1.8 GHz Kryo 260 Silver)',b'Adreno 610',"b'8 MP, (wide)'",b'1080p@30fps',b'No',,,b'About 190 EUR',,,b'Fast charging 20W',,,,,,,,,,,,,,,,,,,,,,,,
,,,,,,,,,,,,,,,,,,,,,,,,,,,,,,,,,,,,,,,,,,,,,,,,,,,,,,,,,,,,,,,,,,,,,,,,,,,,,,,,,,
b'lenovo',b'Lenovo Tab M10 HD Gen 2',b'https://fdn2.gsmarena.com/vv/bigpic/lenovo-tab-m10-hd-gen2--.jpg',b'GSM / HSPA / LTE',b'GSM 850 / 900 / 1800 / 1900',b'HSDPA 800 / 850 / 900 / 1900 / 2100',"b'HSPA, LTE'","b'2020, August 31'","b'Available. Released 2020, November'",b'241.5 x 149.4 x 8.3 mm (9.51 x 5.88 x 0.33 in)',b'420 g (14.82 oz)',b'Nano-SIM',"b'IPS LCD, 400 nits (typ)'","b'10.1 inches, 295.8 cm2 (~82.0% screen-to-body ratio)'","b'800 x 1280 pixels, 16:10 ratio (~149 ppi density)'",b'eMMC 5.1',b'Android 10',b'microSDXC (dedicated slot)',"b'8 MP, AF'",b'1080p@30fps',,"b'Yes, with stereo speakers'",b'Yes',"b'Wi-Fi 802.11 a/b/g/n/ac, dual-band, Wi-Fi Direct, hotspot'","b'5.0, LE'","b'Yes, with A-GPS (LTE model), GLONASS'",b'FM radio',"b'USB Type-C 2.0, USB On-The-Go; magnetic connector'","b'Accelerometer, proximity'",,,"b'Li-Po 5000 mAh, non-removable'",,,"b'Iron Gray, Platinum Gray'","b'32GB 2GB RAM, 64GB 4GB RAM'",,,,,,,,,,,"b'1, 2, 3, 4, 5, 7, 8, 19, 20, 28, 38, 40'",b'Mediatek MT6762 Helio P22T (12 nm)',b'Octa-core (4x2.3 GHz Cortex-A53 & 4x1.8 GHz Cortex-A53)',b'PowerVR GE8320',b'5 MP',b'',b'No',,,b'About 170 EUR',,,b'Charging 10W',,,,,,,,,,,,,,,,,,,,,,,,
,,,,,,,,,,,,,,,,,,,,,,,,,,,,,,,,,,,,,,,,,,,,,,,,,,,,,,,,,,,,,,,,,,,,,,,,,,,,,,,,,,
b'lenovo',b'Lenovo Legion Duel',b'https://fdn2.gsmarena.com/vv/bigpic/lenovo-legion-.jpg',b'GSM / HSPA / LTE / 5G',b'GSM 850 / 900 / 1800 / 1900 - SIM 1 & SIM 2',b'HSDPA 850 / 900 / 1700(AWS) / 1900 / 2100',"b'HSPA 42.2/5.76 Mbps, LTE-A (4CA) Cat15 800/210 Mbps, 5G 2.5 Gbps DL'","b'2020, July 22'","b'Available. Released 2020, October 15'",b'169.2 x 78.5 x 9.9 mm (6.66 x 3.09 x 0.39 in)',b'239 g (8.43 oz)',"b'Dual SIM (Nano-SIM, dual stand-by)'","b'AMOLED, 144Hz, HDR10+'","b'6.65 inches, 108.6 cm2 (~81.7% screen-to-body ratio)'","b'1080 x 2340 pixels, 19.5:9 ratio (~388 ppi density)'",b'Water-repellent coating',"b'Android 10, Legion OS/ ZUI12'",b'No',"b'Motorized pop-up 20 MP, f/2.2, 25mm (wide), 1/3.1"", 0.9\xc2\xb5m'",b'4K@30fps gyro-EIS',b'UFS 3.1',"b'Yes, with stereo speakers'",b'No',"b'Wi-Fi 802.11 a/b/g/n/ac/6, dual-band, Wi-Fi Direct, hotspot'","b'5.0, A2DP, LE, aptX HD, aptX Adaptive'","b'Yes, with dual-band A-GPS, GLONASS, GALILEO, BDS, QZSS'",b'No',"b'USB Type-C 3.1 (side), USB Type-C 2.0 (bottom), USB On-The-Go'","b'Fingerprint (under display, optical), accelerometer, gyro, proximity, compass'",,,"b'Li-Po 5000 mAh, non-removable'",,,"b'Vengeance Red, Blazing Blue'","b'256GB 12GB RAM, 512GB 16GB RAM'",,,,,,"b'Dual-LED dual-tone flash, panorama, HDR'",,,,,"b'1, 2, 3, 4, 5, 7, 8, 12, 17, 18, 19, 20, 26, 28, 34, 38, 39, 40, 41, 42 - International'",b'Qualcomm SM8250 Snapdragon 865+ (7 nm+)',b'Octa-core (1x3.09 GHz Kryo 585 & 3x2.42 GHz Kryo 585 & 4x1.8 GHz Kryo 585)',b'Adreno 650',,b'4K@30fps',b'Yes',,,b'\xc2\xa3\xe2\x80\x89799.99',"b'Glass front, glass back, aluminum frame'","b'64 MP, f/1.9, 25mm (wide), 1/1.72"", 0.8\xc2\xb5m, PDAF 16 MP, f/2.2, 120\xcb\x9a, 16mm (ultrawide)'","b'Fast charging 90W, 50% in 10 min, 100% in 30 min (512GB 16GB RAM model) Fast charging 65W, (128GB 12GB RAM, 256GB 12GB RAM models)'","b'LED flash, HDR'",,,,,,,,,,,,,,,,,,,,,"b'1, 3, 28, 38, 41, 77, 78, 79 SA/NSA'",b'\xc2\xa3\xe2\x80\x89799.99',
,,,,,,,,,,,,,,,,,,,,,,,,,,,,,,,,,,,,,,,,,,,,,,,,,,,,,,,,,,,,,,,,,,,,,,,,,,,,,,,,,,
b'lenovo',b'Lenovo Legion Pro',b'https://fdn2.gsmarena.com/vv/bigpic/lenovo-legion-.jpg',b'GSM / CDMA / HSPA / LTE / 5G',b'GSM 850 / 900 / 1800 / 1900 - SIM 1 & SIM 2',b'HSDPA 850 / 900 / 1900 / 2100',"b'HSPA 42.2/5.76 Mbps, LTE-A (4CA) Cat15 800/210 Mbps, 5G 2.5 Gbps DL'","b'2020, July 22'","b'Available. Released 2020, July 30'",b'169.2 x 78.5 x 9.9 mm (6.66 x 3.09 x 0.39 in)',b'239 g (8.43 oz)',"b'Dual SIM (Nano-SIM, dual stand-by)'","b'AMOLED, 144Hz, HDR10+'","b'6.65 inches, 108.6 cm2 (~81.7% screen-to-body ratio)'","b'1080 x 2340 pixels, 19.5:9 ratio (~388 ppi density)'",b'CDMA 800 & TD-SCDMA',"b'Android 10, Legion OS/ ZUI12'",b'No',"b'Motorized pop-up 20 MP, f/2.2, 25mm (wide), 1/3.1"", 0.9\xc2\xb5m'",b'4K@30fps gyro-EIS',b'Water-repellent coating',"b'Yes, with stereo speakers'",b'No',"b'Wi-Fi 802.11 a/b/g/n/ac/6, dual-band, Wi-Fi Direct, hotspot'","b'5.0, A2DP, LE, aptX HD, aptX Adaptive'","b'Yes, with dual-band A-GPS, GLONASS, GALILEO, BDS, QZSS'","b'FM radio, recording'","b'Two USB Type-C, USB On-The-Go'","b'Fingerprint (under display, optical), accelerometer, gyro, proximity, compass'",,b'UFS 3.1',"b'Li-Po 5000 mAh, non-removable'",,,"b'Vengeance Red, Blazing Blue'","b'128GB 8GB RAM, 128GB 12GB RAM, 256GB 12GB RAM, 512GB 16GB RAM'",,,,,,"b'Dual-LED dual-tone flash, panorama, HDR'",,,,,b'LTE (unspecified) - China',b'Qualcomm SM8250 Snapdragon 865+ (7 nm+)',b'Octa-core (1x3.09 GHz Kryo 585 & 3x2.42 GHz Kryo 585 & 4x1.8 GHz Kryo 585)',b'Adreno 650',,b'4K@30fps',b'Yes',,,b'$\xe2\x80\x89659.99',"b'Glass front, glass back, aluminum frame'","b'64 MP, f/1.9, 25mm (wide), 1/1.72"", 0.8\xc2\xb5m, PDAF 16 MP, f/2.2, 120\xcb\x9a, 16mm (ultrawide)'","b'Fast charging 90W, 50% in 10 min, 100% in 30 min (512GB 16GB RAM model) Fast charging 65W, (128GB 12GB RAM, 256GB 12GB RAM models) Fast charging 45W, (128GB 8GB RAM model)'","b'LED flash, HDR'",b'L79031',,,b'$\xe2\x80\x89659.99',,,,,,,,,,,,,,,,,b'SA/NSA',b'$\xe2\x80\x89969.99',b'$\xe2\x80\x89719.99'
,,,,,,,,,,,,,,,,,,,,,,,,,,,,,,,,,,,,,,,,,,,,,,,,,,,,,,,,,,,,,,,,,,,,,,,,,,,,,,,,,,
b'lenovo',b'Lenovo A7',b'https://fdn2.gsmarena.com/vv/bigpic/lenovo-a7.jpg',b'GSM / HSPA / LTE',b'GSM 850 / 900 / 1800 / 1900 - SIM 1 & SIM 2',b'HSDPA 850 / 900 / 2100',"b'HSPA 42.2/5.76 Mbps, LTE'","b'2019, April 13'","b'Available. Released 2019, April 13'",b'155 x 75 x 12 mm (6.10 x 2.95 x 0.47 in)',b'-',"b'Dual SIM (Nano-SIM, dual stand-by)'",b'IPS LCD',"b'6.09 inches, 91.0 cm2 (~78.3% screen-to-body ratio)'","b'720 x 1560 pixels, 19.5:9 ratio (~282 ppi density)'",b'eMMC 5.1',b'Android 9.0 (Pie)',b'microSDXC (dedicated slot)',b'5 MP',b'1080p@30fps',,b'Yes',b'Yes',"b'Wi-Fi 802.11 b/g/n, hotspot'",b'Yes',"b'Yes, with A-GPS'",b'FM radio',b'microUSB 2.0',"b'Fingerprint (rear-mounted), accelerometer, proximity'",,,"b'Li-Po 4000 mAh, non-removable'",,,"b'Black, Blue'",b'64GB 4GB RAM',,,,,,b'LED flash',,,,,"b'1, 3, 5, 8, 38, 40, 41'",b'Unisoc SC9863A (28nm)',b'Octa-core (4x1.6 GHz Cortex-A55 & 4x1.2 GHz Cortex-A55)',b'IMG8322',,b'',b'No',,,b'About 100 EUR',"b'Glass front, plastic back, plastic frame'","b'13 MP, (wide), 1/3.1"", 1.12\xc2\xb5m, PDAF 2 MP, f/2.4, (depth)'",,,b'L19111',,,,,,,,,,,,,,,,,,,,,,
,,,,,,,,,,,,,,,,,,,,,,,,,,,,,,,,,,,,,,,,,,,,,,,,,,,,,,,,,,,,,,,,,,,,,,,,,,,,,,,,,,
b'lenovo',b'Lenovo K7',b'https://fdn2.gsmarena.com/vv/bigpic/lenovo-a7-.jpg',b'GSM / CDMA / HSPA / LTE',b'GSM 850 / 900 / 1800 / 1900 - SIM 1 & SIM 2',b'HSDPA 850 / 900 / 1900 / 2100',"b'HSPA 42.2/5.76 Mbps, LTE-A'","b'2020, April 13'",b'Cancelled',b'-',b'0 (5.68 oz)',"b'Hybrid Dual SIM (Nano-SIM, dual stand-by)'",b'IPS LCD',"b'6.09 inches, 92.6 cm2'","b'720 x 1520 pixels, 19:9 ratio (~276 ppi density)'",b'CDMA 800 & TD-SCDMA',b'Android 10',b'microSDXC (uses shared SIM slot)',b'5 MP',b'1080p@30fps',b'eMMC 5.1',b'Yes',b'Yes',"b'Wi-Fi 802.11 b/g/n, hotspot'","b'5.0, A2DP, LE'","b'Yes, with A-GPS'",b'FM radio',b'Yes',"b'Fingerprint (rear-mounted), accelerometer, proximity'",,,"b'Li-Ion 4000 mAh, non-removable'",,,"b'Blue, Black'",,,,,,,"b'LED flash, HDR, panorama'",,,,,b'LTE',b'Unisoc SC9863A (28nm)',b'Octa-core (4x1.6 GHz Cortex-A55 & 4x1.2 GHz Cortex-A55)',b'IMG8322',,b'',b'No',,,,,,,b'HDR',,,,,,"b'13 MP, (wide), PDAF 2 MP, (depth)'",,,,,,,,,,,,,,,,,
,,,,,,,,,,,,,,,,,,,,,,,,,,,,,,,,,,,,,,,,,,,,,,,,,,,,,,,,,,,,,,,,,,,,,,,,,,,,,,,,,,
b'lenovo',b'Lenovo M10 Plus',b'https://fdn2.gsmarena.com/vv/bigpic/lenovo-m10-plus.jpg',b'LTE',b'N/A',b'N/A',"b'HSPA 21.1/5.76 Mbps, LTE Cat4 150/50 Mbps'","b'2020, March 27'","b'Available. Released 2020, March 27'",b'244.2 x 153.3 x 8.2 mm (9.61 x 6.04 x 0.32 in)',b'460 g (1.01 lb)',b'Nano-SIM',"b'IPS LCD, 330 nits (typ)'","b'10.3 inches, 307.6 cm2 (~82.2% screen-to-body ratio)'","b'1200 x 1920 pixels, 16:10 ratio (~220 ppi density)'",b'eMMC 5.1',b'Android 9.0 (Pie)',b'microSDXC (dedicated slot)',"b'8 MP, AF'",b'1080p@30fps',,"b'Yes, with stereo speakers'",b'Yes',"b'Wi-Fi 802.11 a/b/g/n/ac, dual-band, Wi-Fi Direct, hotspot'","b'5.0, LE'","b'Yes, with A-GPS'",b'No',b'USB Type-C 2.0',b'Accelerometer',,,"b'Li-Po 7000 mAh, non-removable'",,,b'Iron Grey',"b'32GB 2GB RAM, 64GB 4GB RAM, 128GB 4GB RAM'",b'No',b'No',,,,,,,,,b'LTE (unspecified)',b'Mediatek MT6762 Helio P22T (12 nm)',b'Octa-core (4x2.3 GHz Cortex-A53 & 4x1.8 GHz Cortex-A53)',b'PowerVR GE8320',b'5 MP',b'',b'No',,,b'About 200 EUR',,,b'Charging 10W',,"b'TB-X606, TB-X606F'",,,,,,,,,,,,,,,,,,,,,,
,,,,,,,,,,,,,,,,,,,,,,,,,,,,,,,,,,,,,,,,,,,,,,,,,,,,,,,,,,,,,,,,,,,,,,,,,,,,,,,,,,
b'lenovo',b'Lenovo M10 FHD REL',b'https://fdn2.gsmarena.com/vv/bigpic/lenovo-m10-fhd-rel.jpg',b'LTE',b'N/A',b'N/A',"b'HSPA 21.1/5.76 Mbps, LTE Cat4 150/50 Mbps'","b'2020, January 24'","b'Available. Released 2020, January 24'",b'-',b'520 g (1.15 lb)',b'Yes',"b'IPS LCD, 320 nits (typ)'","b'10.1 inches, 295.8 cm2'","b'1200 x 1920 pixels, 16:10 ratio (~224 ppi density)'",b'eMMC 5.1',b'Android 9.0 (Pie)',b'microSDXC (dedicated slot)',"b'8 MP, AF'",b'1080p@30fps',,"b'Yes, with stereo speakers'",b'Yes',"b'Wi-Fi 802.11 a/b/g/n/ac, dual-band, Wi-Fi Direct, hotspot'","b'4.2, A2DP'","b'Yes, with A-GPS'",b'FM radio',b'microUSB 2.0',b'Accelerometer',,,"b'Li-Po 7000 mAh, non-removable'",,,b'Black',b'32GB 3GB RAM',b'No',b'No',,,,,,,,,b'LTE (unspecified)',b'Qualcomm SDM450 Snapdragon 450 (14 nm)',b'Octa-core 1.8 GHz Cortex-A53',b'Adreno 506',b'5 MP',b'',b'No',,,b'About 180 EUR',,,,,"b'TB-X605FC, TB-X605LC, ZA4Y0079IN'",,,,,,,,,,,,,,,,,,,,,,
,,,,,,,,,,,,,,,,,,,,,,,,,,,,,,,,,,,,,,,,,,,,,,,,,,,,,,,,,,,,,,,,,,,,,,,,,,,,,,,,,,
b'lenovo',b'Lenovo Yoga Smart Tab',b'https://fdn2.gsmarena.com/vv/bigpic/lenovo-yoga-smart-tab.jpg',b'No cellular connectivity',b'N/A',b'N/A',,"b'2019, October'","b'Available. Released 2019, October'",b'242mm x 166mm x 8.5-24mm',b'580 g (1.28 lb)',b'No',b'IPS LCD',"b'10.1 inches, 295.8 cm2 (~73.6% screen-to-body ratio)'","b'1200 x 1920 pixels, 16:10 ratio (~224 ppi density)'",b'Built-in 3-stage kickstand',b'Android 9.0 (Pie)',b'microSDXC (dedicated slot)',"b'8 MP, AF'",b'1080p@30fps',b'eMMC 5.1',"b'Yes, with stereo speakers'",b'Yes',"b'Wi-Fi 802.11 b/g/n/ac, Wi-Fi Direct, hotspot'","b'4.2, A2DP'",b'No',b'No',b'USB Type-C 2.0',b'Accelerometer',,,"b'Li-Po 7000 mAh, non-removable'",,,b'Iron Grey',b'64GB 4GB RAM',b'No',b'No',,,,,,,,,b'N/A',b'Qualcomm SDM439 Snapdragon 439 (12 nm)',b'Octa-core (4x1.95 GHz Cortex-A53 & 4x1.45 GHz Cortex A53)',b'Adreno 505',b'5 MP',b'1080p@30fps',b'No',,,b'About 320 EUR',,,b'Charging 10W',,,,,,,,,,,,,,,,,,,,,,,,
,,,,,,,,,,,,,,,,,,,,,,,,,,,,,,,,,,,,,,,,,,,,,,,,,,,,,,,,,,,,,,,,,,,,,,,,,,,,,,,,,,
b'lenovo',b'Lenovo K10 Plus',b'https://fdn2.gsmarena.com/vv/bigpic/lenovo-k10-plus.jpg',b'GSM / CDMA / HSPA / LTE',b'GSM 850 / 900 / 1800 / 1900 - SIM 1 & SIM 2',b'HSDPA 850 / 900 / 1700(AWS) / 1900 / 2100',"b'HSPA 42.2/5.76 Mbps, LTE-A'","b'2019, September 23'","b'Available. Released 2019, September 30'",b'158.3 x 75.8 x 8.3 mm (6.23 x 2.98 x 0.33 in)',b'172 g (6.07 oz)',"b'Dual SIM (Nano-SIM, dual stand-by)'",b'IPS LCD',"b'6.22 inches, 96.6 cm2 (~80.5% screen-to-body ratio)'","b'720 x 1520 pixels, 19:9 ratio (~270 ppi density)'",b'CDMA 800 & TD-SCDMA',"b'Android 9.0 (Pie), ZUI 11'",b'microSDXC (dedicated slot)',"b'16 MP, f/2.0, 13mm (ultrawide), 1/2.8"", 1.12\xc2\xb5m'",b'1080p@30fps',b'eMMC 5.1',b'Yes',b'Yes',"b'Wi-Fi 802.11 a/b/g/n/ac, dual-band, Wi-Fi Direct, hotspot'","b'5.0, A2DP, LE'","b'Yes, with A-GPS, GLONASS'","b'FM radio, recording'","b'USB Type-C 2.0, USB On-The-Go'","b'Fingerprint (rear-mounted), accelerometer, proximity'",,,"b'Li-Po 4050 mAh, non-removable'",,,"b'Black, Sprite'",b'64GB 4GB RAM',,,,,,"b'LED flash, panorama, HDR'",,,,,"b'1, 2, 3, 4, 5, 7, 8, 20, 28, 38, 40, 41'",b'Qualcomm SDM632 Snapdragon 632 (14 nm)',b'Octa-core (4x1.8 GHz Kryo 250 Gold & 4x1.8 GHz Kryo 250 Silver)',b'Adreno 506',,b'1080p@30fps',b'No',,,,"b'Glass front, plastic back, plastic frame'",,b'Charging 10W',b'HDR',"b'PAGW0015IN, L39051'",b'0.34 W/kg (head) \xc2\xa0 \xc2\xa0 0.90 W/kg (body)',,,,"b'13 MP, f/2.0, (wide), 1/3.1"", 1.12\xc2\xb5m, PDAF 8 MP, 13mm (ultrawide), 1/4.0"", 1.12\xc2\xb5m 5 MP, f/2.2, (depth)'",,,,,,,,,,,,,,,,,
,,,,,,,,,,,,,,,,,,,,,,,,,,,,,,,,,,,,,,,,,,,,,,,,,,,,,,,,,,,,,,,,,,,,,,,,,,,,,,,,,,
b'lenovo',b'Lenovo K10 Note',b'https://fdn2.gsmarena.com/vv/bigpic/lenovo-z6-youth.jpg',b'GSM / CDMA / HSPA / LTE',b'GSM 850 / 900 / 1800 / 1900 - SIM 1 & SIM 2',b'HSDPA 850 / 900 / 1900 / 2100',"b'HSPA 42.2/5.76 Mbps, LTE-A'","b'2019, September 05'","b'Available. Released 2019, September 16'",b'156.6 x 74.3 x 7.9 mm (6.17 x 2.93 x 0.31 in)',b'164 g (5.78 oz)',"b'Hybrid Dual SIM (Nano-SIM, dual stand-by)'",b'IPS LCD',"b'6.3 inches, 97.4 cm2 (~83.7% screen-to-body ratio)'","b'1080 x 2340 pixels, 19.5:9 ratio (~409 ppi density)'",b'CDMA 800 & TD-SCDMA',"b'Android 9.0 (Pie), ZUI 11'",b'microSDXC (uses shared SIM slot)',"b'16 MP, f/2.0, 26mm (wide), 1/3.06"", 1.0\xc2\xb5m'","b'4K@30fps, 1080p@30fps'",b'UFS 2.1',b'Yes',b'Yes',"b'Wi-Fi 802.11 a/b/g/n/ac, dual-band, Wi-Fi Direct, DLNA, hotspot'","b'5.0, A2DP, LE'","b'Yes, with A-GPS'","b'FM radio, recording'","b'USB Type-C 2.0, USB On-The-Go'","b'Fingerprint (rear-mounted), accelerometer, gyro, proximity, compass'",,,"b'Li-Po 4050 mAh, non-removable'",,,"b'Knight Black, Stardust Blue'","b'64GB 4GB RAM, 128GB 6GB RAM'",,,,,,"b'LED flash, panorama, HDR'",,,,,"b'1, 2, 3, 5, 7, 8, 34, 38, 39, 40, 41'",b'Qualcomm SDM710 Snapdragon 710 (10 nm)',b'Octa-core (2x2.2 GHz Kryo 360 Gold & 6x1.7 GHz Kryo 360 Silver)',b'Adreno 616',,b'1080p@30fps',b'No',,,b'About 180 EUR',"b'Glass front, plastic back, plastic frame'",,b'Fast charging 18W',b'HDR',"b'PAFR0026IN, PAFR0026, PAFR0033IN, PAFR0033, PAFR0013IN, PAFR0013'",,,,,"b'16 MP, f/1.8, PDAF 8 MP, f/2.4, (telephoto), PDAF, 2x optical zoom 2 MP, f/2.2, (depth)'",,,,,,,,,,,,,,,,,
,,,,,,,,,,,,,,,,,,,,,,,,,,,,,,,,,,,,,,,,,,,,,,,,,,,,,,,,,,,,,,,,,,,,,,,,,,,,,,,,,,
b'lenovo',b'Lenovo A6 Note',b'https://fdn2.gsmarena.com/vv/bigpic/lenovo-a6-note-.jpg',b'GSM / HSPA / LTE',b'GSM 850 / 900 / 1800 / 1900 - SIM 1 & SIM 2',b'HSDPA 850 / 900 / 1900 / 2100',"b'HSPA 42.2/5.76 Mbps, LTE-A'","b'2019, September'","b'Available. Released 2019, September'",b'154.7 x 72.9 x 9.2 mm (6.09 x 2.87 x 0.36 in)',b'172 g (6.07 oz)',"b'Dual SIM (Nano-SIM, dual stand-by)'",b'IPS LCD',"b'6.09 inches, 91.0 cm2 (~80.7% screen-to-body ratio)'","b'720 x 1560 pixels, 19.5:9 ratio (~282 ppi density)'",b'eMMC 5.1',b'Android 9.0 (Pie)',b'microSDXC (dedicated slot)',"b'5 MP, 1/5"", 1.12\xc2\xb5m'",b'1080p@30fps',,b'Yes',b'Yes',"b'Wi-Fi 802.11 b/g/n, hotspot'","b'5.0, A2DP, LE'","b'Yes, with A-GPS, GLONASS, GALILEO'",b'FM radio',b'microUSB 2.0',"b'Fingerprint (rear-mounted), accelerometer, proximity'",,,"b'Li-Po 4000 mAh, non-removable'",,,"b'Black, Blue'","b'16GB 2GB RAM, 32GB 3GB RAM'",,,,,,"b'LED flash, panorama, HDR'",,,,,"b'1, 2, 3, 5, 7, 8, 20, 38, 40, 41'",b'Mediatek MT6762 Helio P22 (12 nm)',b'Octa-core 2.0 GHz Cortex-A53',b'PowerVR GE8320',,b'',b'No',,,b'About 100 EUR',,"b'13 MP, f/2.0, 1/3.1"", 1.12\xc2\xb5m, AF 2 MP, f/2.4, (depth)'",b'Charging 10W',,"b'PAGK0027IN, PAGK0027, L19041'",,,,,,,,,,,,,,,,,,,,,,
,,,,,,,,,,,,,,,,,,,,,,,,,,,,,,,,,,,,,,,,,,,,,,,,,,,,,,,,,,,,,,,,,,,,,,,,,,,,,,,,,,
b'lenovo',b'Lenovo Tab M8 (FHD)',b'https://fdn2.gsmarena.com/vv/bigpic/lenovo-tab-m8-HD.jpg',b'GSM / HSPA / LTE',b'GSM 850 / 900 / 1800 / 1900',b'HSDPA 850 / 900 / 1900 / 2100',"b'HSPA 42.2/5.76 Mbps, LTE'","b'2019, September'","b'Available. Released 2019, October'",b'198.2 x 122.6 x 8.2 mm (7.80 x 4.83 x 0.32 in)',b'305 g (10.76 oz)',b'Nano-SIM',"b'IPS LCD, 350 nits (typ)'","b'8.0 inches, 185.6 cm2 (~76.4% screen-to-body ratio)'","b'1200 x 1920 pixels, 16:10 ratio (~283 ppi density)'","b'1, 3, 5, 7, 8, 19, 34, 38, 39, 40, 41'",b'Android 9.0 (Pie)',b'microSDXC (dedicated slot)',"b'13 MP, AF'",b'1080p',b'eMMC 5.1',b'Yes',b'Yes',"b'Wi-Fi 802.11 a/b/g/n/ac, dual-band, Wi-Fi Direct, hotspot'","b'5.0, A2DP, LE'","b'Yes, with A-GPS, GLONASS, BDS'",b'FM radio',"b'microUSB 2.0, USB On-The-Go'","b'Accelerometer, proximity'",,,"b'Li-Po 5100 mAh, non-removable'",,,"b'Iron Grey, Platinum Grey'","b'16GB 2GB RAM, 32GB 3GB RAM'",,,,,,b'LED flash',,,,,"b'1, 2, 3, 4, 5, 7, 8, 19, 20, 38, 40'",b'Mediatek MT6762 Helio P22T (12 nm)',b'Octa-core 2.3 GHz Cortex-A53',b'PowerVR GE8320',b'5 MP',b'1080p',b'No',,,b'About 160 EUR',"b'Glass front, aluminum back, aluminum frame'",,,,,,,,,,,,,,,,,,,,,,,,,,
,,,,,,,,,,,,,,,,,,,,,,,,,,,,,,,,,,,,,,,,,,,,,,,,,,,,,,,,,,,,,,,,,,,,,,,,,,,,,,,,,,
b'lenovo',b'Lenovo Tab M8 (HD)',b'https://fdn2.gsmarena.com/vv/bigpic/lenovo-tab-m8-HD.jpg',b'GSM / HSPA / LTE',b'GSM 850 / 900 / 1800 / 1900',b'HSDPA 850 / 900 / 1900 / 2100',"b'HSPA 42.2/5.76 Mbps, LTE'","b'2019, September'","b'Available. Released 2019, October'",b'199.1 x 121.8 x 8.2 mm (7.84 x 4.80 x 0.32 in)',b'305 g (10.76 oz)',b'Nano-SIM',b'IPS LCD',"b'8.0 inches, 185.6 cm2 (~76.5% screen-to-body ratio)'","b'800 x 1280 pixels, 16:10 ratio (~189 ppi density)'","b'1, 3, 5, 7, 8, 19, 34, 38, 39, 40, 41'",b'Android 9.0 (Pie)',b'microSDXC (dedicated slot)',"b'5 MP, AF'",b'1080p',b'eMMC 5.1',b'Yes',b'Yes',"b'Wi-Fi 802.11 a/b/g/n/ac, dual-band, Wi-Fi Direct, hotspot'","b'5.0, A2DP, LE'","b'Yes, with A-GPS, GLONASS, BDS'",b'FM radio',"b'microUSB 2.0, USB On-The-Go'","b'Accelerometer, proximity'",,,"b'Li-Po 5000 mAh, non-removable'",,,"b'Iron Grey, Platinum Grey'","b'16GB 2GB RAM, 32GB 3GB RAM'",,,,,,,,,,,"b'1, 2, 3, 4, 5, 7, 8, 19, 20, 38, 40'",b'Mediatek MT6761 Helio A22 (12 nm)',b'Quad-core 2.0 GHz Cortex-A53',b'PowerVR GE8320',b'2 MP',b'720p',b'No',,,b'About 140 EUR',"b'Glass front, aluminum back, aluminum frame'",,,,"b'TB-8505X, TB-8505F'",,,,,,,,,,,,,,,,,,,,,,
,,,,,,,,,,,,,,,,,,,,,,,,,,,,,,,,,,,,,,,,,,,,,,,,,,,,,,,,,,,,,,,,,,,,,,,,,,,,,,,,,,
b'lenovo',b'Lenovo Tab M7',b'https://fdn2.gsmarena.com/vv/bigpic/lenovo-tab-m7.jpg',b'GSM / HSPA / LTE',b'GSM 850 / 900 / 1800 / 1900',b'HSDPA 850 / 900 / 1900 / 2100',"b'HSPA 42.2/5.76 Mbps, LTE'","b'2019, September'","b'Available. Released 2019, October'",b'176.3 x 102.9 x 8.3 mm (6.94 x 4.05 x 0.33 in)',b'236 g (8.32 oz)',b'Nano-SIM',b'IPS LCD',"b'7.0 inches, 137.9 cm2 (~76.0% screen-to-body ratio)'","b'600 x 1024 pixels, 16:9 ratio (~170 ppi density)'",,"b'Android 9.0 (Pie) - 2GB RAM, Android 9.0 Pie (Go edition) - 1GB RAM'",b'microSDXC (dedicated slot)',b'2 MP',b'720p',,b'Yes',b'Yes',"b'Wi-Fi 802.11 b/g/n, Wi-Fi Direct, hotspot'","b'4.2, A2DP, LE'","b'Yes, with A-GPS, GLONASS'",b'FM radio',b'microUSB 2.0',b'Accelerometer',,,"b'Li-Po 3590 mAh, non-removable'",,,"b'Iron Grey, Platinum Grey, Onyx Black'","b'8GB 1GB RAM, 16GB 1GB RAM, 32GB 2GB RAM'",,,,,,,,,,,"b'1, 3, 4, 7, 8, 20'",b'Mediatek MT8321 (28 nm) - Wi-FiMediatek MT8765B - Wi-Fi/LTE',b'Quad-core 1.3 GHz',b'Mali-400',b'2 MP',b'720p',b'No',,,b'About 100 EUR',"b'Glass front, aluminum back, aluminum frame'",,,,b'TB-7305F',,,,,,,,,,,,,,,,,,,,,,
,,,,,,,,,,,,,,,,,,,,,,,,,,,,,,,,,,,,,,,,,,,,,,,,,,,,,,,,,,,,,,,,,,,,,,,,,,,,,,,,,,
b'lenovo',b'Lenovo Z6',b'https://fdn2.gsmarena.com/vv/bigpic/lenovo-z6.jpg',b'GSM / CDMA / HSPA / LTE',b'GSM 850 / 900 / 1800 / 1900 - SIM 1 & SIM 2',b'HSDPA 850 / 900 / 1900 / 2100',"b'HSPA 42.2/5.76 Mbps, LTE-A'","b'2019, July 04'","b'Available. Released 2019, July 09'",b'157 x 74.5 x 8 mm (6.18 x 2.93 x 0.31 in)',b'159 g (5.61 oz)',"b'Hybrid Dual SIM (Nano-SIM, dual stand-by)'","b'Super AMOLED, 120Hz, HDR10'","b'6.39 inches, 100.2 cm2 (~85.7% screen-to-body ratio)'","b'1080 x 2340 pixels, 19.5:9 ratio (~403 ppi density)'",b'CDMA 800 & TD-SCDMA',"b'Android 9.0 (Pie), ZUI 11'",b'microSDXC (uses shared SIM slot)',"b'16 MP, f/2.0, 26mm (wide), 1/3.06"", 1.0\xc2\xb5m'","b'4K@30fps, 1080p@30fps'",b'UFS 2.1',b'Yes',b'Yes',"b'Wi-Fi 802.11 a/b/g/n/ac, dual-band, Wi-Fi Direct, hotspot'","b'5.0, A2DP, EDR, LE, aptX HD'","b'Yes, with A-GPS, GLONASS, BDS'",b'No',"b'USB Type-C 2.0, USB On-The-Go'","b'Fingerprint (under display, optical), accelerometer, proximity, compass'",,,"b'Li-Po 4000 mAh, non-removable'",,,b'Blue',"b'64GB 6GB RAM, 128GB 6GB RAM, 128GB 8GB RAM'",,,,,,"b'Dual-LED flash, panorama, HDR'",,,,,"b'1, 2, 3, 5, 7, 8, 20, 34, 38, 39, 40, 41'",b'Qualcomm SDM730 Snapdragon 730 (8 nm)',b'Octa-core (2x2.2 GHz Kryo 470 Gold & 6x1.8 GHz Kryo 470 Silver)',b'Adreno 618',,b'1080p@30fps',b'No',,,b'About 250 EUR',"b'Glass front (Gorilla Glass), glass back, aluminum frame'",,b'Fast charging 15W',b'HDR',b'L78121',,,,b'Corning Gorilla Glass (unspecified)',"b'24 MP, f/1.8, (wide), 1/2.8"", 0.9\xc2\xb5m, PDAF 8 MP, f/2.4, (telephoto), PDAF, 2x optical zoom 5 MP, f/2.2, (depth)'",,,,,,,,,,,,,,,,,
,,,,,,,,,,,,,,,,,,,,,,,,,,,,,,,,,,,,,,,,,,,,,,,,,,,,,,,,,,,,,,,,,,,,,,,,,,,,,,,,,,
b'lenovo',b'Lenovo Z6 Pro 5G',b'https://fdn2.gsmarena.com/vv/bigpic/lenovo-z6-pro.jpg',b'GSM / CDMA / HSPA / LTE / 5G',b'GSM 850 / 900 / 1800 / 1900 - SIM 1 & SIM 2',b'HSDPA 850 / 900 / 1900 / 2100',"b'HSPA 42.2/5.76 Mbps, LTE-A (5CA) Cat18 1200/150 Mbps, 5G (2+ Gbps DL)'","b'2019, June 26'","b'Available. Released 2019, November 15'",b'157.5 x 74.6 x 8.7 mm (6.20 x 2.94 x 0.34 in)',b'185 g (6.53 oz)',"b'Hybrid Dual SIM (Nano-SIM, dual stand-by)'","b'Super AMOLED, HDR10'","b'6.39 inches, 100.2 cm2 (~85.3% screen-to-body ratio)'","b'1080 x 2340 pixels, 19.5:9 ratio (~403 ppi density)'",b'CDMA 800 & TD-SCDMA',"b'Android 9.0 (Pie), ZUI 11'",b'microSDXC (uses shared SIM slot)',"b'32 MP, f/2.0, 26mm (wide), 1/2.8"", 0.8\xc2\xb5m'","b'4K@30fps, 1080p@120fps, gyro-EIS'",b'UFS 2.1',b'Yes',b'Yes',"b'Wi-Fi 802.11 a/b/g/n/ac, dual-band, Wi-Fi Direct, hotspot'","b'5.0, A2DP, EDR, LE, aptX HD'","b'Yes, with A-GPS, GLONASS, BDS'",b'No',"b'USB Type-C 2.0, USB On-The-Go'","b'Fingerprint (under display, optical), accelerometer, gyro, proximity, compass'",,,"b'Li-Po 4000 mAh, non-removable'",,,"b'Red, Blue'","b'128GB 6GB RAM, 128GB 8GB RAM, 256GB 8GB RAM, 512GB 12GB RAM'",,,,,,"b'Dual-LED flash, panorama, HDR'",,,,,"b'1, 3, 5, 7, 8, 20, 34, 38, 39, 40, 41'",b'Qualcomm SM8150 Snapdragon 855 (7 nm)',b'Octa-core (1x2.84 GHz Kryo 485 & 3x2.42 GHz Kryo 485 & 4x1.78 GHz Kryo 485)',b'Adreno 640',,b'1080p@30fps',b'Yes',,,b'About 400 EUR',,,b'Fast charging 18W',b'HDR',,,"b'48 MP, f/1.8, (wide), 1/2.0"", 0.8\xc2\xb5m, PDAF 8 MP, f/2.4, (telephoto), PDAF 16 MP, f/2.2, 12mm (ultrawide) 2 MP, f/1.8, 2.9\xc2\xb5m, PDAF, OIS (dedicated video camera) TOF 3D, (depth)'",,,,,,,,,,,,,,,,,,"b'41, 78 NSA/Sub6'",,
,,,,,,,,,,,,,,,,,,,,,,,,,,,,,,,,,,,,,,,,,,,,,,,,,,,,,,,,,,,,,,,,,,,,,,,,,,,,,,,,,,
b'lenovo',b'Lenovo Z6 Youth',b'https://fdn2.gsmarena.com/vv/bigpic/lenovo-z6-youth.jpg',b'GSM / CDMA / HSPA / LTE',b'GSM 850 / 900 / 1800 / 1900 - SIM 1 & SIM 2',b'HSDPA 850 / 900 / 1900 / 2100',"b'HSPA 42.2/5.76 Mbps, LTE-A'","b'2019, May'","b'Available. Released 2019, May'",b'156.6 x 74.3 x 7.9 mm (6.17 x 2.93 x 0.31 in)',b'164 g (5.78 oz)',"b'Hybrid Dual SIM (Nano-SIM, dual stand-by)'","b'IPS LCD, HDR10'","b'6.3 inches, 97.4 cm2 (~83.7% screen-to-body ratio)'","b'1080 x 2340 pixels, 19.5:9 ratio (~409 ppi density)'",b'CDMA 800 & TD-SCDMA',"b'Android 9.0 (Pie), ZUI 11'",b'microSDXC (uses shared SIM slot)',"b'16 MP, f/2.0, 26mm (wide), 1/3.06"", 1.0\xc2\xb5m'",b'1080p@30fps',,b'Yes',b'Yes',"b'Wi-Fi 802.11 a/b/g/n/ac, dual-band, Wi-Fi Direct, hotspot'","b'5.0, A2DP, LE'","b'Yes, with A-GPS'",b'FM radio',b'USB Type-C 2.0',"b'Fingerprint (rear-mounted), accelerometer, proximity, compass'",,,"b'Li-Po 4050 mAh, non-removable'",,,"b'Red, Green'","b'64GB 4GB RAM, 128GB 6GB RAM'",,,,,,"b'Dual-LED dual-tone flash, panorama, HDR'",,,,,"b'1, 2, 3, 5, 7, 8, 20, 34, 38, 39, 40, 41'",b'Qualcomm SDM710 Snapdragon 710 (10 nm)',b'Octa-core (2x2.2 GHz Kryo 360 Gold & 6x1.7 GHz Kryo 360 Silver)',b'Adreno 616',,b'1080p@30fps',b'Yes',,,b'About 160 EUR',"b'Glass front, plastic back, plastic frame'",,b'Fast charging 15W',b'HDR',b'L38111',,,,,"b'16 MP, f/1.8, PDAF 8 MP, f/2.4, (telephoto), PDAF, 2x optical zoom 5 MP, f/2.2, (wide)'",,,,,,,,,,,,,,,,,
,,,,,,,,,,,,,,,,,,,,,,,,,,,,,,,,,,,,,,,,,,,,,,,,,,,,,,,,,,,,,,,,,,,,,,,,,,,,,,,,,,
b'lenovo',b'Lenovo Z6 Pro',b'https://fdn2.gsmarena.com/vv/bigpic/lenovo-z6-pro.jpg',b'GSM / CDMA / HSPA / LTE',b'GSM 850 / 900 / 1800 / 1900 - SIM 1 & SIM 2',b'HSDPA 850 / 900 / 1900 / 2100',"b'HSPA 42.2/5.76 Mbps, LTE-A (5CA) Cat18 1200/150 Mbps'","b'2019, April 23'","b'Available. Released 2019, April 23'",b'157.5 x 74.6 x 8.7 mm (6.20 x 2.94 x 0.34 in)',b'185 g (6.53 oz)',"b'Hybrid Dual SIM (Nano-SIM, dual stand-by)'","b'Super AMOLED, HDR10'","b'6.39 inches, 100.2 cm2 (~85.3% screen-to-body ratio)'","b'1080 x 2340 pixels, 19.5:9 ratio (~403 ppi density)'",b'CDMA 800 & TD-SCDMA',"b'Android 9.0 (Pie), ZUI 11.1'",b'microSDXC (uses shared SIM slot)',"b'32 MP, f/2.0, 26mm (wide), 1/2.8"", 0.8\xc2\xb5m'","b'4K@30fps, 1080p@30/120fps, gyro-EIS'",b'UFS 2.1',b'Yes',b'Yes',"b'Wi-Fi 802.11 a/b/g/n/ac, dual-band, Wi-Fi Direct, hotspot'","b'5.0, A2DP, EDR, LE, aptX HD'","b'Yes, with A-GPS, GLONASS, BDS'",b'FM radio',"b'USB Type-C 2.0, USB On-The-Go'","b'Fingerprint (under display, optical), accelerometer, gyro, proximity, compass'",,,"b'Li-Po 4000 mAh, non-removable'",,,"b'Red, Blue/Green'","b'128GB 6GB RAM, 128GB 8GB RAM, 256GB 8GB RAM, 512GB 12GB RAM'",,,,,,"b'Dual-LED flash, panorama, HDR'",,,,,"b'1, 3, 5, 7, 8, 20, 34, 38, 39, 40, 41'",b'Qualcomm SM8150 Snapdragon 855 (7 nm)',b'Octa-core (1x2.84 GHz Kryo 485 & 3x2.42 GHz Kryo 485 & 4x1.78 GHz Kryo 485)',b'Adreno 640',,b'1080p@30fps',b'No',,,b'$\xe2\x80\x89563.78',"b'Glass front, glass back, aluminum frame'",,b'Fast charging 18W',b'HDR',b'L78051',,"b'48 MP, f/1.8, 28mm (wide), 1/2.0"", 0.8\xc2\xb5m, PDAF 8 MP, f/2.4, (telephoto), PDAF 16 MP, f/2.2, 12mm (ultrawide), AF 2 MP, f/1.8, 2.9\xc2\xb5m, PDAF, OIS (dedicated video camera) TOF 3D, (depth)'",,,,,b'$\xe2\x80\x89563.78',b'AnTuTu: 357672 (v7) GeekBench: 11155 (v4.4) GFXBench: 36fps (ES 3.1 onscreen)',b'Contrast ratio: Infinite (nominal)',b'Photo / Video',b'Voice 66dB / Noise 74dB / Ring 90dB',b'Endurance rating 100h',,,,,,,b'Noise -96.3dB / Crosstalk -97.0dB',,,
,,,,,,,,,,,,,,,,,,,,,,,,,,,,,,,,,,,,,,,,,,,,,,,,,,,,,,,,,,,,,,,,,,,,,,,,,,,,,,,,,,
b'lenovo',b'Lenovo K6 Enjoy',b'https://fdn2.gsmarena.com/vv/bigpic/lenovo-k6-enjoy.jpg',b'GSM / CDMA / HSPA / LTE',b'GSM 850 / 900 / 1800 / 1900 - SIM 1 & SIM 2',b'HSDPA 850 / 900 / 1900 / 2100',"b'HSPA 42.2/5.76 Mbps, LTE-A'","b'2019, April'","b'Available. Released 2019, April'",b'156.4 x 75 x 8 mm (6.16 x 2.95 x 0.31 in)',b'161 g (5.68 oz)',"b'Hybrid Dual SIM (Nano-SIM, dual stand-by)'",b'IPS LCD',"b'6.22 inches, 96.6 cm2 (~82.3% screen-to-body ratio)'","b'720 x 1520 pixels, 19:9 ratio (~270 ppi density)'",b'CDMA 800 & TD-SCDMA',b'Android 9.0 (Pie)',b'microSDXC (uses shared SIM slot)',b'8 MP',b'1080p@30fps',b'eMMC 5.1',b'Yes',b'Yes',"b'Wi-Fi 802.11 b/g/n/ac, dual-band, Wi-Fi Direct, hotspot'","b'5.0, A2DP, LE'","b'Yes, with A-GPS'",b'FM radio',b'USB Type-C 2.0',"b'Fingerprint (rear-mounted), accelerometer, proximity'",,,"b'Li-Ion 3300 mAh, non-removable'",,,"b'Blue, Black'","b'64GB 4GB RAM, 128GB 4GB RAM'",,,,,,"b'Dual-LED flash, HDR, panorama'",,,,,"b'1, 2, 3, 5, 7, 8, 20, 34, 38, 39, 40, 41'",b'Mediatek MT6762 Helio P22 (12 nm)',b'Octa-core 2.0 GHz Cortex-A53',b'PowerVR GE8320',,b'1080p@30fps',b'No',,,b'About 190 EUR',,,b'Charging 10W',b'HDR',"b'L38082, 8082'",,,,,"b'12 MP, PDAF 8 MP 5 MP, f/2.4, (depth)'",,,,,,,,,,,,,,,,,
,,,,,,,,,,,,,,,,,,,,,,,,,,,,,,,,,,,,,,,,,,,,,,,,,,,,,,,,,,,,,,,,,,,,,,,,,,,,,,,,,,
b'lenovo',b'Lenovo Tab V7',b'https://fdn2.gsmarena.com/vv/bigpic/lenovo-tab-v7.jpg',b'GSM / HSPA / LTE',b'GSM 850 / 900 / 1800 / 1900 - SIM 1 & SIM 2',b'HSDPA 850 / 900 / 1800 / 1900 / 2100',"b'HSPA 42.2/5.76 Mbps, LTE-A'","b'2019, February'","b'Available. Released 2019, April'",b'177.9 x 86.5 x 7.9 mm (7.00 x 3.41 x 0.31 in)',b'195 g (6.88 oz)',"b'Dual SIM (Nano-SIM, dual stand-by)'",b'IPS LCD',"b'6.95 inches, 122.5 cm2 (~79.6% screen-to-body ratio)'","b'1080 x 2160 pixels, 18:9 ratio (~350 ppi density)'",b'eMMC 5.1',b'Android 9.0 (Pie)',b'microSDXC (dedicated slot)',"b'13 MP, AF'",b'1080p@30fps',,"b'Yes, with stereo speakers'",b'Yes',"b'Wi-Fi 802.11 a/b/g/n/ac, dual-band, Wi-Fi Direct, hotspot'","b'4.2, A2DP, LE'","b'Yes, with A-GPS'",b'FM radio',b'USB Type-C 2.0',"b'Fingerprint (rear-mounted), accelerometer, proximity, compass'",,,"b'Li-Ion 5180 mAh, non-removable'",,,b'Black',"b'64GB 3GB RAM, 64GB 4GB RAM'",,,,,,"b'LED flash, HDR, panorama'",,,,,"b'1, 2, 3, 4, 5, 7, 8, 20, 38, 40'",b'Qualcomm SDM450 Snapdragon 450 (14 nm)',b'Octa-core 1.8 GHz Cortex-A53',b'Adreno 506',b'5 MP',b'',b'No',,,b'About 250 EUR',,,,,b'PB-6505M',,,,,,,,,,,,,,,,,,,,,,
,,,,,,,,,,,,,,,,,,,,,,,,,,,,,,,,,,,,,,,,,,,,,,,,,,,,,,,,,,,,,,,,,,,,,,,,,,,,,,,,,,
b'lenovo',b'Lenovo S5 Pro GT',b'https://fdn2.gsmarena.com/vv/bigpic/lenovo-s5-pro.jpg',b'GSM / CDMA / HSPA / LTE',b'GSM 850 / 900 / 1800 / 1900 - SIM 1 & SIM 2',b'HSDPA 850 / 900 / 1900 / 2100',"b'HSPA 42.2/5.76 Mbps, LTE-A (3CA) Cat9 450/50 Mbps'","b'2018, December'","b'Available. Released 2018, December'",b'154.5 x 75.5 x 7.7 mm (6.08 x 2.97 x 0.30 in)',b'170 g (6.00 oz)',"b'Hybrid Dual SIM (Nano-SIM, dual stand-by)'",b'LTPS IPS LCD',"b'6.2 inches, 96.9 cm2 (~83.0% screen-to-body ratio)'","b'1080 x 2246 pixels, 18.7:9 ratio (~402 ppi density)'",b'CDMA 800 & TD-SCDMA',"b'Android 8.1 (Oreo), ZUI 10'",b'microSDXC (uses shared SIM slot)',,"b'4K@30fps, 1080p@30fps'",b'eMMC 5.1',"b'Yes, with stereo speakers'",b'Yes',"b'Wi-Fi 802.11 a/b/g/n/ac, dual-band, Wi-Fi Direct, hotspot'","b'5.0, A2DP, LE'","b'Yes, with A-GPS'",b'FM radio',b'USB Type-C 2.0',"b'Infrared face recognition, fingerprint (rear-mounted), accelerometer, gyro, proximity, compass'",,,"b'Li-Ion 3500 mAh, non-removable'",,,"b'Black, Gold, Blue'","b'64GB 4GB RAM, 64GB 6GB RAM, 128GB 6GB RAM'",,,,,,"b'Dual-LED dual-tone flash, HDR, panorama'",,,,,"b'1, 2, 3, 5, 7, 8, 20, 34, 38, 39, 40, 41'",b'Qualcomm SDM660 Snapdragon 660 (14 nm)',b'Octa-core (4x2.2 GHz Kryo 260 Gold & 4x1.8 GHz Kryo 260 Silver)',b'Adreno 512',,b'1080p@30fps',b'No',,,b'About 200 EUR',,"b'12 MP, f/1.8, 1/2.9"", 1.25\xc2\xb5m, PDAF 20 MP, f/2.6, 2x optical zoom'",b'Fast charging 18W',b'HDR',b'L58091',,,,,,,,,,,,,"b'20 MP, f/2.0, (wide), 1/2.8"", 1.0\xc2\xb5m 8 MP'",,,,,,,,,
,,,,,,,,,,,,,,,,,,,,,,,,,,,,,,,,,,,,,,,,,,,,,,,,,,,,,,,,,,,,,,,,,,,,,,,,,,,,,,,,,,
b'lenovo',b'Lenovo Z5s',b'https://fdn2.gsmarena.com/vv/bigpic/lenovo-z5s.jpg',b'GSM / CDMA / HSPA / LTE',b'GSM 850 / 900 / 1800 / 1900 - SIM 1 & SIM 2',b'HSDPA 850 / 900 / 1900 / 2100',"b'HSPA 42.2/5.76 Mbps, LTE-A (2CA) Cat6 300/50 Mbps'","b'2018, December 18'","b'Available. Released 2018, December 24'",b'156.7 x 74.5 x 7.9 mm (6.17 x 2.93 x 0.31 in)',b'172 g (6.07 oz)',"b'Hybrid Dual SIM (Nano-SIM, dual stand-by)'",b'LTPS IPS LCD',"b'6.3 inches, 97.4 cm2 (~83.5% screen-to-body ratio)'","b'1080 x 2340 pixels, 19.5:9 ratio (~409 ppi density)'",b'CDMA 800 & TD-SCDMA',"b'Android 9.0 (Pie), ZUI 10'",b'microSDXC (uses shared SIM slot)',"b'16 MP, f/2.0, 26mm (wide), 1/3.06"", 1.0\xc2\xb5m'","b'4K@30fps, 1080p@30fps'",,b'Yes',b'Yes',"b'Wi-Fi 802.11 a/b/g/n/ac, dual-band, Wi-Fi Direct, hotspot'","b'5.0, A2DP, LE'","b'Yes, with A-GPS'",b'FM radio',b'USB Type-C 2.0',"b'Fingerprint (rear-mounted), accelerometer, gyro, proximity, compass'",,,"b'Li-Ion 3300 mAh, non-removable'",,,"b'Starry Night Grey, Love Orange, Titanium Blue'","b'64GB 4GB RAM, 128GB 6GB RAM'",,,,,,"b'Dual-LED dual-tone flash, HDR, panorama'",,,,,"b'1, 2, 3, 5, 7, 8, 20, 34, 38, 39, 40, 41'",b'Qualcomm SDM710 Snapdragon 710 (10 nm)',b'Octa-core 2.2 GHz Kryo 260',b'Adreno 616',,b'1080p@30fps',b'No',,,b'About 220 EUR',"b'Glass front (Gorilla Glass), glass back, aluminum frame'",,b'Fast charging 15W',b'HDR',b'L78071',,,,b'Corning Gorilla Glass (unspecified version)',"b'16 MP, f/1.8, 26mm (wide), PDAF 8 MP, f/2.4, (telephoto), PDAF, 2x optical zoom 5 MP, f/2.4, (depth)'",,,,,,,,,,,,,,,,,
,,,,,,,,,,,,,,,,,,,,,,,,,,,,,,,,,,,,,,,,,,,,,,,,,,,,,,,,,,,,,,,,,,,,,,,,,,,,,,,,,,
b'lenovo',b'Lenovo Z5 Pro GT',b'https://fdn2.gsmarena.com/vv/bigpic/lenovo-z5-pro-gt-.jpg',b'GSM / CDMA / HSPA / LTE',b'GSM 850 / 900 / 1800 / 1900 - SIM 1 & SIM 2',b'HSDPA 850 / 900 / 1900 / 2100',"b'HSPA 42.2/5.76 Mbps, LTE-A (5CA) Cat18 1200/150 Mbps'","b'2018, December'","b'Available. Released 2019, January'",b'155.1 x 73 x 9.3 mm (6.11 x 2.87 x 0.37 in)',b'210 g (7.41 oz)',"b'Dual SIM (Nano-SIM, dual stand-by)'",b'Super AMOLED',"b'6.39 inches, 100.2 cm2 (~88.5% screen-to-body ratio)'","b'1080 x 2340 pixels, 19.5:9 ratio (~403 ppi density)'",b'CDMA 800 & TD-SCDMA',"b'Android 8.1 (Oreo), upgradable to Android 10, ZUI 11.5'",b'No',,"b'4K@30fps, 1080p@120fps'",b'UFS 2.1',b'Yes',b'No',"b'Wi-Fi 802.11 a/b/g/n/ac, dual-band, Wi-Fi Direct, hotspot'","b'5.0, A2DP, LE, EDR'","b'Yes, with A-GPS, GLONASS, BDS'",b'No',"b'USB Type-C 2.0, USB On-The-Go'","b'Infrared face recognition, fingerprint (under display, optical), accelerometer, gyro, proximity, compass'",,,"b'Li-Po 3350 mAh, non-removable'",,,b'Carbon Black',"b'128GB 6GB RAM, 128GB 8GB RAM, 256GB 8GB RAM, 512GB 12GB RAM'",,,,,,"b'Dual-LED dual-tone flash, panorama, HDR'",,,,,"b'1, 3, 4, 5, 7, 8, 34, 38, 39, 40, 41'",b'Qualcomm SM8150 Snapdragon 855 (7 nm)',b'Octa-core (1x2.84 GHz Kryo 485 & 3x2.42 GHz Kryo 485 & 4x1.78 GHz Kryo 485)',b'Adreno 640',,b'1080p@30fps',b'Yes',,,b'About 400 EUR',,"b'16 MP, f/1.8, 1/2.6"", 1.22\xc2\xb5m, PDAF 24 MP, 1/2.8"", 0.9\xc2\xb5m'",b'Fast charging 18W',b'HDR',b'L78032',,,,,,,,,,,,,"b'Manual pop-up 16 MP, f/2.2, 26mm (wide), 1/3.06"", 1.0\xc2\xb5m Manual pop-up 8 MP'",,,,,,,,,
,,,,,,,,,,,,,,,,,,,,,,,,,,,,,,,,,,,,,,,,,,,,,,,,,,,,,,,,,,,,,,,,,,,,,,,,,,,,,,,,,,
b'lenovo',b'Lenovo Z5 Pro',b'https://fdn2.gsmarena.com/vv/bigpic/lenovo-z5-pro.jpg',b'GSM / CDMA / HSPA / LTE',b'GSM 850 / 900 / 1800 / 1900 - SIM 1 & SIM 2',b'HSDPA 850 / 900 / 1900 / 2100',"b'HSPA 42.2/5.76 Mbps, LTE-A (2CA) Cat6 300/50 Mbps'","b'2018, November'","b'Available. Released 2018, November'",b'155.1 x 73 x 9.3 mm (6.11 x 2.87 x 0.37 in)',b'210 g (7.41 oz)',"b'Dual SIM (Nano-SIM, dual stand-by)'",b'Super AMOLED',"b'6.39 inches, 100.2 cm2 (~88.5% screen-to-body ratio)'","b'1080 x 2340 pixels, 19.5:9 ratio (~403 ppi density)'",b'CDMA 800 & TD-SCDMA',"b'Android 8.1 (Oreo), ZUI 10'",b'No',,"b'4K@30fps, 1080p@120fps'",b'eMMC 5.1',b'Yes',b'No',"b'Wi-Fi 802.11 a/b/g/n/ac, dual-band, Wi-Fi Direct, hotspot'","b'5.0, A2DP, LE, EDR'","b'Yes, with A-GPS, GLONASS, BDS'",b'No',"b'USB Type-C 2.0, USB On-The-Go'","b'Infrared face recognition, fingerprint (under display, optical), accelerometer, gyro, proximity, compass'",,,"b'Li-Po 3350 mAh, non-removable'",,,b'Black',"b'64GB 6GB RAM, 128GB 6GB RAM'",,,,,,"b'Dual-LED dual-tone flash, panorama, HDR'",,,,,"b'1, 3, 4, 5, 7, 8, 34, 38, 39, 40, 41'",b'Qualcomm SDM710 Snapdragon 710 (10 nm)',b'Octa-core (2x2.2 GHz 360 Gold & 6x1.7 GHz Kryo 360 Silver)',b'Adreno 616',,b'1080p@30fps',b'Yes',,,b'About 300 EUR',,"b'16 MP, f/1.8, 1/2.6"", 1.22\xc2\xb5m, PDAF 24 MP, 1/2.8"", 0.9\xc2\xb5m'",b'Fast charging 18W',b'HDR',b'L78031',,,,,,,,,,,,,"b'Manual pop-up 16 MP, f/2.2, 26mm (wide), 1/3.06"", 1.0\xc2\xb5m Manual pop-up 8 MP'",,,,,,,,,
,,,,,,,,,,,,,,,,,,,,,,,,,,,,,,,,,,,,,,,,,,,,,,,,,,,,,,,,,,,,,,,,,,,,,,,,,,,,,,,,,,
b'lenovo',b'Lenovo S5 Pro',b'https://fdn2.gsmarena.com/vv/bigpic/lenovo-s5-pro.jpg',b'GSM / CDMA / HSPA / LTE',b'GSM 850 / 900 / 1800 / 1900 - SIM 1 & SIM 2',b'HSDPA 850 / 900 / 1900 / 2100',"b'HSPA 42.2/5.76 Mbps, LTE-A'","b'2018, October'","b'Available. Released 2018, October'",b'154.5 x 75.5 x 7.7 mm (6.08 x 2.97 x 0.30 in)',b'170 g (6.00 oz)',"b'Hybrid Dual SIM (Nano-SIM, dual stand-by)'",b'IPS LCD',"b'6.2 inches, 96.9 cm2 (~83.0% screen-to-body ratio)'","b'1080 x 2246 pixels, 18.7:9 ratio (~402 ppi density)'",b'CDMA 800 & TD-SCDMA',"b'Android 8.1 (Oreo), ZUI 5'",b'microSDXC (uses shared SIM slot)',,"b'4K@30fps, 1080p@30fps'",b'eMMC 5.1',"b'Yes, with stereo speakers'",b'Yes',"b'Wi-Fi 802.11 a/b/g/n/ac, dual-band, Wi-Fi Direct, hotspot'","b'5.0, A2DP, LE'","b'Yes, with A-GPS'",b'FM radio',b'USB Type-C 2.0',"b'Infrared face recognition, fingerprint (rear-mounted), accelerometer, proximity, compass'",,,"b'Li-Ion 3500 mAh, non-removable'",,,"b'Black, Gold, Blue'","b'64GB 6GB RAM, 128GB 6GB RAM'",,,,,,"b'Dual-LED dual-tone flash, HDR, panorama'",,,,,"b'1, 2, 3, 5, 7, 8, 20, 34, 38, 39, 40, 41'",b'Qualcomm SDM636 Snapdragon 636 (14 nm)',b'Octa-core (4x1.8 GHz Kryo 260 Gold & 4x1.6 GHz Kryo 260 Silver)',b'Adreno 509',,b'1080p@30fps',b'No',,,b'About 200 EUR',,"b'12 MP, f/1.8, 1/2.9"", 1.25\xc2\xb5m, PDAF 20 MP, f/2.6, 2x optical zoom'",b'Fast charging 18W',b'HDR',b'L58041',,,,,,,,,,,,,"b'20 MP, f/2.2, (wide), 1/2.8"", 1.0\xc2\xb5m 8 MP'",,,,,,,,,
,,,,,,,,,,,,,,,,,,,,,,,,,,,,,,,,,,,,,,,,,,,,,,,,,,,,,,,,,,,,,,,,,,,,,,,,,,,,,,,,,,
b'lenovo',b'Lenovo K5 Pro',b'https://fdn2.gsmarena.com/vv/bigpic/lenovo-k5-pro.jpg',b'GSM / CDMA / HSPA / LTE',b'GSM 850 / 900 / 1800 / 1900 - SIM 1 & SIM 2',b'HSDPA 850 / 900 / 1900 / 2100',"b'HSPA 42.2/5.76 Mbps, LTE-A'","b'2018, October'","b'Available. Released 2018, October'",b'156 x 75 x 8 mm (6.14 x 2.95 x 0.31 in)',b'165 g (5.82 oz)',"b'Dual SIM (Nano-SIM, dual stand-by)'",b'IPS LCD',"b'5.99 inches, 92.6 cm2 (~79.1% screen-to-body ratio)'","b'1080 x 2160 pixels, 18:9 ratio (~403 ppi density)'",b'CDMA 800 & TD-SCDMA',b'Android 8.1 (Oreo)',b'microSDXC (dedicated slot)',,"b'4K@30fps, 1080p@30fps'",b'eMMC 5.1',"b'Yes, with stereo speakers'",b'Yes',"b'Wi-Fi 802.11 a/b/g/n/ac, dual-band, Wi-Fi Direct, hotspot'","b'5.0, A2DP, LE'","b'Yes, with A-GPS'",b'FM radio',"b'USB Type-C 2.0, USB On-The-Go'","b'Fingerprint (rear-mounted), accelerometer, proximity, compass'",,,"b'Li-Ion 4050 mAh, non-removable'",,,"b'Black, Gold'","b'64GB 4GB RAM, 64GB 6GB RAM, 128GB 6GB RAM'",,,,,,"b'Dual-LED dual-tone flash, HDR, panorama'",,,,,"b'1, 2, 3, 5, 7, 8, 20, 34, 38, 39, 40, 41'",b'Qualcomm SDM636 Snapdragon 636 (14 nm)',b'Octa-core (4x1.8 GHz Kryo 260 Gold & 4x1.6 GHz Kryo 260 Silver)',b'Adreno 509',,b'1080p@30fps',b'No',,,b'About 150 EUR',,"b'16 MP, f/2.0, PDAF 5 MP, f/2.4, (depth)'",b'Fast charging 18W',"b'LED flash, HDR'",b'L38041',,,,,,,,,,,,,"b'16 MP, f/2.0, 26mm (wide), 1/3.06"", 1.0\xc2\xb5m 5 MP, depth sensor'",,,,,,,,,
,,,,,,,,,,,,,,,,,,,,,,,,,,,,,,,,,,,,,,,,,,,,,,,,,,,,,,,,,,,,,,,,,,,,,,,,,,,,,,,,,,
b'lenovo',b'Lenovo K9',b'https://fdn2.gsmarena.com/vv/bigpic/lenovo-k9.jpg',b'GSM / HSPA / LTE',b'GSM 850 / 900 / 1800 / 1900 - SIM 1 & SIM 2',b'HSDPA 850 / 900 / 1900 / 2100',"b'HSPA 42.2/5.76 Mbps, LTE-A Cat6 300/50 Mbps'","b'2018, October'","b'Available. Released 2018, October'",b'153.8 x 72.9 x 8 mm (6.06 x 2.87 x 0.31 in)',b'155 g (5.47 oz)',"b'Hybrid Dual SIM (Nano-SIM, dual stand-by)'",b'IPS LCD',"b'5.7 inches, 83.8 cm2 (~74.8% screen-to-body ratio)'","b'720 x 1440 pixels, 18:9 ratio (~282 ppi density)'",b'eMMC 5.1',b'Android 8.1 (Oreo)',b'microSDXC (uses shared SIM slot)',,b'1080p@30/60fps',,b'Yes',b'Yes',"b'Wi-Fi 802.11 b/g/n, Wi-Fi Direct, hotspot'","b'4.1, A2DP, LE'","b'Yes, with A-GPS'","b'FM radio, RDS, recording'","b'USB Type-C 2.0, USB On-The-Go'","b'Fingerprint (rear-mounted), accelerometer, proximity'",,,"b'Li-Ion 3000 mAh, non-removable'",,,"b'Black, Blue'",b'32GB 3GB RAM',,,,,,"b'Dual-LED dual-tone flash, panorama'",,,,,"b'1, 3, 5, 7, 8, 20, 38, 40, 41'",b'Mediatek MT6762 Helio P22 (12 nm)',b'Octa-core 2.0 GHz Cortex-A53',b'PowerVR GE8320',,b'1080p@30/60fps',b'No',,,b'About 130 EUR',"b'Glass front, plastic back, plastic frame'","b'13 MP, f/2.2, 1/3.1"", 1.12\xc2\xb5m, PDAF 5 MP, f/2.4, (depth)'",b'Fast charging 10W',b'LED flash',b'L38043',,,,,,,,,,,,,"b'13 MP, f/2.2, (wide), 1/3.1"", PDAF 5 MP, f/2.4, 1/5"", 1.12\xc2\xb5m, depth sensor'",,,,,,,,,
,,,,,,,,,,,,,,,,,,,,,,,,,,,,,,,,,,,,,,,,,,,,,,,,,,,,,,,,,,,,,,,,,,,,,,,,,,,,,,,,,,
b'lenovo',b'Lenovo Z5',b'https://fdn2.gsmarena.com/vv/bigpic/lenovo-z5.jpg',b'GSM / CDMA / HSPA / LTE',b'GSM 850 / 900 / 1800 / 1900 - SIM 1 & SIM 2',b'HSDPA 850 / 900 / 1900 / 2100',"b'HSPA 42.2/5.76 Mbps, LTE-A'","b'2018, June'","b'Available. Released 2018, June'",b'153 x 75.7 x 7.9 mm (6.02 x 2.98 x 0.31 in)',b'165 g (5.82 oz)',"b'Hybrid Dual SIM (Nano-SIM, dual stand-by)'",b'IPS LCD',"b'6.2 inches, 96.9 cm2 (~83.6% screen-to-body ratio)'","b'1080 x 2246 pixels, 18.7:9 ratio (~402 ppi density)'",b'CDMA 800 & TD-SCDMA',"b'Android 8.1 (Oreo), ZUI 3.9'",b'microSDXC (uses shared SIM slot)',"b'8 MP, f/2.0'","b'4K@30fps, 1080p@30fps'",b'eMMC 5.1',b'Yes',b'Yes',"b'Wi-Fi 802.11 a/b/g/n/ac, dual-band, Wi-Fi Direct, hotspot'","b'5.0, A2DP, LE'","b'Yes, with A-GPS'",b'FM radio',b'USB Type-C 2.0',"b'Fingerprint (rear-mounted), accelerometer, proximity, compass'",,,"b'Li-Ion 3300 mAh, non-removable'",,,"b'Black, Aurora, Blue'","b'64GB 6GB RAM, 128GB 6GB RAM'",,,,,,"b'Dual-LED dual-tone flash, HDR, panorama'",,,,,"b'1, 2, 3, 5, 7, 8, 34, 38, 39, 40, 41'",b'Qualcomm SDM636 Snapdragon 636 (14 nm)',b'Octa-core (4x1.8 GHz Kryo 260 Gold & 4x1.6 GHz Kryo 260 Silver)',b'Adreno 509',,b'1080p@30fps',b'No',,,b'About 200 EUR',"b'Glass front (Gorilla Glass 3), glass back, aluminum frame'","b'16 MP, f/2.0, PDAF 8 MP'",b'Fast charging 15W',,b'L78011',,,,b'Corning Gorilla Glass 3',,,,,,,,,,,,,,,,,,
,,,,,,,,,,,,,,,,,,,,,,,,,,,,,,,,,,,,,,,,,,,,,,,,,,,,,,,,,,,,,,,,,,,,,,,,,,,,,,,,,,
b'lenovo',b'Lenovo K5 Note (2018)',b'https://fdn2.gsmarena.com/vv/bigpic/lenovo-k5-note-2018-.jpg',b'GSM / HSPA / LTE',b'GSM 850 / 900 / 1800 / 1900 - SIM 1 & SIM 2',b'HSDPA 850 / 900 / 1900 / 2100',"b'HSPA 42.2/5.76 Mbps, LTE'","b'2018, June'","b'Available. Released 2018, June'",b'158.3 x 76.7 x 8.5 mm (6.23 x 3.02 x 0.33 in)',b'176 g (6.21 oz)',"b'Dual SIM (Nano-SIM, dual stand-by)'",b'IPS LCD',"b'6.0 inches, 92.9 cm2 (~76.5% screen-to-body ratio)'","b'720 x 1440 pixels, 18:9 ratio (~268 ppi density)'",b'eMMC 5.1',"b'Android 8.0 (Oreo), ZUI 3.9'",b'microSDXC',"b'8 MP, f/2.0'",b'1080p@30fps',,b'Yes',b'Yes',"b'Wi-Fi 802.11 b/g/n, Wi-Fi Direct, hotspot'","b'4.2, A2DP, LE'","b'Yes, with A-GPS'",b'FM radio',b'microUSB 2.0',"b'Fingerprint (rear-mounted), accelerometer, proximity, compass'",,,"b'Li-Ion 3760 mAh, non-removable'",,,"b'Black, Gold, Blue'","b'32GB 3GB RAM, 64GB 4GB RAM'",,,,,,"b'LED flash, panorama, HDR'",,,,,"b'1, 3, 5, 7, 8, 20'",b'Qualcomm SDM450 Snapdragon 450 (14 nm)',b'Octa-core 1.8 GHz Cortex-A53',b'Adreno 506',,b'',b'No',,,b'About 150 EUR',,"b'16 MP, f/2.0, PDAF 2 MP, f/2.4, (depth)'",,,b'L38012',,,,,,,,,,,,,,,,,,,,,,
,,,,,,,,,,,,,,,,,,,,,,,,,,,,,,,,,,,,,,,,,,,,,,,,,,,,,,,,,,,,,,,,,,,,,,,,,,,,,,,,,,
b'lenovo',b'Lenovo A5',b'https://fdn2.gsmarena.com/vv/bigpic/lenovo-a5-.jpg',b'GSM / HSPA / LTE',b'GSM 850 / 900 / 1800 / 1900 - SIM 1 & SIM 2',b'HSDPA 850 / 900 / 1900 / 2100',"b'HSPA 42.2/5.76 Mbps, LTE Cat4 150/50 Mbps'","b'2018, June'","b'Available. Released 2018, June'",b'146.2 x 70.9 x 9.8 mm (5.76 x 2.79 x 0.39 in)',b'160 g (5.64 oz)',b'Dual SIM',b'IPS LCD',"b'5.45 inches, 76.7 cm2 (~73.9% screen-to-body ratio)'","b'720 x 1440 pixels, 18:9 ratio (~295 ppi density)'",b'eMMC 5.1',"b'Android 8.0 (Oreo), ZUI 3.9'",b'microSDXC (dedicated slot)',"b'13 MP, f/2.2, 1/3.1"", 1.12\xc2\xb5m, PDAF'",b'1080p@30/60fps',,b'Yes',b'Yes',"b'Wi-Fi 802.11 b/g/n/ac, Wi-Fi Direct, hotspot'","b'4.2, A2DP, LE'","b'Yes, with A-GPS'",b'FM radio',b'microUSB 2.0',"b'Fingerprint (rear-mounted), accelerometer, proximity'",,,"b'Li-Ion 4000 mAh, non-removable'",,,"b'Black, Gold, Rose Gold'","b'16GB 3GB RAM, 16GB 2GB RAM, 32GB 3GB RAM'",,,,,,"b'LED flash, panorama'",,,,,"b'1, 3, 5, 7, 8, 20, 38, 40, 41'",b'Mediatek MT6739 (28 nm)',b'Quad-core 1.5 GHz Cortex-A53',b'PowerVR GE8100',"b'8 MP, f/2.2, 1.12\xc2\xb5m'",b'',b'No',,,b'About 120 EUR',,,b'Charging 10W',,"b'L18021, L18081, L18011'",,,,,,,,,,,,,,,,,,,,,,
,,,,,,,,,,,,,,,,,,,,,,,,,,,,,,,,,,,,,,,,,,,,,,,,,,,,,,,,,,,,,,,,,,,,,,,,,,,,,,,,,,
b'lenovo',b'Lenovo K5 play',b'https://fdn2.gsmarena.com/vv/bigpic/lenovo-k5-play.jpg',b'GSM / CDMA / HSPA / LTE',b'GSM 850 / 900 / 1800 / 1900 - SIM 1 & SIM 2',b'HSDPA 850 / 900 / 1900 / 2100',"b'HSPA 42.2/5.76 Mbps, LTE'","b'2018, March'","b'Available. Released 2018, April'",b'153.8 x 72.6 x 7.9 mm (6.06 x 2.86 x 0.31 in)',b'155 g (5.47 oz)',"b'Hybrid Dual SIM (Nano-SIM, dual stand-by)'",b'IPS LCD',"b'5.7 inches, 83.8 cm2 (~75.1% screen-to-body ratio)'","b'720 x 1440 pixels, 18:9 ratio (~282 ppi density)'",b'CDMA 800 & TD-SCDMA',"b'Android 8.0 (Oreo), ZUI 3.7'",b'microSDXC (uses shared SIM slot)',"b'8 MP, f/2.0'",b'1080p@30fps',b'eMMC 5.1',b'Yes',b'Yes',"b'Wi-Fi 802.11 a/b/g/n, Wi-Fi Direct, hotspot'","b'4.2, A2DP, LE'","b'Yes, with A-GPS'",b'FM radio',b'microUSB 2.0',"b'Fingerprint (rear-mounted), accelerometer, proximity, compass'",,,"b'Li-Ion 3000 mAh, non-removable'",,,"b'Black, Gray, Blue'","b'16GB 2GB RAM, 32GB 3GB RAM'",,,,,,"b'LED flash, HDR, panorama'",,,,,"b'1, 3, 5, 7, 8, 34, 38, 39, 40, 41'",b'Qualcomm MSM8937 Snapdragon 430 (28 nm)',b'Octa-core 1.4 GHz Cortex-A53',b'Adreno 505',,b'',b'No',,,b'About 110 EUR',,"b'13 MP, f/2.2, AF 2 MP, f/2.4, (depth)'",,,b'L38011',,,,,,,,,,,,,,,,,,,,,,
,,,,,,,,,,,,,,,,,,,,,,,,,,,,,,,,,,,,,,,,,,,,,,,,,,,,,,,,,,,,,,,,,,,,,,,,,,,,,,,,,,
b'lenovo',b'Lenovo K5',b'https://fdn2.gsmarena.com/vv/bigpic/lenovo-k5-new.jpg',b'GSM / CDMA / HSPA / LTE',b'GSM 850 / 900 / 1800 / 1900 - SIM 1 & SIM 2',b'HSDPA 850 / 900 / 1900 / 2100',"b'HSPA 42.2/5.76 Mbps, LTE'","b'2018, March'","b'Available. Released 2018, April'",b'153.8 x 72.7 x 7.8 mm (6.06 x 2.86 x 0.31 in)',b'160 g (5.64 oz)',"b'Hybrid Dual SIM (Nano-SIM, dual stand-by)'",b'IPS LCD',"b'5.7 inches, 83.8 cm2 (~75.0% screen-to-body ratio)'","b'720 x 1440 pixels, 18:9 ratio (~282 ppi density)'",b'CDMA 800 & TD-SCDMA',"b'Android 7.1 (Nougat), ZUI Lite 3.1'",b'microSDXC (uses shared SIM slot)',"b'8 MP, f/2.0'",b'720p@30fps',b'eMMC 5.1',b'Yes',b'Yes',"b'Wi-Fi 802.11 a/b/g/n, Wi-Fi Direct, hotspot'","b'4.0, A2DP, LE'","b'Yes, with A-GPS'",b'FM radio',b'microUSB 2.0',"b'Fingerprint (rear-mounted), accelerometer, proximity, compass'",,,"b'Li-Ion 3000 mAh, non-removable'",,,"b'Black, Gray, Blue'",b'32GB 3GB RAM',,,,,,"b'LED flash, HDR, panorama'",,,,,"b'1, 3, 5, 7, 8, 34, 38, 39, 40, 41'",b'Mediatek MT6750V/CB',b'Octa-core (4x1.5 GHz Cortex-A53 & 4x1.0 GHz Cortex-A53)',b'Mali-T860MP2',,b'',b'No',,,b'About 130 EUR',,"b'13 MP, f/2.0, AF 5 MP, f/2.2, (depth)'",,,b'K350t',,,,,,,,,,,,,,,,,,,,,,
,,,,,,,,,,,,,,,,,,,,,,,,,,,,,,,,,,,,,,,,,,,,,,,,,,,,,,,,,,,,,,,,,,,,,,,,,,,,,,,,,,
b'lenovo',b'Lenovo S5',b'https://fdn2.gsmarena.com/vv/bigpic/lenovo-s5-.jpg',b'GSM / HSPA / LTE',b'GSM 850 / 900 / 1800 / 1900 - SIM 1 & SIM 2',b'HSDPA 850 / 900 / 1900 / 2100',"b'HSPA 42.2/5.76 Mbps, LTE-A (2CA) Cat7 300/100 Mbps'","b'2018, March'","b'Available. Released 2018, March'",b'154 x 73.5 x 7.8 mm (6.06 x 2.89 x 0.31 in)',b'155 g (5.47 oz)',"b'Hybrid Dual SIM (Nano-SIM, dual stand-by)'",b'IPS LCD',"b'5.7 inches, 83.8 cm2 (~74.1% screen-to-body ratio)'","b'1080 x 2160 pixels, 18:9 ratio (~424 ppi density)'",b'eMMC 5.1',"b'Android 8.0 (Oreo), ZUI 3.7'",b'microSDXC (uses shared SIM slot)',"b'13 MP, f/2.2, PDAF 13 MP B/W'","b'4K@30fps, 1080p@30fps'",,b'Yes',b'Yes',"b'Wi-Fi 802.11 a/b/g/n, Wi-Fi Direct, hotspot'","b'4.2, A2DP, LE'","b'Yes, with A-GPS, GLONASS'",b'FM radio',"b'USB Type-C 2.0, USB On-The-Go'","b'Fingerprint (rear-mounted), accelerometer, proximity, compass'",,,"b'Li-Po 3000 mAh, non-removable'",,,"b'Midnight Black, Flame Red'","b'32GB 3GB RAM, 64GB 4GB RAM, 128GB 4GB RAM'",,,,,,"b'Dual-LED dual-tone flash, HDR, panorama'",,,,,"b'1, 3, 5, 7, 8, 34, 38, 39, 40, 41'",b'Qualcomm MSM8953 Snapdragon 625 (14 nm)',b'Octa-core 2.0 GHz Cortex-A53',b'Adreno 506',"b'16 MP, f/2.2, 26mm (wide), 1/3.06"", 1.0\xc2\xb5m'",b'1080p@30fps',b'No',,,b'About 150 EUR',"b'Glass front, aluminum back, aluminum frame'",,,,b'K520',,,,,,,,,,,,,,,,,,,,,,
