Brand,Model Name,Model Image,Technology,2G bands,3G bands,4G bands,Speed,Announced,Status,Dimensions,Weight,SIM,Type,Size,Resolution,Protection,OS,Chipset,CPU,GPU,Card slot,Internal,,Quad,Features,Video,Single,Video_1,Loudspeaker,3.5mm jack,WLAN,Bluetooth,GPS,NFC,Radio,USB,Sensors,Type_1,Charging,Colors,Models,SAR,Price,Dual,Features_1,Single_1,Build,Talk time,Stand-by,Infrared port,Music play,SAR EU,GPRS,EDGE,Phonebook,Call records,Messaging,Games,Java,_1,_1_1,Keyboard,Browser,Display,Camera,Battery life,Performance,Loudspeaker_1,Audio quality,Alert types,Languages,Clock,Alarm,5G bands,Triple,128GB 6GB RAM,128GB 4GB RAM,32GB 3GB RAM,64GB 4GB RAM,32GB 2GB RAM,256GB 8GB RAM,256GB 12GB RAM,256GB 6GB RAM,Dual_1,Stand-by_1,Talk time_1
,,,,,,,,,,,,,,,,,,,,,,,,,,,,,,,,,,,,,,,,,,,,,,,,,,,,,,,,,,,,,,,,,,,,,,,,,,,,,,,,,,,,,,
b'motorola',b'Motorola Edge S',b'https://fdn2.gsmarena.com/vv/bigpic/motorola-moto-edge-s.jpg',b'GSM / CDMA / HSPA / CDMA2000 / LTE / 5G',b'GSM 850 / 900 / 1800 / 1900 - SIM 1 & SIM 2',b'HSDPA 850 / 900 / 1700(AWS) / 1900 / 2100',"b'1, 2, 3, 4, 5, 7, 8, 12, 13, 17, 20, 26, 28, 32, 34, 38, 39, 40, 41, 42, 43, 66'","b'HSPA 42.2/5.76 Mbps, LTE-A, 5G'","b'2021, January 26'","b'Coming soon. Exp. release 2021, February 03'",b'168.4 x 74 x 9.7 mm (6.63 x 2.91 x 0.38 in)',b'215 g (7.58 oz)',"b'Dual SIM (Nano-SIM, dual stand-by)'","b'IPS LCD, 90Hz, HDR10, 560 nits (typ)'","b'6.7 inches, 104.9 cm2 (~84.1% screen-to-body ratio)'","b'1080 x 2520 pixels, 21:9 ratio (~409 ppi density)'",,b'Android 11',b'Qualcomm SM8250-AC Snapdragon 870 5G (7 nm)',b'Octa-core (1x3.2 GHz Kryo 585 & 3x2.42 GHz Kryo 585 & 4x1.80 GHz Kryo 585)',b'Adreno 650',b'microSDXC',"b'128GB 6GB RAM, 128GB 8GB RAM, 256GB 8GB RAM'",b'CDMA 800',"b'64 MP, f/1.7, (wide), 1/1.72"", 0.8\xc2\xb5m, PDAF 16 MP, 121\xcb\x9a (ultrawide), 1.0\xc2\xb5m, PDAF 2 MP, (depth) TOF 3D'","b'Dual-LED flash, panorama, HDR'","b'6K@30fps, 4K@30/60fps, 1080p@30/60fps, gyro-EIS'",,b'1080p@30fps',b'Yes',b'Yes',"b'Wi-Fi 802.11 a/b/g/n/ac/6, dual-band, Wi-Fi Direct, hotspot'","b'5.1, A2DP, LE'","b'Yes, with dual-band A-GPS, GLONASS, BDS, GALILEO'",b'Yes',b'No',"b'USB Type-C 2.0, USB On-The-Go'","b'Fingerprint (side-mounted), accelerometer, gyro, proximity, compass'","b'Li-Po 5000 mAh, non-removable'",b'Fast charging 20W',"b'Blue, Silver'",,,b'About 250 EUR',"b'16 MP, (wide), 1.0\xc2\xb5m 8 MP, 100\xcb\x9a (ultrawide), 1.12\xc2\xb5m'",b'HDR',,,,,,,,,,,,,,,b'CDMA2000 1x',b'UFS 3.1',,,,,,,,,,,,,"b'1, 3, 5, 7, 8, 28, 38, 41, 66, 77, 78 SA/NSA'",,,,,,,,,,,,
,,,,,,,,,,,,,,,,,,,,,,,,,,,,,,,,,,,,,,,,,,,,,,,,,,,,,,,,,,,,,,,,,,,,,,,,,,,,,,,,,,,,,,
b'motorola',b'Motorola One 5G Ace',b'https://fdn2.gsmarena.com/vv/bigpic/motorola-one-5g-ace.jpg',b'GSM / HSPA / LTE / 5G',b'GSM 850 / 900 / 1800 / 1900',b'HSDPA 850 / 900 / 1700(AWS) / 1900 / 2100',"b'1, 2, 3, 4, 5, 7, 8, 12, 13, 14, 17, 18, 19, 20, 25, 26, 29, 30, 38, 39, 40, 41, 66, 71'","b'HSPA 42.2/5.76 Mbps, LTE-A, 5G'","b'2021, January 08'","b'Available. Released 2021, January 14'",b'166.1 x 76.1 x 9.9 mm (6.54 x 3.00 x 0.39 in)',b'212 g (7.48 oz)',b'Nano-SIM',"b'LTPS IPS LCD, HDR10'","b'6.7 inches, 108.4 cm2 (~85.7% screen-to-body ratio)'","b'1080 x 2400 pixels, 20:9 ratio (~393 ppi density)'",,b'Android 10',b'Qualcomm SM7225 Snapdragon 750G 5G (8 nm)',b'Octa-core (2x2.2 GHz Kryo 570 & 6x1.8 GHz Kryo 570)',b'Adreno 619',b'microSDXC (dedicated slot)',"b'64GB 4GB RAM, 128GB 6GB RAM'",b'Water-repellent coating',,"b'LED flash, HDR, panorama'","b'4K@30fps, 1080p@30/60fps, gyro-EIS'","b'16 MP, f/2.2, (wide), 1.0\xc2\xb5m'",b'1080p@30fps',b'Yes',b'Yes',"b'Wi-Fi 802.11 a/b/g/n/ac, dual-band, Wi-Fi Direct, hotspot'","b'5.1, A2DP, LE'","b'Yes, with dual-band A-GPS, GLONASS, GALILEO, LTEEP, SUPL'",b'Yes',b'Unspecified',b'USB Type-C 2.0',"b'Fingerprint (rear-mounted), accelerometer, gyro, proximity, compass, barometer'","b'Li-Po 5000 mAh, non-removable'",b'Fast charging 15W',"b'Volcanic Gray, Frosted Silver'",,,b'$\xe2\x80\x89399.99',,b'HDR',,,,,,,,,,,,,,,,,,,,,,,,,,,,,"b'2, 5, 25, 41, 66, 71 Sub6'","b'48 MP, f/1.7, 26mm (wide), 1/2.0"", 0.8\xc2\xb5m, PDAF 8 MP, f/2.2, 118\xcb\x9a (ultrawide), 1.12\xc2\xb5m 2 MP, f/2.4, (macro), AF'",b'$\xe2\x80\x89399.99',,,,,,,,,,
,,,,,,,,,,,,,,,,,,,,,,,,,,,,,,,,,,,,,,,,,,,,,,,,,,,,,,,,,,,,,,,,,,,,,,,,,,,,,,,,,,,,,,
b'motorola',b'Motorola Moto G Stylus (2021)',b'https://fdn2.gsmarena.com/vv/bigpic/motorola-moto-g-stylus-2021.jpg',b'GSM / CDMA / HSPA / LTE',b'GSM 850 / 900 / 1800 / 1900',b'HSDPA 850 / 900 / 1700(AWS) / 1900 / 2100',"b'1, 2, 3, 4, 5, 7, 8, 12, 13, 14, 17, 20, 25, 26, 29, 38, 40, 41, 66, 71'","b'HSPA 42.2/5.76 Mbps, LTE-A'","b'2021, January 08'","b'Available. Released 2021, January 14'",b'169.8 x 77.9 x 9 mm (6.69 x 3.07 x 0.35 in)',b'213 g (7.51 oz)',b'Nano-SIM',b'IPS LCD',"b'6.8 inches, 112.2 cm2 (~84.8% screen-to-body ratio)'","b'1080 x 2400 pixels, 20:9 ratio (~386 ppi density)'",,b'Android 10',b'Qualcomm SDM678 Snapdragon 678 (11 nm)',b'Octa-core (2x2.2 GHz Kryo 460 Gold & 6x1.7 GHz Kryo 460 Silver)',b'Adreno 612',b'microSDXC (dedicated slot)',b'128GB 4GB RAM',b'CDMA 800 / 1900',"b'48 MP, f/1.7, 26mm (wide), 1/2.0"", 0.8\xc2\xb5m, PDAF 8 MP, f/2.2, 118\xcb\x9a (ultrawide), 1/4.0, 1.12\xc2\xb5m 2 MP, f/2.2, (macro) 2 MP, f/2.4, (depth)'","b'LED flash, HDR, panorama'","b'4K@30fps, 1080p@30/60fps; gyro-EIS'","b'16 MP, f/2.0, (wide), 1/3.06"", 1.0\xc2\xb5m'","b'1080p@30fps, gyro-EIS'",b'Yes',b'Yes',"b'Wi-Fi 802.11 a/b/g/n/ac, dual-band, Wi-Fi Direct, hotspot'","b'5.0, A2DP, LE'","b'Yes, with A-GPS, GLONASS, BDS, GALILEO'",b'No',b'Unspecified',b'USB Type-C 2.0',"b'Fingerprint (side-mounted), accelerometer, gyro, proximity'","b'Li-Po 4000 mAh, non-removable'",b'Charging 10W',"b'Aurora Black, Aurora White'",b'XT2115',,b'$\xe2\x80\x89299.99',,b'HDR',,"b'Glass front, plastic frame, plastic back'",,,,,,,,,,,,,b'Stylus Water-repellent coating',,,,,,,,,,,,,,,,,b'$\xe2\x80\x89299.99',,,,,,,,,
,,,,,,,,,,,,,,,,,,,,,,,,,,,,,,,,,,,,,,,,,,,,,,,,,,,,,,,,,,,,,,,,,,,,,,,,,,,,,,,,,,,,,,
b'motorola',b'Motorola Moto G Power (2021)',b'https://fdn2.gsmarena.com/vv/bigpic/motorola-moto-g9-power-2021.jpg',b'GSM / CDMA / HSPA / EVDO / LTE',b'GSM 850 / 900 / 1800 / 1900',b'HSDPA 850 / 900 / 1700(AWS) / 1900 / 2100',"b'1, 2, 3, 4, 5, 7, 8, 12, 13, 14, 17, 25, 26, 29, 30, 38, 41, 66, 71'","b'HSPA 42.2/5.76 Mbps, LTE'","b'2021, January 08'","b'Available. Released 2021, January 14'",b'165.3 x 75.9 x 9.5 mm (6.51 x 2.99 x 0.37 in)',b'206.5 g (7.30 oz)',b'Nano-SIM',b'IPS LCD',"b'6.6 inches, 105.2 cm2 (~83.8% screen-to-body ratio)'","b'720 x 1600 pixels, 20:9 ratio (~266 ppi density)'",,b'Android 10',b'Qualcomm SM6115 Snapdragon 662 (11 nm)',b'Octa-core (4x2.0 GHz Kryo 260 Gold & 4x1.8 GHz Kryo 260 Silver)',b'Adreno 610',b'microSDXC (dedicated slot)',"b'32GB 3GB RAM, 64GB 4GB RAM'",b'CDMA 800 / 1900',,"b'LED flash, HDR, panorama'","b'1080p@30/60fps, gyro-EIS'","b'8 MP, f/2.0, 1.12\xc2\xb5m'","b'1080p@30fps, gyro-EIS'",b'Yes',b'Yes',"b'Wi-Fi 802.11 a/b/g/n/ac, dual-band, Wi-Fi Direct, hotspot'","b'5.0, A2DP, LE'","b'Yes, with A-GPS, GLONASS, GALILEO, LTEPP, SUPL'",b'No',b'FM radio',b'USB Type-C 2.0',"b'Fingerprint (side-mounted), accelerometer, gyro, proximity, compass, barometer'","b'Li-Po 5000 mAh, non-removable'",b'Fast charging 15W',"b'Flash Gray, Polar Silver'",,,b'$\xe2\x80\x89199.99',,b'HDR',,"b'Glass front, plastic back, plastic frame'",,,,,,,,,,,,,b'CDMA2000 1xEV-DO',b'eMMC 5.1',,,,,,,,,,,,,,"b'48 MP, f/1.7, (wide), 1/2.0"", 0.8\xc2\xb5m, PDAF 2 MP, f/2.4, (macro) 2 MP, f/2.4, (depth)'",,,b'$\xe2\x80\x89199.99',b'$\xe2\x80\x89249.99',,,,,,,
,,,,,,,,,,,,,,,,,,,,,,,,,,,,,,,,,,,,,,,,,,,,,,,,,,,,,,,,,,,,,,,,,,,,,,,,,,,,,,,,,,,,,,
b'motorola',b'Motorola Moto G Play (2021)',b'https://fdn2.gsmarena.com/vv/bigpic/motorola-moto-g-play-2021.jpg',b'GSM / CDMA / HSPA / LTE',b'GSM 850 / 900 / 1800 / 1900',b'HSDPA 850 / 900 / 1700(AWS) / 1900 / 2100',"b'1, 2, 3, 4, 5, 7, 8, 12, 13, 17, 25, 26, 38, 41, 66, 71'","b'HSPA 42.2/5.76 Mbps, LTE'","b'2021, January 08'","b'Available. Released 2021, January 14'",b'166.6 x 76 x 9.4 mm (6.56 x 2.99 x 0.37 in)',b'204 g (7.20 oz)',b'Nano-SIM',b'IPS LCD',"b'6.5 inches, 102.0 cm2 (~80.6% screen-to-body ratio)'","b'720 x 1600 pixels, 20:9 ratio (~270 ppi density)'",,b'Android 10',b'Qualcomm SM4250 Snapdragon 460 (11 nm)',b'Octa-core (4x1.8 GHz Kryo 240 & 4x1.6 GHz Kryo 240)',b'Adreno 610',b'microSDXC (dedicated slot)',b'32GB 3GB RAM',b'CDMA 800 / 1900',,"b'LED flash, HDR, panorama'",b'1080p@30/60fps',"b'5 MP, f/2.2, (wide), 1.12\xc2\xb5m'",b'1080p@30fps',b'Yes',b'Yes',"b'Wi-Fi 802.11 a/b/g/n/ac, dual-band, Wi-Fi Direct, hotspot'","b'5.0, A2DP, LE'","b'Yes, A-GPS, GLONASS, GALILEO, LTEEP, SUPL'",b'No',b'Unspecified',b'USB Type-C 2.0',"b'Fingerprint (rear-mounted), accelerometer, proximity'","b'Li-Po 5000 mAh, non-removable'",b'Charging 10W',b'Misty Blue',,,b'$\xe2\x80\x89169.99',"b'13 MP, f/2.0, (wide), 1/3.1"", 1.12\xc2\xb5m, PDAF 2 MP, f/2.4, (depth)'",b'HDR',,"b'Plastic frame, plastic back'",,,,,,,,,,,,,"b'2, 4, 5, 12, 14, 30, 66'",b'eMMC 5.1',,,,,,,,,,,,,,,,,b'$\xe2\x80\x89169.99',,,,,,,,
,,,,,,,,,,,,,,,,,,,,,,,,,,,,,,,,,,,,,,,,,,,,,,,,,,,,,,,,,,,,,,,,,,,,,,,,,,,,,,,,,,,,,,
b'motorola',b'Motorola Moto E7',b'https://fdn2.gsmarena.com/vv/bigpic/motorola-moto-e7-r1.jpg',b'GSM / HSPA / LTE',b'GSM 850 / 900 / 1800 / 1900 - SIM 1 & SIM 2',"b'HSDPA 850 / 900 / 1900 / 2100 - Europe, Asia'","b'1, 3, 5, 7, 8, 20, 38, 40, 41 - Europe'","b'HSPA 42.2/5.76 Mbps, LTE Cat4 150/50 Mbps'","b'2020, November 24'","b'Available. Released 2020, December 09'",b'164.9 x 75.7 x 8.9 mm (6.49 x 2.98 x 0.35 in)',b'180 g (6.35 oz)',"b'Hybrid Dual SIM (Nano-SIM, dual stand-by)'",b'IPS LCD',"b'6.5 inches, 102.8 cm2 (~82.3% screen-to-body ratio)'","b'720 x 1600 pixels, 20:9 ratio (~269 ppi density)'",,b'Android 10',b'MediaTek Helio G25 (12 nm)',b'Octa-core (4x2.0 GHz Cortex-A53 & 4x1.5 GHz Cortex-A53)',b'PowerVR GE8320',b'microSDXC (uses shared SIM slot)',"b'32GB 2GB RAM, 64GB 4GB RAM'",b'HSDPA 850 / 900 / 1700(AWS) / 1900 / 2100 - LATAM',,"b'LED flash, HDR, panorama'",b'1080p@30fps',"b'5 MP, f/2.2'",b'1080p@30fps',b'Yes',b'Yes',"b'Wi-Fi 802.11 b/g/n, hotspot'","b'5.0, A2DP, LE'","b'Yes, A-GPS, GLONASS, GALILEO, LTEEP, SUPL'",b'No',b'FM radio',b'USB Type-C 2.0',"b'Fingerprint (rear-mounted), accelerometer, proximity'","b'Li-Po 4000 mAh, non-removable'",b'Charging 10W',"b'Mineral Gray, Aqua Blue, Satin Coral'",,,b'\xc2\xa3\xe2\x80\x89109.00',"b'48 MP, f/1.7, 26mm (wide), 1/2.0"", 0.8\xc2\xb5m, PDAF 2 MP, f/2.4, (macro)'",b'HDR',,"b'Glass front, plastic frame, plastic back'",,,,,,,,,,,,,"b'1, 2, 3, 4, 5, 7, 8, 19, 28, 66 - LATAM'",b'eMMC 5.1',,,,,,,,,,,,,,,,,,,b'\xc2\xa3\xe2\x80\x89109.00',,,,,,
,,,,,,,,,,,,,,,,,,,,,,,,,,,,,,,,,,,,,,,,,,,,,,,,,,,,,,,,,,,,,,,,,,,,,,,,,,,,,,,,,,,,,,
b'motorola',b'Motorola Moto G 5G',b'https://fdn2.gsmarena.com/vv/bigpic/motorola-moto-g-5g.jpg',b'GSM / HSPA / LTE / 5G',b'GSM 850 / 900 / 1800 / 1900 - SIM 1 & SIM 2',b'HSDPA 850 / 900 / 1700(AWS) / 1900 / 2100',"b'1, 2, 3, 4, 5, 7, 8, 18, 19, 20, 26, 28, 38, 39, 40, 41, 42, 43'","b'HSPA 42.2/5.76 Mbps, LTE-A, 5G'","b'2020, November 05'","b'Available. Released 2020, December 07'",b'166.1 x 76.1 x 9.9 mm (6.54 x 3.00 x 0.39 in)',b'212 g (7.48 oz)',"b'Dual SIM (Nano-SIM, dual stand-by)'","b'LTPS IPS LCD, HDR10'","b'6.7 inches, 108.4 cm2 (~85.7% screen-to-body ratio)'","b'1080 x 2400 pixels, 20:9 ratio (~393 ppi density)'",,b'Android 10',b'Qualcomm SM7225 Snapdragon 750G 5G (8 nm)',b'Octa-core (2x2.2 GHz Kryo 570 & 6x1.8 GHz Kryo 570)',b'Adreno 619',b'microSDXC (uses shared SIM slot)',"b'64GB 4GB RAM, 128GB 6GB RAM'",,,"b'LED flash, HDR, panorama'","b'4K@30fps, 1080p@30/60fps, gyro-EIS'","b'16 MP, f/2.2, (wide), 1.0\xc2\xb5m'",b'1080p@30fps',b'Yes',b'Yes',"b'Wi-Fi 802.11 a/b/g/n/ac, dual-band, Wi-Fi Direct, hotspot'","b'5.1, A2DP, LE'","b'Yes, with dual-band A-GPS, GLONASS, GALILEO, LTEEP, SUPL'",b'Yes',b'FM radio',b'USB Type-C 2.0',"b'Fingerprint (rear-mounted), accelerometer, gyro, proximity, compass'","b'Li-Po 5000 mAh, non-removable'",b'Fast charging 20W',"b'Volcanic Gray, Frosted Silver'",,,b'$\xe2\x80\x89399.99 / \xe2\x82\xac\xe2\x80\x89299.99 / \xc2\xa3\xe2\x80\x89249.99',,b'HDR',,"b'Glass front, plastic back, plastic frame'",,,,,,,,,,,,,,,,,b'Contrast ratio: 1419:1',b'Photo / Video',b'Endurance rating 131h',b'AnTuTu: 312461 (v8) GeekBench: 1980 (v5.1) GFXBench: 17fps (ES 3.1 onscreen)',b'-28.1 LUFS (Average)',,,,,,"b'1, 3, 5, 7, 8, 28, 38, 41, 77, 78 SA/NSA'","b'48 MP, f/1.7, 26mm (wide), 1/2.0"", 0.8\xc2\xb5m, PDAF 8 MP, f/2.2, 118\xcb\x9a (ultrawide), 1.12\xc2\xb5m 2 MP, f/2.4, (macro), AF'",b'$\xe2\x80\x89399.99',,,b'\xe2\x82\xac\xe2\x80\x89299.99',,,,,,,
,,,,,,,,,,,,,,,,,,,,,,,,,,,,,,,,,,,,,,,,,,,,,,,,,,,,,,,,,,,,,,,,,,,,,,,,,,,,,,,,,,,,,,
b'motorola',b'Motorola Moto G9 Power',b'https://fdn2.gsmarena.com/vv/bigpic/motorola-moto-g9-power.jpg',b'GSM / HSPA / LTE',b'GSM 850 / 900 / 1800 / 1900 - SIM 1 & SIM 2 (dual-SIM model only)',b'HSDPA 850 / 900 / 1700(AWS) / 1900 / 2100',"b'1, 2, 3, 4, 5, 7, 8, 18, 19, 20, 26, 28, 38, 40, 41'","b'HSPA 42.2/5.76 Mbps, LTE-A'","b'2020, November 05'","b'Available. Released 2020, December 05'",b'172.1 x 76.8 x 9.7 mm (6.78 x 3.02 x 0.38 in)',b'221 g (7.80 oz)',"b'Single SIM (Nano-SIM) or Hybrid Dual SIM (Nano-SIM, dual stand-by)'",b'IPS LCD',"b'6.8 inches, 109.8 cm2 (~83.1% screen-to-body ratio)'",b'720 x 1640 pixels (~263 ppi density)',,b'Android 10',b'Qualcomm SM6115 Snapdragon 662 (11 nm)',b'Octa-core (4x2.0 GHz Kryo 260 Gold & 4x1.8 GHz Kryo 260 Silver)',b'Adreno 610',b'microSDXC (uses shared SIM slot)',b'128GB 4GB RAM',b'Water-repellent coating',,"b'LED flash, HDR, panorama'",b'1080p@30/60fps',"b'16 MP, f/2.2, 1.0\xc2\xb5m'",b'1080p@30fps',b'Yes',b'Yes',"b'Wi-Fi 802.11 a/b/g/n/ac, dual-band, Wi-Fi Direct, hotspot'","b'5.0, A2DP, LE'","b'Yes, A-GPS, GLONASS, GALILEO, LTEEP, SUPL'",b'Yes',b'FM radio',b'USB Type-C 2.0',"b'Fingerprint (rear-mounted), accelerometer, gyro, proximity'","b'Li-Po 6000 mAh, non-removable'",b'Fast charging 20W',"b'Electric Violet, Metallic Sage'",b'XT2091-3',,"b'$\xe2\x80\x89223.99 / \xc2\xa3\xe2\x80\x89179.99 / \xe2\x82\xb9\xe2\x80\x8913,990'",,b'HDR',,,,,,,,,,,,,,,,,,,b'Contrast ratio: 1680:1 (nominal)',b'Photo / Video',b'Endurance rating 155h',b'AnTuTu: 182875 (v8) GeekBench: 1374 (v5.1) GFXBench: 13fps (ES 3.1 onscreen)',b'-28.6 LUFS (Average)',,,,,,,"b'64 MP, f/1.8, 26mm (wide), 1/1.97"", 0.7\xc2\xb5m, PDAF 2 MP, f/2.4, (macro), AF 2 MP, f/2.4, (depth)'",,b'$\xe2\x80\x89223.99',,,,,,,,,
,,,,,,,,,,,,,,,,,,,,,,,,,,,,,,,,,,,,,,,,,,,,,,,,,,,,,,,,,,,,,,,,,,,,,,,,,,,,,,,,,,,,,,
b'motorola',b'Motorola Razr 5G',b'https://fdn2.gsmarena.com/vv/bigpic/motorola-razr-5g-brush-gold.jpg',b'GSM / CDMA / HSPA / EVDO / LTE / 5G',b'GSM 900 / 1800 / 1900 - SIM 1 & SIM 2',b'HSDPA 850 / 900 / 1700(AWS) / 1900 / 2100',"b'1, 2, 3, 4, 5, 7, 8, 12, 13, 14, 17, 18, 19, 20, 25, 26, 28, 29, 30, 38, 39, 40, 41, 46, 48, 66, 71'","b'HSPA 42.2/5.76 Mbps, LTE-A (CA) Cat18 1200/150 Mbps, 5G'","b'2020, September 09'","b'Available. Released 2020, September 15'",b'Unfolded: 169.2 x 72.6 x 7.9 mmFolded: 91.7 x 72.6 x 16 mm',b'192 g (6.77 oz)',b'Nano-SIM and/or eSIM',b'Foldable P-OLED',"b'6.2 inches, 86.9 cm2 (~70.7% screen-to-body ratio)'",b'876 x 2142 pixels (~373 ppi density)',,b'Android 10',b'Qualcomm SM7250 Snapdragon 765G (7 nm)',b'Octa-core (1x2.4 GHz Kryo 475 Prime & 1x2.2 GHz Kryo 475 Gold & 6x1.8 GHz Kryo 475 Silver)',b'Adreno 620',b'No',b'256GB 8GB RAM',b'CDMA 800 / 1900',,"b'Dual-LED dual-tone flash, auto HDR, panorama'","b'4K@30fps, 1080p@30/60/120fps, gyro-EIS'","b'48 MP, f/1.7, 26mm (wide), 1/2.0"", 0.8\xc2\xb5m, PDAF, OIS'",b'1080p@30/60fps',b'Yes',b'No',"b'Wi-Fi 802.11 a/b/g/n/ac, dual-band, Wi-Fi Direct, hotspot'","b'5.1, A2DP, LE'","b'Yes, with A-GPS, GLONASS, GALILEO'",b'Yes',b'No',b'USB Type-C 3.1',"b'Fingerprint (rear-mounted), accelerometer, gyro, proximity, compass, barometer'","b'Li-Po 2800 mAh, non-removable'",b'Fast charging 15W',"b'Polished Graphite, Blush Gold, Liquid Mercury'",,,"b'$\xe2\x80\x891,399.99 / \xe2\x82\xac\xe2\x80\x891,270.00 / \xc2\xa3\xe2\x80\x891,199.99'",,b'Auto HDR',"b'20 MP, f/2.2, (wide), 0.8\xc2\xb5m'","b'Plastic front (opened), glass front (closed, Gorilla Glass 5), glass back (Gorilla Glass 5), aluminum frame (7000 series), hinge (stainless steel)'",,,,,,,,,,,,,b'CDMA2000 1xEV-DO',"b'Second external G-OLED display, 2.7 inches, 600 x 800 pixels'",,,,,,,,,,,,,"b'2, 5, 25, 41, 66, 71, 78 SA/NSA/Sub6'",,,,,,,"b'$\xe2\x80\x891,399.99'",,,,,
,,,,,,,,,,,,,,,,,,,,,,,,,,,,,,,,,,,,,,,,,,,,,,,,,,,,,,,,,,,,,,,,,,,,,,,,,,,,,,,,,,,,,,
b'motorola',b'Motorola Moto G9 Plus',b'https://fdn2.gsmarena.com/vv/bigpic/motorola-moto-g9-plus-new.jpg',b'GSM / HSPA / LTE',b'GSM 850 / 900 / 1800 / 1900 - SIM 1 & SIM 2 (dual-SIM model only)',b'HSDPA 850 / 900 / 1700(AWS) / 1900 / 2100',"b'1, 2, 3, 4, 5, 7, 8, 12, 17, 28, 66 Brazil'","b'HSPA 42.2/5.76 Mbps, LTE-A'","b'2020, September 07'","b'Available. Released 2020, September 07'",b'170 x 78.1 x 9.7 mm (6.69 x 3.07 x 0.38 in)',b'223 g (7.87 oz)',"b'Single SIM (Nano-SIM) or Hybrid Dual SIM (Nano-SIM, dual stand-by)'","b'LTPS IPS LCD, HDR10'","b'6.81 inches, 112.0 cm2 (~84.3% screen-to-body ratio)'","b'1080 x 2400 pixels, 20:9 ratio (~386 ppi density)'",,b'Android 10',b'Qualcomm SDM730 Snapdragon 730G (8 nm)',b'Octa-core (2x2.2 GHz Kryo 470 Gold & 6x1.8 GHz Kryo 470 Silver)',b'Adreno 618',b'microSDXC (uses shared SIM slot)',"b'128GB 4GB RAM, 128GB 6GB RAM'",,"b'64 MP, f/1.8, 26mm (wide), 1/1.73"", 0.8\xc2\xb5m, PDAF 8 MP, f/2.2, 118\xcb\x9a (ultrawide), 1/4.0"", 1.12\xc2\xb5m 2 MP, f/2.2, (macro) 2 MP, f/2.2, (depth)'","b'LED flash, HDR, panorama'","b'4K@30fps, 1080p@30/60/120fps, gyro-EIS'","b'16 MP, f/2.0, 29mm (standard)'",b'1080p@30fps',b'Yes',b'Yes',"b'Wi-Fi 802.11 a/b/g/n/ac, dual-band, Wi-Fi Direct, hotspot'","b'5.0, A2DP, LE'","b'Yes, with A-GPS, GLONASS, GALILEO'",b'Yes',b'FM radio',b'USB Type-C 2.0',"b'Fingerprint (side-mounted), accelerometer, gyro, proximity'","b'Li-Po 5000 mAh, non-removable'",b'Fast charging 30W',"b'Rose Gold, Indigo Blue'",b'XT2087-1',,b'$\xe2\x80\x89259.99 / \xe2\x82\xac\xe2\x80\x89239.00 / \xc2\xa3\xe2\x80\x89199.95',,b'HDR',,"b'Glass front, plastic back, plastic frame'",,,,,,,,,,,,,,,,,,b'Photo / Video',b'Endurance rating 136h',b'AnTuTu: 253105 (v8) GeekBench: 1695 (v5.1) GFXBench: 15fps (ES 3.1 onscreen)',b'-29.0 LUFS (Average)',,,,,,,,,b'$\xe2\x80\x89259.99',,,,,,,,,
,,,,,,,,,,,,,,,,,,,,,,,,,,,,,,,,,,,,,,,,,,,,,,,,,,,,,,,,,,,,,,,,,,,,,,,,,,,,,,,,,,,,,,
b'motorola',b'Motorola Moto E7 Plus',b'https://fdn2.gsmarena.com/vv/bigpic/motorola-moto-e7-plus.jpg',b'GSM / HSPA / LTE',b'GSM 850 / 900 / 1800 / 1900 - SIM 1 & SIM 2',b'HSDPA 850 / 900 / 1700(AWS) / 1900 / 2100',"b'1, 2, 3, 4, 5, 7, 8, 19, 28, 66'","b'HSPA 42.2/5.76 Mbps, LTE-A'","b'2020, September 11'","b'Available. Released 2020, September 16'",b'165.2 x 75.7 x 9.2 mm (6.50 x 2.98 x 0.36 in)',b'200 g (7.05 oz)',"b'Hybrid Dual SIM (Nano-SIM, dual stand-by)'",b'IPS LCD',"b'6.5 inches, 102.0 cm2 (~81.6% screen-to-body ratio)'","b'720 x 1600 pixels, 20:9 ratio (~270 ppi density)'",,b'Android 10',b'Qualcomm SM4250 Snapdragon 460 (11 nm)',b'Octa-core (4x1.8 GHz Kryo 240 & 4x1.6 GHz Kryo 240)',b'Adreno 610',b'microSDXC (uses shared SIM slot)',b'64GB 4GB RAM',b'eMMC 5.1',,"b'LED flash, HDR, panorama'",b'1080p@30/60fps',"b'8 MP, f/2.2, 26mm (wide), 1/4"", 1.12\xc2\xb5m'",b'1080p@30fps',b'Yes',b'Yes',"b'Wi-Fi 802.11 b/g/n, hotspot'","b'5.0, A2DP, LE'","b'Yes, with A-GPS, GLONASS, GALILEO'",b'No',b'FM radio',"b'microUSB 2.0, USB On-The-Go'","b'Fingerprint (rear-mounted), accelerometer, proximity'","b'Li-Po 5000 mAh, non-removable'",b'Charging 10W',"b'Navy Blue, Amber Bronze'",b'XT2081-1',,b'$\xe2\x80\x89159.95 / \xe2\x82\xac\xe2\x80\x89133.25 / \xc2\xa3\xe2\x80\x89112.25',"b'48 MP, f/1.7, 26mm (wide), 1/2.0"", 0.8\xc2\xb5m, PDAF 2 MP, (depth)'",b'HDR',,,,,,,,,,,,,,,,,,,,,,,,,,,,,,,,,,b'$\xe2\x80\x89159.95',,,,,,,
,,,,,,,,,,,,,,,,,,,,,,,,,,,,,,,,,,,,,,,,,,,,,,,,,,,,,,,,,,,,,,,,,,,,,,,,,,,,,,,,,,,,,,
b'motorola',b'Motorola One 5G UW',b'https://fdn2.gsmarena.com/vv/bigpic/motorola-one-5g.jpg',b'GSM / HSPA / LTE / 5G',b'GSM 850 / 900 / 1800 / 1900',b'HSDPA 850 / 900 / 1900 / 2100',"b'2, 4, 5, 12, 13, 66'","b'HSPA 42.2/5.76 Mbps, LTE-A, 5G'","b'2020, October 16'","b'Available. Released 2020, October 16'",b'167.9 x 73.9 x 8.9 mm (6.61 x 2.91 x 0.35 in)',b'209.8 g (7.41 oz)',b'Pre-installed Nano-SIM',"b'LTPS IPS LCD, 90Hz, HDR10'","b'6.7 inches, 104.9 cm2 (~84.5% screen-to-body ratio)'","b'1080 x 2520 pixels, 21:9 ratio (~409 ppi density)'",,b'Android 10',b'Qualcomm SM7250 Snapdragon 765 (7 nm)',b'Octa-core (1x2.3 GHz Kryo 475 Prime & 1x2.2 GHz Kryo 475 Gold & 6x1.8 GHz Kryo 475 Silver)',b'Adreno 620',b'microSDXC (dedicated slot)',b'128GB 4GB RAM',b'Water-repellent coating',"b'48 MP, f/1.8, 26mm (wide), 1/2.0"", 0.8\xc2\xb5m, PDAF 8 MP, f/2.2, 118\xcb\x9a (ultrawide), 1.12\xc2\xb5m 5 MP, f/2.2, (macro), AF 2 MP, f/2.2, (depth)'","b'Dual-LED flash, ring flash (macro camera), panorama, HDR'","b'4K@30fps, 1080p@30/60fps, gyro-EIS'",,b'1080p@30fps',b'Yes',b'Yes',"b'Wi-Fi 802.11 a/b/g/n/ac, dual-band, Wi-Fi Direct, hotspot'","b'5.1, A2DP, LE'","b'Yes, with dual-band A-GPS, GLONASS, GALILEO, LTEEP, SUPL'",b'Yes',b'FM radio',b'USB Type-C 2.0',"b'Fingerprint (side-mounted), accelerometer, gyro, proximity, compass'","b'Li-Po 5000 mAh, non-removable'",b'Fast charging 15W',b'Oxford Blue',,b'0.98 W/kg (head)',b'About 550 USD',"b'16 MP, f/2.0, (wide), 1.0\xc2\xb5m 8 MP, f/2.2, (ultrawide), 1.12\xc2\xb5m'",b'HDR',,"b'Glass front, plastic back, plastic frame'",,,,,,,,,,,,,b'UFS 2.1',,,,,,,,,,,,,,"b'2, 5, 66, 260, 261 mmWave'",,,,,,,,,,,,
,,,,,,,,,,,,,,,,,,,,,,,,,,,,,,,,,,,,,,,,,,,,,,,,,,,,,,,,,,,,,,,,,,,,,,,,,,,,,,,,,,,,,,
b'motorola',b'Motorola One 5G',b'https://fdn2.gsmarena.com/vv/bigpic/motorola-one-5g.jpg',b'GSM / HSPA / LTE / 5G',b'GSM 850 / 900 / 1800 / 1900',b'HSDPA 850 / 900 / 1700(AWS) / 1900 / 2100',"b'1, 2, 3, 4, 5, 7, 8, 12, 13, 14, 17, 18, 19, 20, 25, 26, 29, 30, 38, 39, 40, 41, 66, 71'","b'HSPA 42.2/5.76 Mbps, LTE-A, 5G'","b'2020, September 01'","b'Available. Released 2020, September 14'",b'168 x 74 x 9 mm (6.61 x 2.91 x 0.35 in)',b'207 g (7.30 oz)',b'Nano-SIM',"b'LTPS IPS LCD, 90Hz, HDR10'","b'6.7 inches, 104.9 cm2 (~84.3% screen-to-body ratio)'","b'1080 x 2520 pixels, 21:9 ratio (~409 ppi density)'",,b'Android 10',b'Qualcomm SM7250 Snapdragon 765 (7 nm)',b'Octa-core (1x2.3 GHz Kryo 475 Prime & 1x2.2 GHz Kryo 475 Gold & 6x1.8 GHz Kryo 475 Silver)',b'Adreno 620',b'microSDXC (dedicated slot)',b'128GB 4GB RAM',b'Water-repellent coating',"b'48 MP, f/1.8, 26mm (wide), 1/2.0"", 0.8\xc2\xb5m, PDAF 8 MP, f/2.2, 118\xcb\x9a (ultrawide), 1.12\xc2\xb5m 5 MP, f/2.2, (macro), AF 2 MP, f/2.2, (depth)'","b'Dual-LED flash, ring flash (macro camera), panorama, HDR'","b'4K@30fps, 1080p@30/60fps, gyro-EIS'",,b'1080p@30fps',b'Yes',b'Yes',"b'Wi-Fi 802.11 a/b/g/n/ac, dual-band, Wi-Fi Direct, hotspot'","b'5.1, A2DP, LE'","b'Yes, with dual-band A-GPS, GLONASS, GALILEO, LTEEP, SUPL'",b'Yes',b'FM radio',b'USB Type-C 2.0',"b'Fingerprint (side-mounted), accelerometer, gyro, proximity, compass'","b'Li-Po 5000 mAh, non-removable'",b'Fast charging 15W',b'Oxford Blue',,,b'About 420 EUR',"b'16 MP, f/2.0, (wide), 1.0\xc2\xb5m 8 MP, f/2.2, (ultrawide), 1.12\xc2\xb5m'",b'HDR',,"b'Glass front, plastic back, plastic frame'",,,,,,,,,,,,,b'UFS 2.1',,,,,,,,,,,,,,"b'2, 5, 25, 41, 66, 71 SA/NSA'",,,,,,,,,,,,
,,,,,,,,,,,,,,,,,,,,,,,,,,,,,,,,,,,,,,,,,,,,,,,,,,,,,,,,,,,,,,,,,,,,,,,,,,,,,,,,,,,,,,
b'motorola',b'Motorola Moto G9 Play',b'https://fdn2.gsmarena.com/vv/bigpic/motorola-moto-g9-play.jpg',b'GSM / HSPA / LTE',b'GSM 850 / 900 / 1800 / 1900 - SIM 1 & SIM 2 (dual-SIM model only)',b'HSDPA 850 / 900 / 1700(AWS) / 1900 / 2100',b'LTE',"b'HSPA 42.2/5.76 Mbps, LTE-A'","b'2020, August 24'","b'Available. Released 2020, August 28'",b'165.2 x 75.7 x 9.2 mm (6.50 x 2.98 x 0.36 in)',b'200 g (7.05 oz)',"b'Single SIM (Nano-SIM) or Hybrid Dual SIM (Nano-SIM, dual stand-by)'",b'IPS LCD',"b'6.5 inches, 102.8 cm2 (~82.2% screen-to-body ratio)'","b'720 x 1600 pixels, 20:9 ratio (~269 ppi density)'",,b'Android 10',b'Qualcomm SM6115 Snapdragon 662 (11 nm)',b'Octa-core (4x2.0 GHz Kryo 260 Gold & 4x1.8 GHz Kryo 260 Silver)',b'Adreno 610',b'microSDXC (uses shared SIM slot)',b'64GB 4GB RAM',b'Water-repellent coating',,"b'LED flash, HDR, panorama'",b'1080p@30/60fps',"b'8 MP, f/2.2, 1.12\xc2\xb5m'",b'1080p@30fps',b'Yes',b'Yes',"b'Wi-Fi 802.11 a/b/g/n/ac, dual-band, Wi-Fi Direct, hotspot'","b'5.0, A2DP, LE'","b'Yes, with A-GPS, GLONASS, GALILEO, LTEPP, SUPL'",b'Yes',b'FM radio',b'USB Type-C 2.0',"b'Fingerprint (rear-mounted), accelerometer, gyro, proximity'","b'Li-Po 5000 mAh, non-removable'",b'Fast charging 20W',"b'Forest Green, Sapphire Blue, Spring Pink'",,,b'$\xe2\x80\x89178.99 / \xe2\x82\xac\xe2\x80\x89144.00 / \xc2\xa3\xe2\x80\x89157.99',,b'HDR',,"b'Glass front, plastic back, plastic frame'",,,,,,,,,,,,,,,,,b'Contrast ratio: 1944:1',b'Photo / Video',,b'AnTuTu: 170064 (v8) GeekBench: 1402 (v5.1) GFXBench: 13fps (ES 3.1 onscreen)',b'-27.6 LUFS (Good)',,,,,,,"b'48 MP, f/1.7, (wide), 1/2.0"", 0.8\xc2\xb5m, PDAF 2 MP, f/2.4, (macro) 2 MP, f/2.4, (depth)'",,,,b'$\xe2\x80\x89178.99',,,,,,,
,,,,,,,,,,,,,,,,,,,,,,,,,,,,,,,,,,,,,,,,,,,,,,,,,,,,,,,,,,,,,,,,,,,,,,,,,,,,,,,,,,,,,,
b'motorola',b'Motorola Moto G9 (India)',b'https://fdn2.gsmarena.com/vv/bigpic/motorola-moto-g9.jpg',b'GSM / HSPA / LTE',b'GSM 850 / 900 / 1800 / 1900 - SIM 1 & SIM 2 (dual-SIM model only)',b'HSDPA 850 / 900 / 1900 / 2100',"b'1, 2, 3, 5, 7, 8, 18, 19, 20, 26, 28, 38, 40, 41'","b'HSPA 42.2/5.76 Mbps, LTE-A'","b'2020, August 24'","b'Available. Released 2020, August 31'",b'165.2 x 75.7 x 9.2 mm (6.50 x 2.98 x 0.36 in)',b'200 g (7.05 oz)',"b'Single SIM (Nano-SIM) or Hybrid Dual SIM (Nano-SIM, dual stand-by)'",b'IPS LCD',"b'6.5 inches, 102.8 cm2 (~82.2% screen-to-body ratio)'","b'720 x 1600 pixels, 20:9 ratio (~269 ppi density)'",,b'Android 10',b'Qualcomm SM6115 Snapdragon 662 (11 nm)',b'Octa-core (4x2.0 GHz Kryo 260 Gold & 4x1.8 GHz Kryo 260 Silver)',b'Adreno 610',b'microSDXC (uses shared SIM slot)',b'64GB 4GB RAM',b'Water-repellent coating',,"b'LED flash, HDR, panorama'",b'1080p@30/60fps',"b'8 MP, f/2.2, 1.12\xc2\xb5m'",b'1080p@30fps',b'Yes',b'Yes',"b'Wi-Fi 802.11 a/b/g/n/ac, dual-band, Wi-Fi Direct, hotspot'","b'5.0, A2DP, LE'","b'Yes, with A-GPS, GLONASS, GALILEO, LTEPP, SUPL'",b'Yes',b'FM radio',b'USB Type-C 2.0',"b'Fingerprint (rear-mounted), accelerometer, gyro, proximity'","b'Li-Po 5000 mAh, non-removable'",b'Fast charging 20W',"b'Forest Green, Sapphire Blue'",,,b'About 130 EUR',,b'HDR',,"b'Glass front, plastic back, plastic frame'",,,,,,,,,,,,,,,,,,,,,,,,,,,,"b'48 MP, f/1.7, (wide), 1/2.0"", 0.8\xc2\xb5m, PDAF 2 MP, f/2.4, (macro) 2 MP, f/2.4, (depth)'",,,,,,,,,,,
,,,,,,,,,,,,,,,,,,,,,,,,,,,,,,,,,,,,,,,,,,,,,,,,,,,,,,,,,,,,,,,,,,,,,,,,,,,,,,,,,,,,,,
b'motorola',b'Motorola Moto G 5G Plus',b'https://fdn2.gsmarena.com/vv/bigpic/motorola-moto-g-5g-plus.jpg',b'GSM / HSPA / LTE / 5G',b'GSM 850 / 900 / 1800 / 1900 - SIM 1 & SIM 2 (dual-SIM model only)',b'HSDPA 850 / 900 / 1700(AWS) / 1900 / 2100',"b'1, 2, 3, 4, 5, 7, 8, 12, 17, 20, 26, 28, 32, 38, 39, 40, 41, 42, 43, 66'","b'HSPA 42.2/5.76 Mbps, LTE-A, 5G'","b'2020, July 07'","b'Available. Released 2020, July 08'",b'168.3 x 74 x 9.7 mm (6.63 x 2.91 x 0.38 in)',b'207 g (7.30 oz)',"b'Single SIM (Nano-SIM) or Dual SIM (Nano-SIM, dual stand-by)'","b'LTPS IPS LCD, 90Hz, HDR10'","b'6.7 inches, 104.9 cm2 (~84.2% screen-to-body ratio)'","b'1080 x 2520 pixels, 21:9 ratio (~409 ppi density)'",,b'Android 10',b'Qualcomm SM7250 Snapdragon 765 (7 nm)',b'Octa-core (1x2.3 GHz Kryo 475 Prime & 1x2.2 GHz Kryo 475 Gold & 6x1.8 GHz Kryo 475 Silver)',b'Adreno 620',b'microSDXC (uses shared SIM slot)',"b'64GB 4GB RAM, 128GB 6GB RAM, 128GB 8GB RAM'","b'1, 2, 3, 4, 5, 7, 8, 12, 17, 20, 26, 28, 32, 38, 39, 40, 41, 42, 43, 66'","b'48 MP, f/1.7, 26mm (wide), 1/2.0"", 0.8\xc2\xb5m, PDAF 8 MP, f/2.2, 118\xcb\x9a (ultrawide), 1.12\xc2\xb5m 5 MP, (macro), AF 2 MP, (depth)'","b'Dual-LED flash, panorama, HDR'","b'4K@30fps, 1080p@30/60fps, gyro-EIS'",,b'1080p@30fps',b'Yes',b'Yes',"b'Wi-Fi 802.11 a/b/g/n/ac, dual-band, Wi-Fi Direct, hotspot'","b'5.1, A2DP, LE'","b'Yes, with dual-band A-GPS, GLONASS, GALILEO, BDS, LTEEP, SUPL'",b'Yes',b'FM radio',b'USB Type-C 2.0',"b'Fingerprint (side-mounted), accelerometer, gyro, proximity, compass'","b'Li-Po 5000 mAh, non-removable'",b'Fast charging 20W',"b'Surfing Blue, Mystic Lilac'","b'XT2075, XT2075-2, XT2075-3'",,b'$\xe2\x80\x89289.97 / \xe2\x82\xac\xe2\x80\x89234.95 / \xc2\xa3\xe2\x80\x89248.54',"b'16 MP, f/2.0, 29mm (normal), 1.0\xc2\xb5m 8 MP, f/2.2, 118\xcb\x9a (ultrawide), 1.12\xc2\xb5m'",b'HDR',,"b'Glass front, plastic back, plastic frame'",,,,,,,,,,,,,b'Water-repellent coating',b'UFS 2.1',,,b'Contrast ratio: 1269:1',b'Photo / Video',b'Endurance rating 114h',b'AnTuTu: 299926 (v8) GeekBench: 1898 (v5.1) GFXBench: 16fps (ES 3.1 onscreen)',b'-28.4 LUFS (Average)',,,,,,"b'1, 3, 7, 8, 28, 38, 41, 77, 78 SA/NSA'",,b'\xe2\x82\xac\xe2\x80\x89329.99',,,b'$\xe2\x80\x89289.97',,,,,,,
,,,,,,,,,,,,,,,,,,,,,,,,,,,,,,,,,,,,,,,,,,,,,,,,,,,,,,,,,,,,,,,,,,,,,,,,,,,,,,,,,,,,,,
b'motorola',b'Motorola One Fusion',b'https://fdn2.gsmarena.com/vv/bigpic/motorola-one-fusion-1.jpg',b'GSM / HSPA / LTE',b'GSM 850 / 900 / 1800 / 1900 - SIM 1 & SIM 2 (dual-SIM model only)',b'HSDPA 850 / 900 / 1700(AWS) / 1900 / 2100',"b'1, 2, 3, 4, 5, 7, 8, 19, 28, 66'","b'HSPA 42.2/5.76 Mbps, LTE-A Cat4 150/50 Mbps'","b'2020, July 02'","b'Available. Released 2020, July 02'",b'165 x 75.9 x 9.4 mm (6.50 x 2.99 x 0.37 in)',b'202 g (7.13 oz)',"b'Single SIM (Nano-SIM) or Hybrid Dual SIM (Nano-SIM, dual stand-by)'",b'IPS LCD',"b'6.5 inches, 102.0 cm2 (~81.5% screen-to-body ratio)'","b'720 x 1600 pixels, 20:9 ratio (~270 ppi density)'",,b'Android 10',b'Qualcomm SDM710 Snapdragon 710 (10 nm)',b'Octa-core (2x2.2 GHz 360 Gold & 6x1.7 GHz Kryo 360 Silver)',b'Adreno 616',b'microSDXC (uses shared SIM slot)',"b'64GB 4GB RAM, 128GB 4GB RAM'",b'Water-repellent coating',"b'48 MP, f/1.7, (wide), 1/2.0"", 0.8\xc2\xb5m, PDAF 8 MP, f/2.2, 118\xcb\x9a (ultrawide), 1/4.0"", 1.12\xc2\xb5m 5 MP, f/2.2, (macro) 2 MP, f/2.2, (depth)'","b'LED flash, panorama, HDR'","b'4K@30fps, 1080p@30fps'","b'8 MP, f/2.0'",b'1080p@30fps',b'Yes',b'Yes',"b'Wi-Fi 802.11 a/b/g/n/ac, dual-band, Wi-Fi Direct, hotspot'","b'5.0, A2DP, LE'","b'Yes, with A-GPS, GLONASS, GALILEO, BDS'",b'No',b'FM radio (market/region dependent)',"b'USB Type-C 2.0, USB On-The-Go'","b'Fingerprint (rear-mounted), accelerometer, gyro, proximity'","b'Li-Po 5000 mAh, non-removable'",,"b'Emerald Green, Deep Sapphire Blue'",b'XT2073-2',,b'$\xe2\x80\x89179.99',,,,"b'Glass front, plastic back, plastic frame'",,,,,,,,,,,,,,,,,,,,,,,,,,,,,,b'$\xe2\x80\x89199.99',,b'$\xe2\x80\x89179.99',,,,,,,
,,,,,,,,,,,,,,,,,,,,,,,,,,,,,,,,,,,,,,,,,,,,,,,,,,,,,,,,,,,,,,,,,,,,,,,,,,,,,,,,,,,,,,
b'motorola',b'Motorola One Fusion+',b'https://fdn2.gsmarena.com/vv/bigpic/motorola-one-fusion-plus.jpg',b'GSM / HSPA / LTE',b'GSM 850 / 900 / 1800 / 1900 - SIM 1 & SIM 2 (dual-SIM model only)',b'HSDPA 800 / 850 / 900 / 1900 / 2100 International',"b'1, 2, 3, 5, 7, 8, 19, 20, 38, 40, 41 - Europe, India'","b'HSPA 42.2/5.76 Mbps, LTE-A Cat4 150/50 Mbps'","b'2020, June 08'","b'Available. Released 2020, June 08'",b'162.9 x 76.4 x 9.6 mm (6.41 x 3.01 x 0.38 in)',b'210 g (7.41 oz)',"b'Single SIM (Nano-SIM) or Hybrid Dual SIM (Nano-SIM, dual stand-by)'","b'IPS LCD, HDR10'","b'6.5 inches, 103.7 cm2 (~83.3% screen-to-body ratio)'","b'1080 x 2340 pixels, 19.5:9 ratio (~396 ppi density)'",,b'Android 10',b'Qualcomm SDM730 Snapdragon 730 (8 nm) - EuropeQualcomm SDM730 Snapdragon 730G (8 nm) - India',b'Octa-core (2x2.2 GHz Kryo 470 Gold & 6x1.8 GHz Kryo 470 Silver)',b'Adreno 618',b'microSDXC (uses shared SIM slot)',"b'128GB 4GB RAM, 128GB 6GB RAM'",b'HSDPA 850 / 900 / 1700(AWS) / 1900 / 2100 LATAM',"b'64 MP, f/1.8, (wide), 1/1.72"", 0.8\xc2\xb5m, PDAF 8 MP, f/2.2, 118\xcb\x9a (ultrawide), 1/4.0"", 1.12\xc2\xb5m 5 MP, f/2.2, (macro) 2 MP, f/2.2, (depth)'","b'LED flash, panorama, HDR'","b'4K@30fps, 1080p@30/60fps'","b'Motorized pop-up 16 MP, f/2.0, (wide), 1/3.06"", 1.0\xc2\xb5m'",b'1080p@30fps',b'Yes',b'Yes',"b'Wi-Fi 802.11 a/b/g/n/ac, dual-band, Wi-Fi Direct, hotspot'","b'5.0, A2DP, LE'","b'Yes, with A-GPS, GLONASS, GALILEO, BDS, LTEPP, SUPL'",b'No',b'FM radio (market/region dependent)',"b'USB Type-C 2.0, USB On-The-Go'","b'Fingerprint (rear-mounted), accelerometer, gyro, proximity'","b'Li-Po 5000 mAh, non-removable'",b'Fast charging 15W',"b'Moonlight White, Twilight Blue'",b'PAKF0002IN',b'0.52 W/kg (head) \xc2\xa0 \xc2\xa0 1.43 W/kg (body)',b'$\xe2\x80\x89299.00 / \xc2\xa3\xe2\x80\x89219.00',,,,"b'Glass front, plastic back, plastic frame'",,,,,,,,,,,,,"b'1, 2, 3, 4, 5, 7, 8, 19, 28, 66 - LATAM'",b'UFS 2.1',,,b'Contrast ratio: 1423:1 (nominal)',b'Photo / Video',b'Endurance rating 136h',b'AnTuTu: 267980 (v8) GeekBench: 1705 (v5.1) GFXBench: 14fps (ES 3.1 onscreen)',b'-27.9 LUFS (Good)',,,,,,,,b'$\xe2\x80\x89299.00',,,,,,,,,,
,,,,,,,,,,,,,,,,,,,,,,,,,,,,,,,,,,,,,,,,,,,,,,,,,,,,,,,,,,,,,,,,,,,,,,,,,,,,,,,,,,,,,,
b'motorola',b'Motorola One Vision Plus',b'https://fdn2.gsmarena.com/vv/bigpic/motorola-moto-g8-plus.jpg',b'GSM / HSPA / LTE',b'GSM 850 / 900 / 1800 / 1900 - SIM 1 & SIM 2',b'HSDPA 850 / 900 / 1700(AWS) / 1900 / 2100',"b'1, 2, 3, 4, 5, 7, 8, 18, 19, 20, 26, 28, 38, 40, 41'","b'HSPA 42.2/5.76 Mbps, LTE-A (2CA) Cat13 600/100 Mbps'","b'2020, July 10'","b'Available. Released 2020, July 13'",b'158.4 x 75.8 x 9.1 mm (6.24 x 2.98 x 0.36 in)',b'188 g (6.63 oz)',"b'Hybrid Dual SIM (Nano-SIM, dual stand-by)'",b'LTPS IPS LCD',"b'6.3 inches, 99.1 cm2 (~82.5% screen-to-body ratio)'","b'1080 x 2280 pixels, 19:9 ratio (~400 ppi density)'",,"b'Android 9.0 (Pie), upgradable to Android 10'",b'Qualcomm SDM665 Snapdragon 665 (11 nm)',b'Octa-core (4x2.0 GHz Kryo 260 Gold & 4x1.8 GHz Kryo 260 Silver)',b'Adreno 610',b'microSDXC (uses shared SIM slot)',b'128GB 4GB RAM',b'Water-repellent coating',,"b'LED flash, HDR, panorama'","b'4K@30fps, 1080p@30/60/120fps, 1080p@30fps (gyro-EIS)'","b'25 MP, f/2.0, 0.9\xc2\xb5m'",b'1080p@30/120fps',"b'Yes, with stereo speakers'",b'Yes',"b'Wi-Fi 802.11 a/b/g/n/ac, dual-band, Wi-Fi Direct, hotspot'","b'5.0, A2DP, LE, aptX'","b'Yes, with A-GPS, GLONASS, BDS, GALILEO'",b'Yes',b'FM radio',"b'USB Type-C 2.0, USB On-The-Go'","b'Fingerprint (rear-mounted), accelerometer, gyro, proximity, compass'","b'Li-Po 4000 mAh, non-removable'",b'Fast charging 15W',"b'Cosmic Blue, Crystal Pink'",,,b'About 170 EUR',,b'HDR',,"b'Glass front, plastic back, plastic frame'",,,,,,,,,,,,,,,,,,,,,,,,,,,,"b'48 MP, f/1.7, 26mm (wide), 1/2.0"", 0.8\xc2\xb5m, PDAF, Laser AF 16 MP, f/2.2, 14mm (ultrawide), dedicated video camera (1080p) 5 MP, f/2.2, (depth)'",,,,,,,,,,,
,,,,,,,,,,,,,,,,,,,,,,,,,,,,,,,,,,,,,,,,,,,,,,,,,,,,,,,,,,,,,,,,,,,,,,,,,,,,,,,,,,,,,,
b'motorola',b'Motorola Moto G Fast',b'https://fdn2.gsmarena.com/vv/bigpic/motorola-moto-g-fast.jpg',b'GSM / CDMA / HSPA / EVDO / LTE',b'GSM 850 / 900 / 1800 / 1900 - SIM 1 & SIM 2',b'HSDPA 850 / 900 / 1700(AWS) / 1900 / 2100',"b'1, 2, 3, 4, 5, 7, 8, 12, 13, 14, 17, 25, 26, 29, 30, 38, 41, 66, 71'","b'HSPA 42.2/5.76 Mbps, LTE'","b'2020, June 05'","b'Available. Released 2020, June 12'",b'161.9 x 75.7 x 9.1 mm (6.37 x 2.98 x 0.36 in)',b'189.4 g (6.67 oz)',"b'Hybrid Dual SIM (Nano-SIM, dual stand-by)'",b'IPS LCD',"b'6.4 inches, 100.5 cm2 (~82.0% screen-to-body ratio)'","b'720 x 1560 pixels, 19.5:9 ratio (~268 ppi density)'",,b'Android 10',b'Qualcomm SM6125 Snapdragon 665 (11 nm)',b'Octa-core (4x2.0 GHz Kryo 260 Gold & 4x1.8 GHz Kryo 260 Silver)',b'Adreno 610',b'microSDXC (uses shared SIM slot)',b'32GB 3GB RAM',b'CDMA 800 / 1900',,"b'LED flash, HDR, panorama'","b'4K@30fps, 1080p@30/60fps, gyro-EIS'","b'8 MP, f/2.0, (wide), 1.12\xc2\xb5m'","b'1080p@30fps, gyro-EIS'",b'Yes',b'Yes',"b'Wi-Fi 802.11 a/b/g/n/ac, dual-band, Wi-Fi Direct, hotspot'","b'5.0, A2DP, LE'","b'Yes, with A-GPS, GLONASS, GALILEO, LTEPP, SUPL'",b'No',,b'USB Type-C 2.0',"b'Fingerprint (rear-mounted), accelerometer, gyro, proximity'","b'Li-Po 4000 mAh, non-removable'",b'Charging 10W',b'Pearl White',,,b'$\xe2\x80\x8989.99',,b'HDR',,,,,,,,,,,,,,,b'CDMA2000 1xEV-DO',b'eMMC 5.1',,,,,,,,,,,,,,"b'16 MP, f/1.7, (wide), 1/2.8"", 1.12\xc2\xb5m, PDAF 8 MP, f/2.2, 118\xcb\x9a (ultrawide), 1/4.0"", 1.12\xc2\xb5m 2 MP, f/2.2, (macro)'",,,b'$\xe2\x80\x8989.99',,,,,,,,
,,,,,,,,,,,,,,,,,,,,,,,,,,,,,,,,,,,,,,,,,,,,,,,,,,,,,,,,,,,,,,,,,,,,,,,,,,,,,,,,,,,,,,
b'motorola',b'Motorola Moto E (2020)',b'https://fdn2.gsmarena.com/vv/bigpic/motorola-moto-e-2020.jpg',b'GSM / CDMA / HSPA / EVDO / LTE',b'GSM 850 / 900 / 1800 / 1900',b'HSDPA 850 / 900 / 1700(AWS) / 1900 / 2100',"b'1, 2, 3, 4, 5, 7, 8, 12, 13, 14, 17, 25, 26, 30, 66, 71'","b'HSPA 42.2/5.76 Mbps, LTE'","b'2020, June 05'","b'Available. Released 2020, June 10'",b'159.8 x 76.6 x 8.7 mm (6.29 x 3.02 x 0.34 in)',b'185 g (6.53 oz)',b'Nano-SIM',b'IPS LCD',"b'6.2 inches, 95.9 cm2 (~78.4% screen-to-body ratio)'","b'720 x 1520 pixels, 19:9 ratio (~271 ppi density)'",,b'Android 10',b'Qualcomm SDM632 Snapdragon 632 (14 nm)',b'Octa-core (4x1.8 GHz Kryo 250 Gold & 4x1.8 GHz Kryo 250 Silver)',b'Adreno 506',b'microSDXC (dedicated slot)',b'32GB 2GB RAM',b'CDMA 800 / 1900',,"b'LED flash, HDR, panorama'",b'1080p@30/60fps',"b'5 MP, f/2.0, 1.12\xc2\xb5m'",b'1080p@30fps',b'Yes',b'Yes',"b'Wi-Fi 802.11 a/b/g/n, dual-band, hotspot'","b'4.2, A2DP, LE'","b'Yes, with A-GPS, GLONASS, GALILEO, LTEPP, SUPL'",b'No',,b'microUSB 2.0',"b'Fingerprint (rear-mounted), accelerometer, proximity, compass'","b'Li-Po 3550 mAh, non-removable'",,b'Midnight Blue',,,b'$\xe2\x80\x8989.99',"b'13 MP, f/2.0, 1/3.1"", 1.12\xc2\xb5m, PDAF 2 MP, f/2.2, (depth)'",b'HDR',,"b'Glass front, plastic back, plastic frame'",,,,,,,,,,,,,b'CDMA2000 1xEV-DO',b'eMMC 5.1',,,,,,,,,,,,,,,,,,,b'$\xe2\x80\x8989.99',,,,,,
,,,,,,,,,,,,,,,,,,,,,,,,,,,,,,,,,,,,,,,,,,,,,,,,,,,,,,,,,,,,,,,,,,,,,,,,,,,,,,,,,,,,,,
b'motorola',b'Motorola Moto G Pro',b'https://fdn2.gsmarena.com/vv/bigpic/motorola-moto-g-stylus-.jpg',b'GSM / HSPA / LTE',b'GSM 850 / 900 / 1800 / 1900 - SIM 1 & SIM 2',b'HSDPA 850 / 900 / 1700(AWS) / 1900 / 2100',"b'1, 2, 3, 4, 5, 7, 8, 12, 13, 14, 17, 18, 19, 20, 25, 26, 29, 30, 38, 39, 40, 41, 66, 71'","b'HSPA 42.2/5.76 Mbps, LTE-A (2CA) Cat13 600/100 Mbps'","b'2020, May 26'","b'Available. Released 2020, June 15'",b'158.6 x 75.8 x 9.2 mm (6.24 x 2.98 x 0.36 in)',b'192 g (6.77 oz)',"b'Hybrid Dual SIM (Nano-SIM, dual stand-by)'",b'IPS LCD',"b'6.4 inches, 100.7 cm2 (~83.7% screen-to-body ratio)'",b'1080 x 2300 pixels (~399 ppi density)',,"b'Android 10, upgradable to Android 11, Android One'",b'Qualcomm SDM665 Snapdragon 665 (11 nm)',b'Octa-core (4x2.0 GHz Kryo 260 Gold & 4x1.8 GHz Kryo 260 Silver)',b'Adreno 610',b'microSDXC (uses shared SIM slot)',b'128GB 4GB RAM',b'Stylus Water-repellent coating',,"b'LED flash, HDR, panorama'","b'4K@30fps, 1080p@30/60/120fps, 1080p@30fps (gyro-EIS)'","b'16 MP, f/2.0, (wide), 1/3.06"", 1.0\xc2\xb5m'",b'1080p@30fps',"b'Yes, with stereo speakers'",b'Yes',"b'Wi-Fi 802.11 a/b/g/n/ac, dual-band, Wi-Fi Direct, hotspot'","b'5.0, A2DP, LE'","b'Yes, with A-GPS, GLONASS, BDS, GALILEO'",b'Yes',b'FM radio',b'USB Type-C 2.0',"b'Fingerprint (rear-mounted), accelerometer, gyro, proximity'","b'Li-Po 4000 mAh, non-removable'",b'Fast charging 15W',b'Mystic indigo',,,b'$\xe2\x80\x89248.40 / \xe2\x82\xac\xe2\x80\x89221.63 / \xc2\xa3\xe2\x80\x89179.99',,b'HDR',,"b'Glass front, plastic back, aluminum frame (6000 series)'",,,,,,,,,,,,,,,,,b'Contrast ratio: 1422:1',b'Photo / Video',b'Endurance rating 88h',b'AnTuTu: 173611 (v8) GeekBench: 1385 (v5.1) GFXBench: 6.6fps (ES 3.1 onscreen)',b'-24.5 LUFS (Very good)',,,,,,,"b'48 MP, f/1.7, 26mm (wide), 1/2.0"", 0.8\xc2\xb5m, PDAF, Laser AF 16 MP, f/2.2, 117\xcb\x9a (ultrawide), dedicated video camera (1080p) 2 MP, f/2.2, (macro)'",,b'$\xe2\x80\x89248.40',,,,,,,,,
,,,,,,,,,,,,,,,,,,,,,,,,,,,,,,,,,,,,,,,,,,,,,,,,,,,,,,,,,,,,,,,,,,,,,,,,,,,,,,,,,,,,,,
b'motorola',b'Motorola Edge+',b'https://fdn2.gsmarena.com/vv/bigpic/motorola-edge-plus.jpg',b'GSM / CDMA / HSPA / EVDO / LTE / 5G',b'GSM 850 / 900 / 1800 / 1900',b'HSDPA 850 / 900 / 1700(AWS) / 1900 / 2100 - Global',"b'1, 2, 3, 4, 5, 7, 8, 12, 13, 17, 20, 25, 26, 28, 29, 30, 34, 38, 39, 40, 41, 42, 46, 66, 71 - Global'","b'HSPA 42.2/5.76 Mbps, LTE-A (6CA) Cat20 2000/200 Mbps, 5G 4 Gbps DL'","b'2020, April 22'","b'Available. Released 2020, May 14'",b'161.1 x 71.4 x 9.6 mm (6.34 x 2.81 x 0.38 in)',b'203 g (7.16 oz)',b'Nano-SIM',"b'OLED, 1B colors, 90Hz, HDR10+'","b'6.7 inches, 110.2 cm2 (~95.8% screen-to-body ratio)'","b'1080 x 2340 pixels, 19.5:9 ratio (~385 ppi density)'",b'Corning Gorilla Glass 5',b'Android 10',b'Qualcomm SM8250 Snapdragon 865 (7 nm+)',b'Octa-core (1x2.84 GHz Kryo 585 & 3x2.42 GHz Kryo 585 & 4x1.8 GHz Kryo 585)',b'Adreno 650',b'No',b'256GB 12GB RAM',b'CDMA 800 / 1900',"b'108 MP, f/1.8, (wide), 1/1.33"", 0.8\xc2\xb5m, PDAF, OIS 8 MP, f/2.4, 81mm (telephoto), 3x optical zoom, PDAF, OIS 16 MP, f/2.2, 13mm (ultrawide), 1.0\xc2\xb5m, AF TOF 3D, (depth)'","b'Dual-LED dual-tone flash, panorama, HDR'","b'6K@30fps, 4K@30fps, 1080p@30/60/120fps, gyro-EIS'","b'25 MP, f/2.0, (wide), 0.9\xc2\xb5m'",b'1080p@30/120fps',"b'Yes, with stereo speakers'",b'Yes',"b'Wi-Fi 802.11 a/b/g/n/ac/6, dual-band, Wi-Fi Direct, hotspot'","b'5.1, A2DP, LE'","b'Yes, with dual-band A-GPS, GLONASS, BDS, GALILEO'",b'Yes',b'No',b'USB Type-C 3.1',"b'Fingerprint (under display, optical), accelerometer, gyro, proximity, compass, barometer'","b'Li-Po 5000 mAh, non-removable'",b'Fast charging 18W Fast wireless charging 15W Reverse wireless charging 5W',"b'Smokey Sangria, Thunder Grey, Baltic Gray'",,,"b'\xe2\x82\xb9\xe2\x80\x8958,499'",,b'HDR',,"b'Glass front (Gorilla Glass 5), aluminum frame'",,,,,,,,,,,,,b'HSDPA 850 / 900 / 1900 / 2100 - Verizon',b'UFS 3.0',,,b'Contrast ratio: Infinite (nominal)',b'Photo / Video',b'Endurance rating 100h',b'AnTuTu: 574155 (v8) GeekBench: 3295 (v5.1) GFXBench: 48fps (ES 3.1 onscreen)',b'-25.3 LUFS (Very good)',,,,,,"b'5, 41, 66, 71, 77, 78 Sub6 - Global'",,,,,,,,"b'\xe2\x82\xb9\xe2\x80\x8958,499'",,,,
,,,,,,,,,,,,,,,,,,,,,,,,,,,,,,,,,,,,,,,,,,,,,,,,,,,,,,,,,,,,,,,,,,,,,,,,,,,,,,,,,,,,,,
b'motorola',b'Motorola Edge',b'https://fdn2.gsmarena.com/vv/bigpic/motorola-edge-midnight-magenta.jpg',b'GSM / CDMA / HSPA / EVDO / LTE / 5G',b'GSM 850 / 900 / 1800 / 1900 - SIM 1 & SIM 2',b'HSDPA 850 / 900 / 1700(AWS) / 1900 / 2100',"b'1, 2, 3, 4, 5, 7, 8, 12, 13, 17, 20, 25, 26, 28, 32, 38, 39, 40, 41, 66, 71'","b'HSPA 42.2/5.76 Mbps, LTE-A (5CA) Cat16 1000/150 Mbps, 5G'","b'2020, April 22'","b'Available. Released 2020, May 29'",b'161.6 x 71.1 x 9.3 mm (6.36 x 2.80 x 0.37 in)',b'188 g (6.63 oz)',"b'Hybrid Dual SIM (Nano-SIM, dual stand-by)'","b'OLED, 90Hz, HDR10'","b'6.7 inches, 110.2 cm2 (~95.9% screen-to-body ratio)'","b'1080 x 2340 pixels, 19.5:9 ratio (~385 ppi density)'",b'Corning Gorilla Glass 5',b'Android 10',b'Qualcomm SM7250 Snapdragon 765G (7 nm)',b'Octa-core (1x2.4 GHz Kryo 475 Prime & 1x2.2 GHz Kryo 475 Gold & 6x1.8 GHz Kryo 475 Silver)',b'Adreno 620',b'microSDXC (uses shared SIM slot)',"b'128GB 4GB RAM, 128GB 6GB RAM, 256GB 6GB RAM'",b'CDMA 800 / 1900',"b'64 MP, f/1.8, (wide), 1/1.72"", 0.8\xc2\xb5m, PDAF 8 MP, f/2.4, 52mm (telephoto), 1.12\xc2\xb5m, 2x optical zoom, PDAF 16 MP, f/2.2, 13mm (ultrawide), 1.0\xc2\xb5m TOF 3D, (depth)'","b'LED flash, panorama, HDR'","b'4K@30fps, 1080p@30/60fps'","b'25 MP, f/2.0, (wide), 0.9\xc2\xb5m'",b'1080p@30fps',"b'Yes, with stereo speakers'",b'Yes',"b'Wi-Fi 802.11 a/b/g/n/ac, dual-band, Wi-Fi Direct, hotspot'","b'5.1, A2DP, LE'","b'Yes, with A-GPS, GLONASS, GALILEO, BDS, LTEPP, SUPL'",b'Yes',b'FM radio',b'USB Type-C 2.0',"b'Fingerprint (under display, optical), accelerometer, gyro, proximity'","b'Li-Po 4500 mAh, non-removable'",b'Fast charging 18W',"b'Solar Black, Midnight Magenta'",b'XT2063-3',,b'$\xe2\x80\x89439.99 / \xe2\x82\xac\xe2\x80\x89449.99 / \xc2\xa3\xe2\x80\x89449.95',,b'HDR',,"b'Glass front (Gorilla Glass 5), aluminum frame, plastic back'",,,,,,,,,,,,,b'CDMA2000 1xEV-DO',b'UFS 2.1',,,b'Contrast ratio: Infinite (nominal)',b'Photo / Video',b'Endurance rating 102h',b'AnTuTu: 305989 (v8) GeekBench: 1862 (v5.1) GFXBench: 18fps (ES 3.1 onscreen)',b'-30.4 LUFS (Below average)',,,,,,"b'1, 2, 3, 5, 7, 25, 28, 38, 41, 66, 71, 78 Sub6'",,b'$\xe2\x80\x89439.99',,,,,,,b'$\xe2\x80\x89494.03',,,
,,,,,,,,,,,,,,,,,,,,,,,,,,,,,,,,,,,,,,,,,,,,,,,,,,,,,,,,,,,,,,,,,,,,,,,,,,,,,,,,,,,,,,
b'motorola',b'Motorola Moto G8 Power Lite',b'https://fdn2.gsmarena.com/vv/bigpic/motorola-moto-g8-power-lite.jpg',b'GSM / HSPA / LTE',b'GSM 850 / 900 / 1800 / 1900 - SIM 1 & SIM 2 (dual-SIM model only)',b'HSDPA 850 / 900 / 1900 / 2100',b'LTE',"b'HSPA 42.2/5.76 Mbps, LTE'","b'2020, April 03'","b'Available. Released 2020, April 03'",b'164.9 x 75.8 x 9.2 mm (6.49 x 2.98 x 0.36 in)',b'200 g (7.05 oz)',"b'Single SIM (Nano-SIM) or Dual SIM (Nano-SIM, dual stand-by)'",b'IPS LCD',"b'6.5 inches, 102.8 cm2 (~82.2% screen-to-body ratio)'","b'720 x 1600 pixels, 20:9 ratio (~269 ppi density)'",,b'Android 9.0 (Pie)',b'Mediatek MT6765 Helio P35 (12nm)',b'Octa-core (4x2.3 GHz Cortex-A53 & 4x1.8 GHz Cortex-A53)',b'PowerVR GE8320',b'microSDXC (dedicated slot)',b'64GB 4GB RAM',b'Water-repellent coating',,"b'LED flash, HDR, panorama'",b'1080p@30fps',"b'8 MP, f/2.0, (wide), 1.12\xc2\xb5m'",b'1080p@30fps',b'Yes',b'Yes',"b'Wi-Fi 802.11 b/g/n, Wi-Fi Direct, hotspot'","b'4.2, A2DP, LE'","b'Yes, with A-GPS, GLONASS, GALILEO, LTEPP, SUPL'",b'No',b'FM radio',b'microUSB 2.0',"b'Fingerprint (rear-mounted), accelerometer, gyro, proximity'","b'Li-Po 5000 mAh, non-removable'",b'Charging 10W',"b'Arctic Blue, Royal Blue'",b'XT2055-2',,b'$\xe2\x80\x89174.95 / \xe2\x82\xac\xe2\x80\x89142.89 / \xc2\xa3\xe2\x80\x8999.95',,b'HDR',,"b'Glass front, plastic back, plastic frame'",,,,,,,,,,,,,b'eMMC 5.1',,,,,,,,,,,,,,,"b'16 MP, f/2.0, (wide), 1.0\xc2\xb5m, PDAF 2 MP, f/2.4, (macro) 2 MP, f/2.4, (depth)'",,,,b'$\xe2\x80\x89174.95',,,,,,,
,,,,,,,,,,,,,,,,,,,,,,,,,,,,,,,,,,,,,,,,,,,,,,,,,,,,,,,,,,,,,,,,,,,,,,,,,,,,,,,,,,,,,,
b'motorola',b'Motorola Moto E6s (2020)',b'https://fdn2.gsmarena.com/vv/bigpic/motorola-moto-e6s-2020.jpg',b'GSM / HSPA / LTE',b'GSM 850 / 900 / 1800 / 1900 - SIM 1 & SIM 2 (dual-SIM model only)',b'HSDPA 850 / 900 / 1900 / 2100',"b'1, 3, 5, 7, 8, 20, 38, 40, 41'","b'HSPA 42.2/5.76 Mbps, LTE-A'","b'2020, March 17'","b'Available. Released 2020, April 27'",b'155.6 x 73 x 8.5 mm (6.13 x 2.87 x 0.33 in)',b'160 g (5.64 oz)',"b'Single SIM (Nano-SIM) or Dual SIM (Nano-SIM, dual stand-by)'",b'IPS LCD',"b'6.1 inches, 91.3 cm2 (~80.4% screen-to-body ratio)'","b'720 x 1560 pixels, 19.5:9 ratio (~282 ppi density)'",,b'Android 9.0 (Pie)',b'Mediatek MT6762 Helio P22 (12 nm)',b'Octa-core 2.0 GHz Cortex-A53',b'PowerVR GE8320',b'microSDXC (dedicated slot)',"b'32GB 2GB RAM, 64GB 4GB RAM'",b'Water-repellent coating',,"b'LED flash, HDR, panorama'",b'1080p@30fps',"b'5 MP, f/2.2, 1.12\xc2\xb5m'",b'1080p@30fps',b'Yes',b'Yes',"b'Wi-Fi 802.11 b/g/n, hotspot'","b'4.2, A2DP, LE'","b'Yes, with A-GPS, GLONASS'",b'No',b'FM radio',"b'microUSB 2.0, USB On-The-Go'","b'Fingerprint (rear-mounted), accelerometer, proximity'","b'Li-Po 3000 mAh, removable'",,"b'Peacock Blue, Sunrise Red'",,,b'$\xe2\x80\x89100.07 / \xc2\xa3\xe2\x80\x8999.99',"b'13 MP, f/2.2, 1/3.1"", 1.12\xc2\xb5m, PDAF 2 MP, (depth)'","b'HDR , panorama'",,"b'Glass front, plastic back, plastic frame'",,,,,,,,,,,,,b'eMMC 5.1',,,,,,,,,,,,,,,,,,,b'$\xe2\x80\x89358.50',b'$\xe2\x80\x89100.07',,,,,,
,,,,,,,,,,,,,,,,,,,,,,,,,,,,,,,,,,,,,,,,,,,,,,,,,,,,,,,,,,,,,,,,,,,,,,,,,,,,,,,,,,,,,,
b'motorola',b'Motorola Moto G8',b'https://fdn2.gsmarena.com/vv/bigpic/motorola-moto-g8.jpg',b'GSM / HSPA / LTE',b'GSM 850 / 900 / 1800 / 1900 - SIM 1 & SIM 2',b'HSDPA 850 / 900 / 1700(AWS) / 1900 / 2100',"b'1, 2, 3, 4, 5, 7, 8, 20, 38, 40, 41 - Europe'","b'HSPA 42.2/5.76 Mbps, LTE-A'","b'2020, March 05'","b'Available. Released 2020, March 05'",b'161.3 x 75.8 x 9 mm (6.35 x 2.98 x 0.35 in)',b'188.3 g (6.63 oz)',"b'Hybrid Dual SIM (Nano-SIM, dual stand-by)'",b'IPS LCD',"b'6.4 inches, 100.5 cm2 (~82.2% screen-to-body ratio)'","b'720 x 1560 pixels, 19.5:9 ratio (~268 ppi density)'",,b'Android 10',b'Qualcomm SM6125 Snapdragon 665 (11 nm)',b'Octa-core (4x2.0 GHz Kryo 260 Gold & 4x1.8 GHz Kryo 260 Silver)',b'Adreno 610',b'microSDXC (uses shared SIM slot)',b'64GB 4GB RAM',"b'1, 2, 3, 4, 5, 7, 8, 28, 66 - USA'",,"b'LED flash, HDR, panorama'","b'4K@30fps, 1080p@30/60fps'","b'8 MP, f/2.0, 1.12\xc2\xb5m'",b'1080p@30fps',b'Yes',b'Yes',"b'Wi-Fi 802.11 b/g/n, Wi-Fi Direct, hotspot'","b'5.0, A2DP, LE'","b'Yes, with A-GPS, GLONASS, BDS, GALILEO'",b'No',b'FM radio',b'USB Type-C 2.0',"b'Fingerprint (rear-mounted), accelerometer, gyro, proximity'","b'Li-Po 4000 mAh, non-removable'",b'Charging 10W',"b'White Prism, Capri Blue, Pearl White, Neon Blue'",b'XT2045-1',,b'\xe2\x82\xac\xe2\x80\x89156.00 / \xc2\xa3\xe2\x80\x89119.99',,b'HDR',,"b'Glass front, plastic back, plastic frame'",,,,,,,,,,,,,b'Water-repellent coating',b'eMMC 5.1',,,,,,,,,,,,,,"b'16 MP, f/1.7, (wide), 1/2.8"", 1.12\xc2\xb5m, PDAF, Laser AF 8 MP, f/2.2, 118\xcb\x9a (ultrawide), 1/4.0"", 1.12\xc2\xb5m 2 MP, f/2.2, (macro)'",,,,b'\xe2\x82\xac\xe2\x80\x89156.00',,,,,,,
,,,,,,,,,,,,,,,,,,,,,,,,,,,,,,,,,,,,,,,,,,,,,,,,,,,,,,,,,,,,,,,,,,,,,,,,,,,,,,,,,,,,,,
b'motorola',b'Motorola Moto G Stylus',b'https://fdn2.gsmarena.com/vv/bigpic/motorola-moto-g-stylus-.jpg',b'GSM / CDMA / HSPA / EVDO / LTE',b'GSM 850 / 900 / 1800 / 1900',b'HSDPA 850 / 900 / 1700(AWS) / 1900 / 2100',"b'1, 2, 3, 4, 5, 7, 8, 12, 13, 14, 17, 18, 19, 20, 25, 26, 29, 30, 38, 39, 40, 41, 66, 71'","b'HSPA 42.2/5.76 Mbps, LTE-A (2CA) Cat13 600/100 Mbps'","b'2020, February 07'","b'Available. Released 2020, April 16'",b'158.6 x 75.8 x 9.2 mm (6.24 x 2.98 x 0.36 in)',b'192 g (6.77 oz)',b'Nano-SIM',b'IPS LCD',"b'6.4 inches, 100.7 cm2 (~83.7% screen-to-body ratio)'",b'1080 x 2300 pixels (~399 ppi density)',,b'Android 10',b'Qualcomm SDM665 Snapdragon 665 (11 nm)',b'Octa-core (4x2.0 GHz Kryo 260 Gold & 4x1.8 GHz Kryo 260 Silver)',b'Adreno 610',b'microSDXC (dedicated slot)',b'128GB 4GB RAM',b'CDMA 800 / 1900',,"b'LED flash, HDR, panorama'","b'4K@30fps, 1080p@30/60/120fps, 1080p@30fps (gyro-EIS)'","b'16 MP, f/2.0, (wide), 1/3.06"", 1.0\xc2\xb5m'",b'1080p@30fps',"b'Yes, with stereo speakers'",b'Yes',"b'Wi-Fi 802.11 a/b/g/n/ac, dual-band, Wi-Fi Direct, hotspot'","b'5.0, A2DP, LE'","b'Yes, with A-GPS, GLONASS, BDS, GALILEO'",b'No',b'FM radio',b'USB Type-C 2.0',"b'Fingerprint (rear-mounted), accelerometer, gyro, proximity'","b'Li-Po 4000 mAh, non-removable'",b'Charging 10W',b'Mystic indigo',"b'XT2043, XT2043-4'",,b'$\xe2\x80\x89179.99 / \xe2\x82\xac\xe2\x80\x8965.98',,b'HDR',,"b'Glass front, plastic back, aluminum frame (6000 series)'",,,,,,,,,,,,,b'CDMA2000 1xEV-DO',b'Stylus Water-repellent coating',,,,,,,,,,,,,,"b'48 MP, f/1.7, 26mm (wide), 1/2.0"", 0.8\xc2\xb5m, PDAF, Laser AF 16 MP, f/2.2, 117\xcb\x9a (ultrawide), dedicated video camera (1080p) 2 MP, f/2.2, (macro)'",,b'$\xe2\x80\x89179.99',,,,,,,,,
,,,,,,,,,,,,,,,,,,,,,,,,,,,,,,,,,,,,,,,,,,,,,,,,,,,,,,,,,,,,,,,,,,,,,,,,,,,,,,,,,,,,,,
b'motorola',b'Motorola Moto G Power',b'https://fdn2.gsmarena.com/vv/bigpic/motorola-moto-g-power.jpg',b'GSM / CDMA / HSPA / EVDO / LTE',b'GSM 850 / 900 / 1800 / 1900',b'HSDPA 850 / 900 / 1700(AWS) / 1900 / 2100',"b'1, 2, 3, 4, 5, 7, 8, 12, 13, 14, 17, 18, 19, 20, 25, 26, 29, 30, 38, 39, 40, 41, 66, 71'","b'HSPA 42.2/5.76 Mbps, LTE-A (2CA) Cat13 600/100 Mbps'","b'2020, February 07'","b'Available. Released 2020, April 17'",b'159.9 x 75.8 x 9.6 mm (6.30 x 2.98 x 0.38 in)',b'199 g (7.02 oz)',b'Nano-SIM',b'IPS LCD',"b'6.4 inches, 100.7 cm2 (~83.0% screen-to-body ratio)'",b'1080 x 2300 pixels (~399 ppi density)',,b'Android 10',b'Qualcomm SDM665 Snapdragon 665 (11 nm)',b'Octa-core (4x2.0 GHz Kryo 260 Gold & 4x1.8 GHz Kryo 260 Silver)',b'Adreno 610',b'microSDXC (dedicated slot)',b'64GB 4GB RAM',b'CDMA 800 / 1900',,"b'LED flash, HDR, panorama'","b'4K@30fps, 1080p@30/60fps, 1080p@30fps (gyro-EIS)'","b'16 MP, f/2.0, (wide), 1/3.06"", 1.0\xc2\xb5m'",b'1080p@30/120fps',"b'Yes, with stereo speakers'",b'Yes',"b'Wi-Fi 802.11 a/b/g/n/ac, dual-band, Wi-Fi Direct, hotspot'","b'5.0, A2DP, LE'","b'Yes, with A-GPS, GLONASS, BDS, GALILEO'",b'No',b'FM radio',b'USB Type-C 2.0',"b'Fingerprint (rear-mounted), accelerometer, gyro, proximity'","b'Li-Po 5000 mAh, non-removable'",b'Charging 10W',b'Smoke Black',b'XT2041DL',,b'$\xe2\x80\x89129.99',,b'HDR',,"b'Glass front, plastic back, aluminum frame (6000 series)'",,,,,,,,,,,,,b'CDMA2000 1xEV-DO',b'eMMC 5.1',,,,,,,,,,,,,,"b'16 MP, f/1.7, (wide), 1/2.8"", 1.12\xc2\xb5m, PDAF 8 MP, f/2.2, 118\xcb\x9a (ultrawide), 1/4.0"", 1.12\xc2\xb5m 2 MP, f/2.2, (macro)'",,,,b'$\xe2\x80\x89129.99',,,,,,,
,,,,,,,,,,,,,,,,,,,,,,,,,,,,,,,,,,,,,,,,,,,,,,,,,,,,,,,,,,,,,,,,,,,,,,,,,,,,,,,,,,,,,,
b'motorola',b'Motorola Moto G8 Power',b'https://fdn2.gsmarena.com/vv/bigpic/motorola-moto-g-power-r.jpg',b'GSM / HSPA / LTE',b'GSM 850 / 900 / 1800 / 1900 - SIM 1 & SIM 2',b'HSDPA 850 / 900 / 1700(AWS) / 1900 / 2100',"b'1, 2, 3, 4, 5, 7, 8, 12, 17, 28, 66'","b'HSPA 42.2/5.76 Mbps, LTE-A (2CA) Cat13 600/100 Mbps'","b'2020, February 07'","b'Available. Released 2020, April 16'",b'156 x 75.8 x 9.6 mm (6.14 x 2.98 x 0.38 in)',b'197 g (6.95 oz)',"b'Hybrid Dual SIM (Nano-SIM, dual stand-by)'",b'IPS LCD',"b'6.4 inches, 100.7 cm2 (~85.1% screen-to-body ratio)'",b'1080 x 2300 pixels (~399 ppi density)',,"b'Android 10, upgradable to Android 11'",b'Qualcomm SDM665 Snapdragon 665 (11 nm)',b'Octa-core (4x2.0 GHz Kryo 260 Gold & 4x1.8 GHz Kryo 260 Silver)',b'Adreno 610',b'microSDXC (uses shared SIM slot)',b'64GB 4GB RAM',"b'1, 2, 3, 4, 5, 7, 8, 18, 19, 20, 26, 28, 38, 40, 41'","b'16 MP, f/1.7, (wide), 1/2.8"", 1.12\xc2\xb5m, PDAF 8 MP, f/2.2, (telephoto), 1/4.0"", 1.12\xc2\xb5m, PDAF, 2x optical zoom 8 MP, f/2.2, 118\xcb\x9a (ultrawide), 1/4.0"", 1.12\xc2\xb5m 2 MP, f/2.2, (macro)'","b'LED flash, HDR, panorama'","b'4K@30fps, 1080p@30/60fps, 1080p@30fps (gyro-EIS)'","b'16 MP, f/2.0, (wide), 1/3.06"", 1.0\xc2\xb5m'",b'1080p@30fps',"b'Yes, with stereo speakers'",b'Yes',"b'Wi-Fi 802.11 b/g/n, Wi-Fi Direct, hotspot'","b'5.0, A2DP, LE'","b'Yes, with A-GPS, GLONASS, BDS, GALILEO'",b'No',b'FM radio',b'USB Type-C 2.0',"b'Fingerprint (rear-mounted), accelerometer, gyro, proximity'","b'Li-Po 5000 mAh, non-removable'",b'Fast charging 18W',"b'Smoke Black, Capri Blue'",,,b'$\xe2\x80\x89169.99 / \xe2\x82\xac\xe2\x80\x89168.00 / \xc2\xa3\xe2\x80\x89155.00',,b'HDR',,"b'Glass front, plastic back, aluminum frame (6000 series)'",,,,,,,,,,,,,b'Water-repellent coating',b'eMMC 5.1',,,b'Contrast ratio: 1466:1 (nominal)',b'Photo / Video',b'Endurance rating 136h',b'AnTuTu: 173607 (v8) GeekBench: 1394 (v5.1) GFXBench: 6.6fps (ES 3.1 onscreen)',b'-24.6 LUFS (Very good)',,,,,,,,,,,b'$\xe2\x80\x89169.99',,,,,,,
,,,,,,,,,,,,,,,,,,,,,,,,,,,,,,,,,,,,,,,,,,,,,,,,,,,,,,,,,,,,,,,,,,,,,,,,,,,,,,,,,,,,,,
b'motorola',b'Motorola One Hyper',b'https://fdn2.gsmarena.com/vv/bigpic/motorola-one-hyper-.jpg',b'GSM / CDMA / HSPA / EVDO / LTE',b'GSM 850 / 900 / 1800 / 1900 - SIM 1 & SIM 2 (dual-SIM model only)',b'HSDPA 850 / 900 / 1900 / 2100',"b'1, 2, 3, 4, 5, 7, 8, 12, 17, 28, 66 - USA'","b'HSPA 42.2/5.76 Mbps, LTE-A'","b'2019, December 04'","b'Available. Released 2020, January 22'",b'161.8 x 76.6 x 8.9 mm (6.37 x 3.02 x 0.35 in)',b'210 g (7.41 oz)',"b'Single SIM (Nano-SIM) or Hybrid Dual SIM (Nano-SIM, dual stand-by)'",b'IPS LCD',"b'6.5 inches, 103.7 cm2 (~83.7% screen-to-body ratio)'","b'1080 x 2340 pixels, 19.5:9 ratio (~396 ppi density)'",,b'Android 10',b'Qualcomm SDM675 Snapdragon 675 (11 nm)',b'Octa-core (2x2.0 GHz Kryo 460 Gold & 6x1.7 GHz Kryo 460 Silver)',b'Adreno 612',b'microSDXC (uses shared SIM slot)',b'128GB 4GB RAM',b'CDMA 800 / 1900',,"b'LED flash, HDR, panorama'","b'4K@30fps, 1080p@30/60fps'","b'Motorized pop-up 32 MP, f/2.0, 26mm (wide), 0.8\xc2\xb5m'",b'1080p@30/60fps',b'Yes',b'Yes',"b'Wi-Fi 802.11 a/b/g/n/ac, dual-band, Wi-Fi Direct, hotspot'","b'5.0, A2DP, LE, EDR'","b'Yes, with A-GPS, GLONASS, GALILEO, BDS'",b'Yes',b'Yes',b'USB Type-C 2.0',"b'Fingerprint (rear-mounted), accelerometer, gyro, proximity, compass'","b'Li-Po 4000 mAh, non-removable'",b'Fast charging 45W - USA Fast charging 27W - Europe',"b'Fresh Orchid, Deepsea Blue, Dark Amber'","b'XT2027, XT2027-1'",b'1.01 W/kg (head) \xc2\xa0 \xc2\xa0 1.40 W/kg (body)',b'$\xe2\x80\x89278.99 / \xc2\xa3\xe2\x80\x89248.00',"b'64 MP, f/1.8, (wide), 1/1.72"", 0.8\xc2\xb5m, PDAF, Laser AF 8 MP, f/2.2, 13mm (ultrawide), 1/4.0"", 1.12\xc2\xb5m'",b'HDR',,"b'Glass front, plastic back, plastic frame'",,,,,b'0.59 W/kg (head) \xc2\xa0 \xc2\xa0 0.88 W/kg (body)',,,,,,,,b'HSDPA 850 / 900 / 1700(AWS) / 1900 / 2100 - USA',b'UFS 2.0',,,,,,,,,,,,,,,,b'$\xe2\x80\x89278.99',,,,,,,,,
,,,,,,,,,,,,,,,,,,,,,,,,,,,,,,,,,,,,,,,,,,,,,,,,,,,,,,,,,,,,,,,,,,,,,,,,,,,,,,,,,,,,,,
b'motorola',b'Motorola Razr 2019',b'https://fdn2.gsmarena.com/vv/bigpic/motorola-razr-2019-.jpg',b'GSM / CDMA / HSPA / EVDO / LTE',b'GSM 900 / 1800 / 1900 - SIM 1 & SIM 2',b'HSDPA 850 / 900 / 1700(AWS) / 1900 / 2100',"b'1, 2, 3, 4, 5, 7, 8, 13, 20, 28, 38, 66 - MEA'","b'HSPA 42.2/5.76 Mbps, LTE-A'","b'2019, November 14'","b'Available. Released 2020, February 06'",b'Unfolded: 172 x 72 x 6.9 mmFolded: 94 x 72 x 14mm',b'205 g (7.23 oz)',b'eSIM',b'Foldable P-OLED',"b'6.2 inches, 86.9 cm2 (~70.2% screen-to-body ratio)'",b'876 x 2142 pixels (~373 ppi density)',,"b'Android 9.0 (Pie), upgradable to Android 10'",b'Qualcomm SDM710 Snapdragon 710 (10 nm)',b'Octa-core (2x2.2 GHz 360 Gold & 6x1.7 GHz Kryo 360 Silver)',b'Adreno 616',b'No',b'128GB 6GB RAM',b'CDMA 800 / 1900',,"b'Dual-LED dual-tone flash, HDR, panorama'","b'4K@30fps, 1080p@30fps, gyro-EIS'","b'5 MP, f/2.0, 1.12um'",b'1080p@30fps',b'Yes',b'No',"b'Wi-Fi 802.11 a/b/g/n/ac, dual-band, Wi-Fi Direct, hotspot'","b'5.0, A2DP, LE'","b'Yes, with A-GPS, GLONASS, LTEPP, SUPL'",b'Yes',b'No',b'USB Type-C 3.0',"b'Fingerprint (front-mounted), accelerometer, gyro, proximity, compass'","b'Li-Po 2510 mAh, non-removable'",b'Fast charging 15W',"b'Noir Black, Blush Gold'",b'XT2000-1',b'0.78 W/kg (head) \xc2\xa0 \xc2\xa0 0.97 W/kg (body)',"b'$\xe2\x80\x89799.99 / \xe2\x82\xac\xe2\x80\x89734.00 / \xc2\xa3\xe2\x80\x89943.97 / \xe2\x82\xb9\xe2\x80\x8962,798'","b'16 MP, f/1.7, 1.22um, Dual Pixel PDAF, Laser AF TOF 3D, (depth)'",b'HDR',,"b'Plastic front, plastic back, aluminum frame'",,,,,b'0.29 W/kg (head) \xc2\xa0 \xc2\xa0 0.97 W/kg (body)',,,,,,,,b'HSDPA 850 / 900 / 1900 / 2100',"b'Second external G-OLED display, 2.7 inches, 600 x 800 pixels'",,,,,,,,,,,,,,,b'$\xe2\x80\x89799.99',,,,,,,,,,
,,,,,,,,,,,,,,,,,,,,,,,,,,,,,,,,,,,,,,,,,,,,,,,,,,,,,,,,,,,,,,,,,,,,,,,,,,,,,,,,,,,,,,
b'motorola',b'Motorola Moto G8 Play',b'https://fdn2.gsmarena.com/vv/bigpic/motorola-moto-g8-play-r.jpg',b'GSM / HSPA / LTE',b'GSM 850 / 900 / 1800 / 1900 - SIM 1 & SIM 2',b'HSDPA 850 / 900 / 1700(AWS) / 1900 / 2100',"b'1, 2, 3, 4, 5, 7, 8, 28, 66 - LATAM'","b'HSPA 42.2/5.76 Mbps, LTE-A'","b'2019, October'","b'Available. Released 2019, October'",b'157.6 x 75.4 x 9 mm (6.20 x 2.97 x 0.35 in)',b'183.6 g (6.49 oz)',"b'Hybrid Dual SIM (Nano-SIM, dual stand-by)'",b'IPS LCD',"b'6.2 inches, 95.9 cm2 (~80.7% screen-to-body ratio)'","b'720 x 1520 pixels, 19:9 ratio (~271 ppi density)'",,b'Android 9.0 (Pie)',b'Mediatek MT6771 Helio P70M (12nm)',b'Octa-core (4x2.1 GHz Cortex-A73 & 4x2.0 GHz Cortex-A53)',b'Mali-G72 MP3',b'microSDXC (uses shared SIM slot)',b'32GB 2GB RAM',b'eMMC 5.1',,"b'LED flash, HDR, panorama'",b'1080p@30fps',b'8 MP',b'1080p@30fps',b'Yes',b'Yes',"b'Wi-Fi 802.11 b/g/n, hotspot'","b'4.2, A2DP, LE'","b'Yes, with A-GPS, GLONASS, GALILEO, LPP, SUPL'",b'No',b'FM radio',b'USB Type-C 2.0',"b'Fingerprint (rear-mounted), accelerometer, gyro, proximity'","b'Li-Po 4000 mAh, non-removable'",,"b'Black onyx, Magenta red'","b'XT2015, XT2015-2'",b'0.62 W/kg (head) \xc2\xa0 \xc2\xa0 1.68 W/kg (body)',b'$\xe2\x80\x89149.99',,b'HDR',,"b'Glass front, plastic back, plastic frame'",,,,,,,,,,,,,,,,,,,,,,,,,,,,"b'13 MP, f/2.0, (wide), 1.25\xc2\xb5m, PDAF 8 MP, f/2.2, 117\xcb\x9a (ultrawide), 1.12\xc2\xb5m 2 MP, f/2.2, (depth)'",,,,,b'$\xe2\x80\x89149.99',,,,,,
,,,,,,,,,,,,,,,,,,,,,,,,,,,,,,,,,,,,,,,,,,,,,,,,,,,,,,,,,,,,,,,,,,,,,,,,,,,,,,,,,,,,,,
b'motorola',b'Motorola Moto E6 Play',b'https://fdn2.gsmarena.com/vv/bigpic/motorola-moto-e6-play.jpg',b'GSM / HSPA / LTE',b'GSM 850 / 900 / 1800 / 1900 - SIM 1 & SIM 2',b'HSDPA 850 / 900 / 1900 / 2100',"b'1, 3, 5, 7, 8, 20, 38, 40, 41'","b'HSPA 42.2/5.76 Mbps, LTE-A'","b'2019, October'","b'Available. Released 2019, November'",b'146.5 x 70.9 x 8.3 mm (5.77 x 2.79 x 0.33 in)',b'140 g (4.94 oz)',"b'Dual SIM (Nano-SIM, dual stand-by)'",b'IPS LCD',"b'5.5 inches, 77.0 cm2 (~74.1% screen-to-body ratio)'","b'720 x 1440 pixels, 18:9 ratio (~295 ppi density)'",,b'Android 9.0 (Pie)',b'Mediatek MT6739 (28 nm)',b'Quad-core 1.5 GHz Cortex-A53',b'PowerVR GE8100',b'microSDXC (dedicated slot)',b'32GB 2GB RAM',b'eMMC 5.1',,"b'LED flash, HDR, panorama'",b'1080p@30fps',"b'13 MP, f/2.2, 1/3.1"", 1.12\xc2\xb5m, PDAF'",b'1080p@30fps',b'Yes',b'Yes',"b'Wi-Fi 802.11 b/g/n, hotspot'","b'4.2, A2DP, LE'","b'Yes, with A-GPS, GLONASS, LTEPP, SUPL'",b'No',b'FM radio',"b'microUSB 2.0, USB On-The-Go'","b'Fingerprint (rear-mounted), accelerometer, proximity'","b'Li-Po 3000 mAh, non-removable'",,"b'Turquoise Blue, Anthracite'","b'XT2029, XT2029-1'",,b'$\xe2\x80\x89115.00 / \xe2\x82\xac\xe2\x80\x89102.97 / \xc2\xa3\xe2\x80\x89121.36',,b'HDR',"b'5 MP, f/2.2, 1/5"", 1.12\xc2\xb5m'","b'Glass front, plastic back, plastic frame'",,,,,b'0.55 W/kg (head) \xc2\xa0 \xc2\xa0 1.78 W/kg (body)',,,,,,,,,,,,,,,,,,,,,,,,,,,,b'$\xe2\x80\x89115.00',,,,,,
,,,,,,,,,,,,,,,,,,,,,,,,,,,,,,,,,,,,,,,,,,,,,,,,,,,,,,,,,,,,,,,,,,,,,,,,,,,,,,,,,,,,,,
b'motorola',b'Motorola Moto G8 Plus',b'https://fdn2.gsmarena.com/vv/bigpic/motorola-moto-g8-plus.jpg',b'GSM / HSPA / LTE',b'GSM 850 / 900 / 1800 / 1900 - SIM 1 & SIM 2  (dual-SIM model only)',b'HSDPA 850 / 900 / 1700(AWS) / 1900 / 2100',"b'1, 2, 3, 4, 5, 7, 8, 18, 19, 20, 26, 28, 38, 40, 41'","b'HSPA 42.2/5.76 Mbps, LTE-A (2CA) Cat13 600/100 Mbps'","b'2019, October 24'","b'Available. Released 2019, October 28'",b'158.4 x 75.8 x 9.1 mm (6.24 x 2.98 x 0.36 in)',b'188 g (6.63 oz)',"b'Single SIM (Nano-SIM) or Hybrid Dual SIM (Nano-SIM, dual stand-by)'",b'LTPS IPS LCD',"b'6.3 inches, 99.1 cm2 (~82.5% screen-to-body ratio)'","b'1080 x 2280 pixels, 19:9 ratio (~400 ppi density)'",,"b'Android 9.0 (Pie), upgradable to Android 10'",b'Qualcomm SDM665 Snapdragon 665 (11 nm)',b'Octa-core (4x2.0 GHz Kryo 260 Gold & 4x1.8 GHz Kryo 260 Silver)',b'Adreno 610',b'microSDXC (uses shared SIM slot)',b'64GB 4GB RAM',"b'1, 2, 3, 4, 5, 7, 8, 12, 17, 28, 66 - LATAM'",,"b'LED flash, HDR, panorama'","b'4K@30fps, 1080p@30/60/120fps, 1080p@30fps (gyro-EIS)'","b'25 MP, f/2.0, 0.9\xc2\xb5m'",b'1080p@30/120fps',"b'Yes, with stereo speakers'",b'Yes',"b'Wi-Fi 802.11 a/b/g/n/ac, dual-band, Wi-Fi Direct, hotspot'","b'5.0, A2DP, LE, aptX'","b'Yes, with A-GPS, GLONASS, BDS, GALILEO'",b'Yes (market dependent)',b'FM radio',"b'USB Type-C 2.0, USB On-The-Go'","b'Fingerprint (rear-mounted), accelerometer, gyro, proximity, compass'","b'Li-Po 4000 mAh, non-removable'",b'Fast charging 15W',"b'Dark Blue, Dark Red'","b'XT2019, XT2019-2'",b'0.59 W/kg (head) \xc2\xa0 \xc2\xa0 1.58 W/kg (body)',b'$\xe2\x80\x89179.99 / \xe2\x82\xac\xe2\x80\x89265.01 / \xc2\xa3\xe2\x80\x89183.26',,b'HDR',,"b'Glass front, plastic back, plastic frame'",,,,,b'0.59 W/kg (head) \xc2\xa0 \xc2\xa0 0.88 W/kg (body)',,,,,,,,b'Water-repellent coating',b'eMMC 5.1',,,b'Contrast ratio: 1505:1 (nominal)',b'Photo',b'Endurance rating 87h',"b'AnTuTu: 168699 (v8) GeekBench: 5641 (v4.4), 1385 (v5.1) GFXBench: 6.5fps (ES 3.1 onscreen)'",b'Voice 79dB / Noise 74dB / Ring 80dB',b'Noise -93.2dB / Crosstalk -94.2dB',,,,,,"b'48 MP, f/1.7, 26mm (wide), 1/2.0"", 0.8\xc2\xb5m, PDAF, Laser AF 16 MP, f/2.2, 14mm (ultrawide), dedicated video camera (1080p) 5 MP, f/2.2, (depth)'",,,,b'$\xe2\x80\x89179.99',,,,,,,
,,,,,,,,,,,,,,,,,,,,,,,,,,,,,,,,,,,,,,,,,,,,,,,,,,,,,,,,,,,,,,,,,,,,,,,,,,,,,,,,,,,,,,
b'motorola',b'Motorola One Macro',b'https://fdn2.gsmarena.com/vv/bigpic/motorola-one-macro-10.jpg',b'GSM / HSPA / LTE',b'GSM 850 / 900 / 1800 / 1900 - SIM 1 & SIM 2',b'HSDPA 850 / 900 / 1700(AWS) / 1900 / 2100',"b'1, 2, 3, 4, 5, 7, 8, 19, 20, 38, 40, 41'","b'HSPA 42.2/11.5 Mbps, LTE-A'","b'2019, October 09'","b'Available. Released 2019, October 12'",b'157.6 x 75.4 x 9 mm (6.20 x 2.97 x 0.35 in)',b'186 g (6.56 oz)',"b'Hybrid Dual SIM (Nano-SIM, dual stand-by)'",b'IPS LCD',"b'6.2 inches, 96.7 cm2 (~81.3% screen-to-body ratio)'","b'720 x 1520 pixels, 19:9 ratio (~270 ppi density)'",,b'Android 9.0 (Pie)',b'Mediatek MT6771 Helio P70 (12nm)',b'Octa-core (4x2.0 GHz Cortex-A73 & 4x2.0 GHz Cortex-A53)',b'Mali-G72 MP3',b'microSDXC (uses shared SIM slot)',b'64GB 4GB RAM',b'Water-repellent coating',,"b'LED flash, HDR, panorama'",b'1080p@30/60/120fps',"b'8 MP, f/2.2, 1/4"", 1.12\xc2\xb5m'",b'1080p@30fps',b'Yes',b'Yes',"b'Wi-Fi 802.11 b/g/n, hotspot'","b'4.2, A2DP, LE'","b'Yes, with A-GPS, GLONASS, BDS, GALILEO'",b'No',b'FM radio',"b'USB Type-C 2.0, USB On-The-Go'","b'Fingerprint (rear-mounted), accelerometer, gyro, proximity'","b'Li-Po 4000 mAh, non-removable'",b'Charging 10W',b'Space Blue',b'PAGS0005IN',b'0.54 W/kg (head) \xc2\xa0 \xc2\xa0 1.33 W/kg (body)',b'$\xe2\x80\x89215.27 / \xe2\x82\xac\xe2\x80\x89179.99 / \xc2\xa3\xe2\x80\x89169.00',,b'HDR',,"b'Glass front, plastic back, plastic frame'",,,b'Yes',,b'0.62 W/kg (head) \xc2\xa0 \xc2\xa0 1.06 W/kg (body)',,,,,,,,b'eMMC 5.1',,,,b'Contrast ratio: 1733:1 (nominal)',b'Photo / Video',b'Endurance rating 110h',"b'AnTuTu: 139869 (v7), 159405 (v8) GeekBench: 5763 (v4.4) GFXBench: 17fps (ES 3.1 onscreen)'",b'Voice 71dB / Noise 72dB / Ring 80dB',b'Noise -92.1dB / Crosstalk -91.0dB',,,,,,"b'13 MP, f/2.0, (wide), 1/3.1"", 1.12\xc2\xb5m, PDAF, Laser AF 2 MP, f/2.2, (macro) 2 MP, f/2.2, (depth)'",,,,b'$\xe2\x80\x89215.27',,,,,,,
,,,,,,,,,,,,,,,,,,,,,,,,,,,,,,,,,,,,,,,,,,,,,,,,,,,,,,,,,,,,,,,,,,,,,,,,,,,,,,,,,,,,,,
b'motorola',b'Motorola Moto E6 Plus',b'https://fdn2.gsmarena.com/vv/bigpic/motorola-moto-e6-plus-.jpg',b'GSM / HSPA / LTE',b'GSM 850 / 900 / 1800 / 1900 - SIM 1 & SIM 2',b'HSDPA 850 / 900 / 1900 / 2100',"b'1, 3, 5, 7, 8, 20, 38, 40, 41'","b'HSPA 42.2/5.76 Mbps, LTE-A'","b'2019, September 05'","b'Available. Released 2019, September 16'",b'155.6 x 73.1 x 8.6 mm (6.13 x 2.88 x 0.34 in)',b'149.7 g (5.29 oz)',"b'Dual SIM (Nano-SIM/Micro-SIM, dual stand-by)'",b'IPS LCD',"b'6.1 inches, 91.3 cm2 (~80.3% screen-to-body ratio)'","b'720 x 1560 pixels, 19.5:9 ratio (~282 ppi density)'",,b'Android 9.0 (Pie)',b'Mediatek MT6762 Helio P22 (12 nm)',b'Octa-core 2.0 GHz Cortex-A53',b'PowerVR GE8320',b'microSDXC (dedicated slot)',"b'32GB 2GB RAM, 64GB 4GB RAM'",b'Water-repellent coating',,"b'LED flash, HDR, panorama'",b'1080p@30fps',"b'8 MP, f/2.0, 1/4"", 1.12\xc2\xb5m'",b'1080p@30fps',b'Yes',b'Yes',"b'Wi-Fi 802.11 b/g/n, hotspot'","b'4.2, A2DP, LE'","b'Yes, with A-GPS, GLONASS, GALILEO'",b'No',b'FM radio',"b'microUSB 2.0, USB On-The-Go'","b'Fingerprint (rear-mounted), accelerometer, proximity'","b'Li-Po 3000 mAh, removable'",b'Charging 10W',"b'Polished Graphite, Bright Cherry, Dark Red'","b'PAGA0004, PAGA0004IN, PAGA0033IN, PAGA0033'",b'0.28 W/kg (head) \xc2\xa0 \xc2\xa0 1.25 W/kg (body)',b'\xc2\xa3\xe2\x80\x8999.50',"b'13 MP, f/2.0, 1/3.1"", 1.12\xc2\xb5m, PDAF 2 MP, (depth)'",b'HDR',,"b'Glass front, plastic back, plastic frame'",,,,,,,,,,,,,b'eMMC 5.1',,,,,,,,,,,,,,,,,,,b'\xc2\xa3\xe2\x80\x8999.99',b'\xc2\xa3\xe2\x80\x8999.50',,,,,,
,,,,,,,,,,,,,,,,,,,,,,,,,,,,,,,,,,,,,,,,,,,,,,,,,,,,,,,,,,,,,,,,,,,,,,,,,,,,,,,,,,,,,,
b'motorola',b'Motorola One Zoom',b'https://fdn2.gsmarena.com/vv/bigpic/motorola-one-zoom-r1.jpg',b'GSM / HSPA / LTE',b'GSM 850 / 900 / 1800 / 1900 - SIM 1 & SIM 2 (dual-SIM model only)',b'HSDPA 850 / 900 / 1700(AWS) / 1900 / 2100',"b'1, 2, 3, 4, 5, 7, 8, 12, 17, 20, 28, 38, 40, 41, 66'","b'HSPA 42.2/5.76 Mbps, LTE-A (2CA) Cat12 600/100 Mbps'","b'2019, September 05'","b'Available. Released 2019, September 05'",b'158 x 75 x 8.8 mm (6.22 x 2.95 x 0.35 in)',b'190 g (6.70 oz)',"b'Single SIM (Nano-SIM) or Hybrid Dual SIM (Nano-SIM, dual stand-by)'",b'Super AMOLED',"b'6.39 inches, 100.2 cm2 (~84.6% screen-to-body ratio)'","b'1080 x 2340 pixels, 19.5:9 ratio (~403 ppi density)'",b'Panda King glass',b'Android 9.0 (Pie)',b'Qualcomm SDM675 Snapdragon 675 (11 nm)',b'Octa-core (2x2.0 GHz Kryo 460 Gold & 6x1.7 GHz Kryo 460 Silver)',b'Adreno 612',b'microSDXC (uses shared SIM slot)',b'128GB 4GB RAM',b'Splash and dust resistant',"b'48 MP, f/1.7, (wide), 1/2.0"", 0.8\xc2\xb5m, PDAF, OIS 8 MP, f/2.4, (telephoto), 3x optical zoom, PDAF, OIS 16 MP, f/2.2, 13mm (ultrawide) 5 MP, f/2.2, (depth)'","b'Dual-LED dual-tone flash, panorama, HDR'","b'4K@30fps, 1080p@30/60fps'","b'25 MP, f/2.0, 0.9\xc2\xb5m'","b'1080p@30fps, 720p@240fps'",b'Yes',b'Yes',"b'Wi-Fi 802.11 a/b/g/n/ac, dual-band, Wi-Fi Direct, hotspot'","b'5.0, A2DP, LE, EDR'","b'Yes, with A-GPS, GLONASS, GALILEO, BDS'",b'Yes',b'FM radio',b'USB Type-C 3.1',"b'Fingerprint (under display, optical), accelerometer, gyro, proximity, compass'","b'Li-Po 4000 mAh, non-removable'",b'Fast charging 15W',"b'Electric Gray, Cosmic Purple, Brushed Bronze'",,b'1.26 W/kg (head) \xc2\xa0 \xc2\xa0 1.39 W/kg (body)',b'$\xe2\x80\x89249.99 / \xe2\x82\xac\xe2\x80\x89299.90 / \xc2\xa3\xe2\x80\x89299.95',,b'HDR',,"b'Glass front (Panda King), glass back (Gorilla Glass 3), aluminum frame'",,,,,b'0.71 W/kg (head) \xc2\xa0 \xc2\xa0 1.54 W/kg (body)',,,,,,,,b'UFS 2.0',,,,b'Contrast ratio: Infinite (nominal)',b'Photo / Video',b'Endurance rating 90h',"b'AnTuTu: 146810 (v7), 180000 (v8) GeekBench: 5802 (v4.4), 1534 (v5.1) GFXBench: 7.1fps (ES 3.1 onscreen)'",b'Voice 66dB / Noise 72dB / Ring 85dB',b'Noise -91.6dB / Crosstalk -91.8dB',,,,,,,,b'$\xe2\x80\x89249.99',,,,,,,,,
,,,,,,,,,,,,,,,,,,,,,,,,,,,,,,,,,,,,,,,,,,,,,,,,,,,,,,,,,,,,,,,,,,,,,,,,,,,,,,,,,,,,,,
b'motorola',b'Motorola One Action',b'https://fdn2.gsmarena.com/vv/bigpic/motorola-one-action-aqua-teal.jpg',b'GSM / CDMA / HSPA / EVDO / LTE',b'GSM 850 / 900 / 1800 / 1900 - SIM 1 & SIM 2 (dual-SIM model only)',b'HSDPA 850 / 900 / 1900 / 2100',"b'1, 3, 5, 7, 8, 20, 38, 40, 41'","b'HSPA 42.2/5.76 Mbps, LTE-A (2CA) Cat6 300/50 Mbps'","b'2019, August 16'","b'Available. Released 2019, October 31'",b'160.1 x 71.2 x 9.2 mm (6.30 x 2.80 x 0.36 in)',b'176 g (6.21 oz)',"b'Single SIM (Nano-SIM) or Hybrid Dual SIM (Nano-SIM, dual stand-by)'",b'LTPS IPS LCD',"b'6.3 inches, 94.0 cm2 (~82.5% screen-to-body ratio)'","b'1080 x 2520 pixels, 21:9 ratio (~432 ppi density)'",,"b'Android 9.0 (Pie), upgradable to Android 10, Android One'",b'Exynos 9609 (10 nm)',b'Octa-core (4x2.2 GHz Cortex-A73 & 4x1.6 GHz Cortex-A53)',b'Mali-G72 MP3',b'microSDXC (uses shared SIM slot)',b'128GB 4GB RAM',b'CDMA 800 / 1900 - USA',,"b'Dual-LED dual-tone flash, HDR, panorama'","b'4K@30fps, 1080p@30/60fps (gyro-EIS)'","b'12 MP, f/2.0, 26mm (wide), 1/2.8"", 1.25\xc2\xb5m'",b'1080p@30fps',b'Yes',b'Yes',"b'Wi-Fi 802.11 a/b/g/n/ac, dual-band, Wi-Fi Direct, hotspot'","b'5.0, A2DP, LE, EDR'","b'Yes, with A-GPS, GLONASS, GALILEO, BDS'",b'Yes',b'FM radio',"b'USB Type-C 2.0, USB On-The-Go'","b'Fingerprint (rear-mounted), accelerometer, gyro, proximity, compass'","b'Li-Po 3500 mAh, non-removable'",b'Charging 10W',"b'Denim Blue, Pearl White, Aqua Teal'","b'XT2013-1, XT2013-2'",b'1.16 W/kg (head) \xc2\xa0 \xc2\xa0 1.43 W/kg (body)',b'$\xe2\x80\x89199.00 / \xe2\x82\xac\xe2\x80\x89209.00 / \xc2\xa3\xe2\x80\x89189.00',,b'HDR',,"b'Glass front, plastic back, plastic frame'",,,,,,,,,,,,,b'HSDPA 850 / 900 / 1700(AWS) / 1900 / 2100 - USA',b'UFS 2.1',,,b'Contrast ratio: 1237:1 (nominal)',b'Photo / Video',b'Endurance rating 66h',b'AnTuTu: 148748 (v7) GeekBench: 5271 (v4.4)',b'Voice 67dB / Noise 71dB / Ring 84dB',b'Noise -93.4dB / Crosstalk -93.7dB',,,,,,"b'12 MP, f/1.8, 26mm (wide), 1/2.8"", 1.25\xc2\xb5m, PDAF 16 MP, f/2.2, 14mm (ultrawide), dedicated video camera (1080p) 5 MP, f/2.2, (depth)'",,b'$\xe2\x80\x89199.00',,,,,,,,,
,,,,,,,,,,,,,,,,,,,,,,,,,,,,,,,,,,,,,,,,,,,,,,,,,,,,,,,,,,,,,,,,,,,,,,,,,,,,,,,,,,,,,,
b'motorola',b'Motorola Moto E6',b'https://fdn2.gsmarena.com/vv/bigpic/motorola-moto-e6-xt2005-navy-blue.jpg',b'GSM / CDMA / HSPA / EVDO / LTE',b'GSM 850 / 900 / 1800 / 1900 - SIM 1 & SIM 2 (dual-SIM model only)',b'HSDPA 850 / 900 / 1700(AWS) / 1900 / 2100',"b'2, 4, 5, 12, 13, 25, 26, 41, 66, 71'","b'HSPA 42.2/5.76 Mbps, LTE-A (2CA) Cat7 300/50 Mbps'","b'2019, July'","b'Available. Released 2019, August'",b'149.7 x 72.3 x 8.6 mm (5.89 x 2.85 x 0.34 in)',b'159 g (5.61 oz)',"b'Single SIM (Nano-SIM) or Dual SIM (Nano-SIM, dual stand-by)'",b'IPS LCD',"b'5.5 inches, 76.5 cm2 (~70.7% screen-to-body ratio)'","b'720 x 1440 pixels, 18:9 ratio (~296 ppi density)'",,b'Android 9.0 (Pie)',b'Qualcomm SDM435 Snapdragon 435 (28 nm)',b'Octa-core 1.4 GHz Cortex-A53',b'Adreno 505',b'microSDXC (dedicated slot)',b'16GB 2GB RAM',b'CDMA 800 / 1900 - Verizon',,"b'LED flash, HDR, panorama'",b'1080p@30fps',"b'13 MP, f/2.0, 1/3.1"", 1.12\xc2\xb5m, PDAF'",b'',b'Yes',b'Yes',"b'Wi-Fi 802.11 b/g/n, Wi-Fi Direct, hotspot or Wi-Fi 802.11 a/b/g/n'","b'4.2, A2DP, LE'","b'Yes, with A-GPS, GLONASS, BDS'",b'No',b'FM radio',b'microUSB 2.0',"b'Fingerprint (rear-mounted), accelerometer, proximity, compass'","b'Li-Ion 3000 mAh, removable'",,"b'Starry Black, Navy Blue'","b'XT2005-3, XT2005-1, XT2005DL'",b'1.16 W/kg (head) \xc2\xa0 \xc2\xa0 1.43 W/kg (body)',b'About 130 EUR',,b'HDR',"b'5 MP, f/2.0, 1/5"", 1.12\xc2\xb5m'",,,,,,,,,,,,,,b'CDMA2000 1xEV-DO - Verizon',b'eMMC 5.1',,,,,,,,,,,,,,,,,,,,,,,,,
,,,,,,,,,,,,,,,,,,,,,,,,,,,,,,,,,,,,,,,,,,,,,,,,,,,,,,,,,,,,,,,,,,,,,,,,,,,,,,,,,,,,,,
b'motorola',b'Motorola Moto Z4',b'https://fdn2.gsmarena.com/vv/bigpic/motorola-moto-z4-r.jpg',b'GSM / CDMA / HSPA / LTE',b'GSM 850 / 900 / 1800 / 1900 - SIM 1 & SIM 2 (dual-SIM model only)',b'HSDPA 850 / 900 / 1700(AWS) / 1900 / 2100 - USA',"b'1, 2, 3, 4, 7, 8, 12, 13, 17, 18, 19, 20, 25, 26, 28, 30, 38, 40, 41, 66, 71 - USA'","b'HSPA 42.2/5.76 Mbps, LTE-A'","b'2019, May'","b'Available. Released 2019, June'",b'158 x 75 x 7.4 mm (6.22 x 2.95 x 0.29 in)',b'165 g (5.82 oz)',"b'Single SIM (Nano-SIM) or Hybrid Dual SIM (Nano-SIM, dual stand-by)'",b'OLED',"b'6.4 inches, 100.5 cm2 (~84.8% screen-to-body ratio)'","b'1080 x 2340 pixels, 19.5:9 ratio (~403 ppi density)'",b'Corning Gorilla Glass 3',"b'Android 9.0 (Pie), upgradable to Android 10'",b'Qualcomm SDM675 Snapdragon 675 (11 nm)',b'Octa-core (2x2.0 GHz Kryo 460 Gold & 6x1.7 GHz Kryo 460 Silver)',b'Adreno 612',b'microSDXC (uses shared SIM slot)',b'128GB 4GB RAM',b'CDMA 800 / 1900',,"b'Dual-LED dual-tone flash, panorama, HDR'","b'4K@30fps, 1080p@30/60fps'","b'48 MP, f/1.7, (wide), 1/2.0"", 0.8\xc2\xb5m, PDAF, OIS'",b'1080p@30fps',b'Yes',b'Yes',"b'Wi-Fi 802.11 a/b/g/n/ac, dual-band, Wi-Fi Direct, hotspot'","b'5.0, A2DP, LE, EDR'","b'Yes, with A-GPS, GLONASS, GALILEO'",b'Yes',b'FM radio',"b'USB Type-C 3.1, magnetic connector, USB On-The-Go'","b'Fingerprint (under display, optical), accelerometer, gyro, proximity, compass'","b'Li-Ion 3600 mAh, non-removable'",b'Fast charging 15W',"b'Flash Grey, Frost White'",,b'1.16 W/kg (head) \xc2\xa0 \xc2\xa0 1.44 W/kg (body)',b'About 500 EUR',,b'HDR',"b'25 MP, f/2.0, 0.9\xc2\xb5m'","b'Glass front (Gorilla Glass 3), glass back, aluminum frame'",,,,,,,,,,,,,b'Splash and dust resistant',b'Moto Mods snap-on accessories',,,,,b'Endurance rating 70h',b'AnTuTu: 173234 (v7) GeekBench: 6515 (v4.4) GFXBench: 8fps (ES 3.1 onscreen)',b'Voice 70dB / Noise 73dB / Ring 80dB',,,,,,,,,,,,,,,,,,
,,,,,,,,,,,,,,,,,,,,,,,,,,,,,,,,,,,,,,,,,,,,,,,,,,,,,,,,,,,,,,,,,,,,,,,,,,,,,,,,,,,,,,
b'motorola',b'Motorola One Vision',b'https://fdn2.gsmarena.com/vv/bigpic/motorola-one-vision.jpg',b'GSM / HSPA / LTE',b'GSM 850 / 900 / 1800 / 1900 - SIM 1 & SIM 2 (dual-SIM model only)',b'HSDPA 850 / 900 / 1700(AWS) / 1900 / 2100 - USA',"b'1, 2, 3, 4, 5, 7, 8, 12, 17, 28, 66 - USA'","b'HSPA 42.2/5.76 Mbps, LTE-A (2CA) Cat6 300/50 Mbps'","b'2019, May 15'","b'Available. Released 2019, June 20'",b'160.1 x 71.2 x 8.7 mm (6.30 x 2.80 x 0.34 in)',b'180 g (6.35 oz)',"b'Single SIM (Nano-SIM) or Hybrid Dual SIM (Nano-SIM, dual stand-by)'",b'LTPS IPS LCD',"b'6.3 inches, 94.0 cm2 (~82.5% screen-to-body ratio)'","b'1080 x 2520 pixels, 21:9 ratio (~432 ppi density)'",b'Corning Gorilla Glass (unspecified version)',"b'Android 9.0 (Pie), upgradable to Android 10, Android One'",b'Exynos 9609 (10 nm)',b'Octa-core (4x2.2 GHz Cortex-A73 & 4x1.6 GHz Cortex-A53)',b'Mali-G72 MP3',b'microSDXC (uses shared SIM slot)',b'128GB 4GB RAM',b'HSDPA 850 / 900 / 1900 / 2100 - Europe',,"b'Dual-LED dual-tone flash, HDR, panorama'","b'4K@30fps, 1080p@30/60fps'","b'25 MP, f/2.0, 0.9\xc2\xb5m'",b'1080p@30fps',b'Yes',b'Yes',"b'Wi-Fi 802.11 a/b/g/n/ac, dual-band, Wi-Fi Direct, hotspot'","b'5.0, A2DP, LE, EDR'","b'Yes, with A-GPS, GLONASS, GALILEO, BDS'",b'Yes',b'FM radio',"b'USB Type-C 2.0, USB On-The-Go'","b'Fingerprint (rear-mounted), accelerometer, gyro, proximity, compass'","b'Li-Po 3500 mAh, non-removable'",b'Fast charging 15W',"b'Bronze gradient, Sapphire gradient'",b'XT1970-1',b'0.34 W/kg (head) \xc2\xa0 \xc2\xa0 1.45 W/kg (body)',b'$\xe2\x80\x89199.99 / \xe2\x82\xac\xe2\x80\x89319.99',"b'48 MP, f/1.7, (wide), 1/2.0"", 0.8\xc2\xb5m, PDAF, OIS 5 MP, f/2.2, (depth)'",,,"b'Glass front (Gorilla Glass), glass back, plastic frame'",,,,,,,,,,,,,"b'1, 3, 5, 7, 8, 20, 38, 40, 41 - Europe'",b'UFS 2.1',,,b'Contrast ratio: 1190:1 (nominal)',b'Photo / Video',b'Endurance rating 67h',b'AnTuTu: 143124 (v7) GeekBench: 5425 (v4.4) GFXBench: 7.9fps (ES 3.1 onscreen)',b'Voice 73dB / Noise 71dB / Ring 85dB',,,,,,,,,b'$\xe2\x80\x89199.99',,,,,,,,,
,,,,,,,,,,,,,,,,,,,,,,,,,,,,,,,,,,,,,,,,,,,,,,,,,,,,,,,,,,,,,,,,,,,,,,,,,,,,,,,,,,,,,,
b'motorola',b'Motorola Moto G7 Plus',b'https://fdn2.gsmarena.com/vv/bigpic/motorola-moto-g7-plus.jpg',b'GSM / HSPA / LTE',b'GSM 850 / 900 / 1800 / 1900 - SIM 1 & SIM 2 (dual-SIM model only)',b'HSDPA 850 / 900 / 1700(AWS) / 1900 / 2100',"b'1, 2, 3, 4, 5, 7, 8, 18, 19, 20, 26, 28, 38, 40, 41'","b'HSPA 42.2/5.76 Mbps, LTE-A (2CA) Cat12 600/50 Mbps'","b'2019, February'","b'Available. Released 2019, March'",b'157 x 75.3 x 8.3 mm (6.18 x 2.96 x 0.33 in)',b'176 g (6.21 oz)',"b'Single SIM (Nano-SIM) or Dual SIM (Nano-SIM, dual stand-by)'",b'LTPS IPS LCD',"b'6.2 inches, 96.2 cm2 (~81.4% screen-to-body ratio)'","b'1080 x 2270 pixels, 19:9 ratio (~405 ppi density)'",b'Corning Gorilla Glass 3',b'Android 9.0 (Pie)',b'Qualcomm SDM636 Snapdragon 636 (14 nm)',b'Octa-core (4x1.8 GHz Kryo 260 Gold & 4x1.6 GHz Kryo 260 Silver)',b'Adreno 509',b'microSDXC (dedicated slot)',b'64GB 4GB RAM',b'Splash resistant',,"b'Dual-LED dual-tone flash, panorama, HDR'","b'4K@30fps, 1080p@30/60/120fps, gyro-EIS'","b'12 MP, (wide), 1/2.8"", 1.25\xc2\xb5m'","b'4K@30fps, 1080p@30fps'","b'Yes, with stereo speakers'",b'Yes',"b'Wi-Fi 802.11 a/b/g/n/ac, dual-band, Wi-Fi Direct, hotspot'","b'5.0, A2DP, LE, EDR, aptX'","b'Yes, with A-GPS, GLONASS, GALILEO'",b'Yes (Europe model)',b'FM radio',b'USB Type-C 2.0',"b'Fingerprint (rear-mounted), accelerometer, gyro, proximity, compass'","b'Li-Ion 3000 mAh, non-removable'","b'Fast charging 27W Quick Charge 4, USB Power Delivery 3.0'","b'Deep Indigo, Viva Red'",,,b'$\xe2\x80\x89122.99 / \xe2\x82\xac\xe2\x80\x89273.75 / \xc2\xa3\xe2\x80\x89249.99',"b'16 MP, f/1.7, 1.22\xc2\xb5m, Dual-pixel PDAF, OIS 5 MP, f/2.2, (depth)'",b'HDR',,"b'Glass front (Gorilla Glass 3), glass back (Gorilla Glass 3), aluminum frame'",,,,,b'0.78 W/kg (head) \xc2\xa0 \xc2\xa0 1.73 W/kg (body)',,,,,,,,b'eMMC 5.1',,,,"b'Contrast ratio: 1425 (nominal), 3.010 (sunlight)'",b'Photo / Video',b'Endurance rating 59h',b'AnTuTu: 117829 (v7)GeekBench: 4927 (v4.4)GFXBench: 5.9fps (ES 3.1 onscreen)',b'Voice 70dB / Noise 72dB / Ring 84dB',b'Noise -93.3dB / Crosstalk -93.8dB',,,,,,,,,,b'$\xe2\x80\x89122.99',,,,,,,
,,,,,,,,,,,,,,,,,,,,,,,,,,,,,,,,,,,,,,,,,,,,,,,,,,,,,,,,,,,,,,,,,,,,,,,,,,,,,,,,,,,,,,
b'motorola',b'Motorola Moto G7',b'https://fdn2.gsmarena.com/vv/bigpic/motorola-moto-g7.jpg',b'GSM / HSPA / LTE',b'GSM 850 / 900 / 1800 / 1900 - SIM 1 & SIM 2 (dual-SIM model only)',b'HSDPA 850 / 900 / 1900 / 2100 - Europe',"b'1, 2, 3, 4, 5, 7, 8, 18, 19, 20, 26, 28, 38, 40, 41 - Europe'","b'HSPA 42.2/5.76 Mbps, LTE-A (2CA) Cat7 300/50 Mbps'","b'2019, February'","b'Available. Released 2019, March'",b'157 x 75.3 x 8 mm (6.18 x 2.96 x 0.31 in)',b'172 g (6.07 oz)',"b'Single SIM (Nano-SIM) or Dual SIM (Nano-SIM, dual stand-by)'",b'LTPS IPS LCD',"b'6.2 inches, 96.2 cm2 (~81.4% screen-to-body ratio)'","b'1080 x 2270 pixels, 19:9 ratio (~405 ppi density)'",b'Corning Gorilla Glass 3',b'Android 9.0 (Pie)',b'Qualcomm SDM632 Snapdragon 632 (14 nm)',b'Octa-core (4x1.8 GHz Kryo 250 Gold & 4x1.8 GHz Kryo 250 Silver)',b'Adreno 506',b'microSDXC (dedicated slot)',b'64GB 4GB RAM',b'HSDPA 850 / 900 / 1700(AWS) / 1900 / 2100 - USA',,"b'LED flash, panorama, HDR'","b'4K@30fps, 1080p@30/60fps, gyro-EIS'","b'8 MP, 1/4"", 1.12\xc2\xb5m'",b'1080p@30fps',b'Yes',b'Yes',"b'Wi-Fi 802.11 a/b/g/n, dual-band, Wi-Fi Direct, hotspot'","b'4.2, A2DP, LE, aptX'","b'Yes, with A-GPS, GLONASS, GALILEO'",b'Yes (Europe model)',b'FM radio',b'USB Type-C 2.0',"b'Fingerprint (rear-mounted), accelerometer, gyro, proximity, compass (market dependent)'","b'Li-Ion 3000 mAh, non-removable'",b'Fast charging 15W',"b'Ceramic Black, Clear White'","b'XT1962, XT1962-4'",b'1.13 W/kg (head) \xc2\xa0 \xc2\xa0 1.44 W/kg (body)',b'$\xe2\x80\x8979.99 / \xc2\xa3\xe2\x80\x89349.00',"b'12 MP, f/1.8, 1/2.8"", 1.25\xc2\xb5m, PDAF 5 MP, f/2.2, (depth)'",b'HDR',,"b'Glass front (Gorilla Glass 3), glass back (Gorilla Glass 3), plastic frame'",,,,,b'0.45 W/kg (head) \xc2\xa0 \xc2\xa0 1.38 W/kg (body)',,,,,,,,"b'1, 2, 3, 4, 5, 7, 8, 12, 13, 17, 20, 25, 26, 66, 38, 40, 41 - USA'",b'eMMC 5.1',,,"b'Contrast ratio: 1565:1 (nominal), 3.011 (sunlight)'",b'Photo / Video',b'Endurance rating 66h',b'AnTuTu: 106292 (v7)GeekBench: 4755 (v4.4)GFXBench: 3.5fps (ES 3.1 onscreen)',b'Voice 70dB / Noise 71dB / Ring 84dB',b'Noise -93.6dB / Crosstalk -94.8dB',,,,,,,,,,b'$\xe2\x80\x8979.99',,,,,,,
,,,,,,,,,,,,,,,,,,,,,,,,,,,,,,,,,,,,,,,,,,,,,,,,,,,,,,,,,,,,,,,,,,,,,,,,,,,,,,,,,,,,,,
b'motorola',b'Motorola Moto G7 Power',b'https://fdn2.gsmarena.com/vv/bigpic/motorola-moto-g7-power.jpg',b'GSM / HSPA / LTE',b'GSM 850 / 900 / 1800 / 1900 - SIM 1 & SIM 2 (dual-SIM model only)',b'HSDPA 850 / 900 / 1900 / 2100 - Europe',"b'1, 2, 3, 4, 5, 7, 8, 19, 20, 28, 38, 40, 41 - Europe'","b'HSPA 42.2/5.76 Mbps, LTE-A (2CA) Cat7 300/50 Mbps'","b'2019, February 07'","b'Available. Released 2019, February 15'",b'159.4 x 76 x 9.3 mm (6.28 x 2.99 x 0.37 in)',b'193 g (6.81 oz)',"b'Single SIM (Nano-SIM) or Dual SIM (Nano-SIM, dual stand-by)'",b'LTPS IPS LCD',"b'6.2 inches, 94.0 cm2 (~77.6% screen-to-body ratio)'","b'720 x 1570 pixels, 19.5:9 ratio (~279 ppi density)'",b'Corning Gorilla Glass 3 (market dependent)',"b'Android 9.0 (Pie), upgradable to Android 10'",b'Qualcomm SDM632 Snapdragon 632 (14 nm)',b'Octa-core (4x1.8 GHz Kryo 250 Gold & 4x1.8 GHz Kryo 250 Silver)',b'Adreno 506',b'microSDXC (dedicated slot)',"b'32GB 3GB RAM, 64GB 3GB RAM, 64GB 4GB RAM'",b'HSDPA 850 / 900 / 1700(AWS) / 1900 / 2100 - USA',,"b'LED flash, panorama, HDR'","b'4K@30fps, 1080p@30fps'","b'12 MP, f2.0, 1/2.8"", 1.25\xc2\xb5m, PDAF'",b'1080p@30fps',b'Yes',b'Yes',"b'Wi-Fi 802.11 b/g/n, hotspot'","b'4.2, A2DP, LE'","b'Yes, with A-GPS, GLONASS'",b'Yes (market dependent)',b'FM radio',"b'USB Type-C 2.0, USB On-The-Go'","b'Fingerprint (rear-mounted), accelerometer, gyro, proximity, compass (market dependent)'","b'Li-Po 5000 mAh, non-removable'",b'Fast charging 15W or 18W',"b'Ceramic Black, Marine Blue, Iced Violet'",b'XT1955',b'0.86 W/kg (head) \xc2\xa0 \xc2\xa0 1.44 W/kg (body)',b'$\xe2\x80\x89134.51 / \xc2\xa3\xe2\x80\x89209.90',,b'HDR',"b'8 MP, f/2.2, 1/4"", 1.12\xc2\xb5m'","b'Glass front (Gorilla Glass 3), plastic back, plastic frame'",,,,,b'0.49 W/kg (head) \xc2\xa0 \xc2\xa0 0.86 W/kg (body)',,,,,,,,"b'1, 2, 3, 4, 5, 7, 8, 12, 13, 14, 17, 20, 25, 26, 29, 30, 38, 39, 40, 41, 41, 66, 71 - USA'",b'eMMC 5.1',,,"b'Contrast ratio: 1674:1 (nominal), 3.176 (sunlight)'",b'Photo / Video',b'Endurance rating 147h',b'AnTuTu: 107495 (v7) GeekBench: 4534 (v4.4) GFXBench: 7.7fps (ES 3.1 onscreen)',b'Voice 75dB / Noise 75dB / Ring 82dB',b'Noise -90.6dB / Crosstalk -89.9dB',,,,,,,,,b'$\xe2\x80\x89134.51',b'$\xe2\x80\x89419.00',,,,,,,
,,,,,,,,,,,,,,,,,,,,,,,,,,,,,,,,,,,,,,,,,,,,,,,,,,,,,,,,,,,,,,,,,,,,,,,,,,,,,,,,,,,,,,
b'motorola',b'Motorola Moto G7 Play',b'https://fdn2.gsmarena.com/vv/bigpic/motorola-moto-g7-play.jpg',b'GSM / HSPA / LTE',b'GSM 850 / 900 / 1800 / 1900 - SIM 1 & SIM 2 (dual-SIM model only)',b'HSDPA 850 / 900 / 1700(AWS) / 1900 / 2100',"b'1, 2, 3, 4, 5, 7, 8, 20, 28, 38, 40, 41 - Europe'","b'HSPA 42.2/5.76 Mbps, LTE-A (2CA) Cat7 300/50 Mbps'","b'2019, February'","b'Available. Released 2019, March'",b'147.3 x 71.5 x 8 mm (5.80 x 2.81 x 0.31 in)',b'149 g (5.26 oz)',"b'Single SIM (Nano-SIM) or Dual SIM (Nano-SIM, dual stand-by)'",b'IPS LCD',"b'5.7 inches, 81.4 cm2 (~77.3% screen-to-body ratio)'","b'720 x 1512 pixels, 19:9 ratio (~294 ppi density)'",b'Corning Gorilla Glass 3 (market dependent)',"b'Android 9.0 (Pie), upgradable to Android 10'",b'Qualcomm SDM632 Snapdragon 632 (14 nm)',b'Octa-core (4x1.8 GHz Kryo 250 Gold & 4x1.8 GHz Kryo 250 Silver)',b'Adreno 506',b'microSDXC (dedicated slot)',b'32GB 2GB RAM',"b'1, 2, 3, 4, 5, 7, 8, 12, 13, 14, 17, 20, 25, 26, 29, 30, 38, 39, 40, 41, 41, 66, 71 - USA'",,"b'LED flash, panorama, HDR'","b'4K@30fps, 1080p@30fps'","b'13 MP, f/2.0, 1/3.1"", 1.12\xc2\xb5m, PDAF'",b'1080p@30fps',b'Yes',b'Yes',"b'Wi-Fi 802.11 b/g/n, hotspot'","b'4.2, A2DP, LE'","b'Yes, with A-GPS, GLONASS'",b'No',b'FM radio',"b'USB Type-C 2.0, USB On-The-Go'","b'Fingerprint (rear-mounted), accelerometer, gyro, proximity, compass'","b'Li-Ion 3000 mAh, non-removable'",b'\xd0\x91attery charging 10W market dependent',"b'Deep indigo, Fine Gold, Starry Black'",,b'0.74 W/kg (head) \xc2\xa0 \xc2\xa0 1.40 W/kg (body)',b'$\xe2\x80\x8974.99',,b'LED flash',"b'8 MP, f/2.2, 1/4"", 1.12\xc2\xb5m'","b'Glass front (Gorilla Glass 3), plastic back, plastic frame'",,,,,b'0.84 W/kg (head) \xc2\xa0 \xc2\xa0 0.85 W/kg (body)',,,,,,,,b'Splash resistant (market dependent)',b'eMMC 5.1',,,"b'Contrast ratio: 1468:1 (nominal), 3.180 (sunlight)'",b'Photo / Video',b'Endurance rating 103h',b'AnTuTu: 97230 (v7) GeekBench: 4154 (v4.4) GFXBench: 7.7fps (ES 3.1 onscreen)',b'Voice 66dB / Noise 74dB / Ring 81dB',b'Noise -90.0dB / Crosstalk -92.9dB',,,,,,,,,,,b'$\xe2\x80\x8974.99',,,,,,
,,,,,,,,,,,,,,,,,,,,,,,,,,,,,,,,,,,,,,,,,,,,,,,,,,,,,,,,,,,,,,,,,,,,,,,,,,,,,,,,,,,,,,
b'motorola',b'Motorola One (P30 Play)',b'https://fdn2.gsmarena.com/vv/bigpic/motorola-one-.jpg',b'GSM / HSPA / LTE',b'GSM 850 / 900 / 1800 / 1900 - SIM 1 & SIM 2 (dual-SIM model only)',b'HSDPA 850 / 900 / 1900 / 2100',"b'1, 2, 3, 5, 7, 8, 34, 38, 39, 40, 41'","b'HSPA 42.2/5.76 Mbps, LTE-A'","b'2018, August'","b'Available. Released 2018, October'",b'149.9 x 72.2 x 8 mm (5.90 x 2.84 x 0.31 in)',b'162 g (5.71 oz)',"b'Single SIM (Nano-SIM) or Dual SIM (Nano-SIM, dual stand-by)'",b'LTPS IPS LCD',"b'5.9 inches, 85.7 cm2 (~79.2% screen-to-body ratio)'","b'720 x 1520 pixels, 19:9 ratio (~287 ppi density)'",b'Corning Gorilla Glass (unspecified version)',"b'Android 8.1 (Oreo), upgradable to Android 10, Android One'",b'Qualcomm MSM8953 Snapdragon 625 (14 nm)',b'Octa-core 2.0 GHz Cortex-A53',b'Adreno 506',b'microSDXC (dedicated slot)',b'64GB 4GB RAM',b'HSDPA 850 / 900 / 1700(AWS) / 1900 / 2100 - Europe',,"b'LED flash, panorama'","b'4K@30fps, 1080p@30/60fps'","b'8 MP, f/2.2, 1/4"", 1.12\xc2\xb5m'",b'1080p@30fps',b'Yes',b'Yes',"b'Wi-Fi 802.11 a/b/g/n, dual-band, Wi-Fi Direct, hotspot'","b'5.0, A2DP, LE, EDR'","b'Yes, with A-GPS, GLONASS, BDS, GALILEO'",b'Yes',b'FM radio',b'USB Type-C 2.0',"b'Fingerprint (rear-mounted), accelerometer, gyro, proximity, compass'","b'Li-Ion 3000 mAh, non-removable'",b'Fast charging 15W',"b'Black, White'",b'XT1941',b'0.46 W/kg (head) \xc2\xa0 \xc2\xa0 0.80 W/kg (body)',b'$\xe2\x80\x89169.99 / \xe2\x82\xac\xe2\x80\x89299.00 / \xc2\xa3\xe2\x80\x89299.99',"b'13 MP, f/2.0, 1/3.1"", 1.12\xc2\xb5m, PDAF 2 MP, f/2.4, (depth)'",,,"b'Glass front (Gorilla Glass), plastic back, plastic frame'",,,,,b'0.46 W/kg (head) \xc2\xa0 \xc2\xa0 0.80 W/kg (body)',,,,,,,,"b'1, 2, 3, 4, 5, 7, 8, 28 - Europe'",b'eMMC 5.1',,,"b'Contrast ratio: 1760 (nominal), 3.026 (sunlight)'",b'Photo / Video',b'Endurance rating 102h',b'AnTuTu: 81024 (v7) GeekBench: 4183 (v4.4) GFXBench: 7.2fps (ES 3.1 onscreen)',b'Voice 79dB / Noise 74dB / Ring 85dB',b'Noise -87.9dB / Crosstalk -90.2dB',,,,,,,,,,b'$\xe2\x80\x89169.99',,,,,,,
