Brand,Model Name,Model Image,Technology,2G bands,3G bands,Speed,Announced,Status,Dimensions,Weight,SIM,Type,Size,Resolution,OS,Chipset,CPU,GPU,Card slot,Internal,Single,Features,Video,Single_1,Video_1,Loudspeaker,3.5mm jack,WLAN,Bluetooth,GPS,NFC,Radio,USB,Sensors,Type_1,Stand-by,Talk time,Colors,,_1,GPRS,EDGE,Phonebook,Call records,Messaging,Games,Java,Keyboard,_1_1,Price,4G bands,Quad,Charging,Models,64GB 4GB RAM,128GB 4GB RAM,Build,Features_1,4GB 512MB RAM,5G bands,Protection,Dual,SAR,SAR EU,128MB 64MB RAM,Triple,32GB 3GB RAM,64GB 3GB RAM,32GB 2GB RAM,16GB 2GB RAM,128GB 8GB RAM,64GB 6GB RAM,64GB 8GB RAM,16GB 1GB RAM,16MB 8MB RAM,Performance,Display,Camera,Loudspeaker_1,Audio quality,Battery life,128GB 6GB RAM,4GB 512MB,Five,8GB 1GB RAM,Music play,Stand-by_1,Talk time_1,16GB 3GB RAM,Browser,Infrared port,Alert types,Languages,Clock,Alarm
,,,,,,,,,,,,,,,,,,,,,,,,,,,,,,,,,,,,,,,,,,,,,,,,,,,,,,,,,,,,,,,,,,,,,,,,,,,,,,,,,,,,,,,,,,,,,,,
b'nokia',b'Nokia 5.4',b'https://fdn2.gsmarena.com/vv/bigpic/nokia-54-2020.jpg',b'GSM / HSPA / LTE',b'GSM 850 / 900 / 1800 / 1900 - SIM 1 & SIM 2 (dual-SIM model only)',b'HSDPA 850 / 900 / 1900 / 2100 - International',"b'HSPA 42.2/5.76 Mbps, LTE Cat4 150/50 Mbps'","b'2020, December 15'","b'Available. Released 2020, December 25'",b'161 x 76 x 8.7 mm (6.34 x 2.99 x 0.34 in)',b'181 g (6.38 oz)',"b'Single SIM (Nano-SIM) or Dual SIM (Nano-SIM, dual stand-by)'","b'IPS LCD, 400 nits (typ)'","b'6.39 inches, 100.2 cm2 (~81.9% screen-to-body ratio)'","b'720 x 1560 pixels, 19.5:9 ratio (~269 ppi density)'",b'Android 10',b'Qualcomm SM6115 Snapdragon 662 (11 nm)',b'Octa-core (4x2.0 GHz Kryo 260 Gold & 4x1.8 GHz Kryo 260 Silver)',b'Adreno 610',b'microSDXC (dedicated slot)',"b'64GB 4GB RAM, 64GB 6GB RAM, 128GB 4GB RAM'","b'16 MP, f/2.0, (wide)'","b'LED flash, HDR, panorama'","b'4K@30fps, 1080p@30fps'",,b'1080p@30fps',b'Yes',b'Yes',"b'Wi-Fi 802.11 b/g/n, hotspot'","b'4.2, A2DP, aptX Adaptive'","b'Yes, with A-GPS, GLONASS, GALILEO, BDS'",b'Yes (market/region dependent)',b'FM radio',"b'USB Type-C 2.0, USB On-The-Go'","b'Fingerprint (rear-mounted), accelerometer, gyro, proximity'","b'Li-Po 4000 mAh, non-removable'",,,"b'Polar Night, Dusk'","b'HSDPA 850 / 900 / 1700(AWS) / 1900 / 2100 - NA, LATAM'","b'1, 2, 3, 4, 5, 7, 8, 12, 13, 17, 28, 66 - NA, LATAM'",,,,,,,,,,b'$\xe2\x80\x89249.99 / \xe2\x82\xac\xe2\x80\x89209.99 / \xc2\xa3\xe2\x80\x89159.00',"b'1, 3, 5, 7, 8, 20, 28, 38, 40, 41 - International'","b'48 MP, f/1.8, (wide), PDAF 5 MP, 13mm (ultrawide) 2 MP, (macro) 2 MP, (depth)'",b'Charging 10W',"b'TA-1333, TA-1340'",b'$\xe2\x80\x89249.99',b'\xe2\x82\xac\xe2\x80\x89209.99',,,,,,,,,,,,,,,,,,,,,,,,,,,,,,,,,,,,,,,
,,,,,,,,,,,,,,,,,,,,,,,,,,,,,,,,,,,,,,,,,,,,,,,,,,,,,,,,,,,,,,,,,,,,,,,,,,,,,,,,,,,,,,,,,,,,,,,
b'nokia',b'Nokia C1 Plus',b'https://fdn2.gsmarena.com/vv/bigpic/nokia-c1-plus.jpg',b'GSM / HSPA / LTE',b'GSM 850 / 900 / 1800 / 1900 - SIM 1 & SIM 2 (dual-SIM model only)',"b'HSDPA 850 / 900 / 2100 - International, APAC'","b'HSPA 21.1/5.76 Mbps, LTE Cat4 150/50 Mbps'","b'2020, December 15'","b'Available. Released 2021, January 29'",b'149.1 x 71.2 x 8.8 mm (5.87 x 2.80 x 0.35 in)',b'146 g (5.15 oz)',"b'Single SIM (Nano-SIM) or Dual SIM (Nano-SIM, dual stand-by)'",b'IPS LCD',"b'5.45 inches, 76.7 cm2 (~72.2% screen-to-body ratio)'","b'480 x 960 pixels, 18:9 ratio (~197 ppi density)'",b'Android 10 (Go edition)',,b'Quad-core 1.4 GHz',,b'microSDXC (dedicated slot)',b'16GB 1GB RAM',b'5 MP',"b'LED flash, HDR'",b'720p@30fps',b'5 MP',b'720p@30fps',b'Yes',b'Yes',"b'Wi-Fi 802.11 b/g/n, hotspot'","b'4.2, A2DP, LE'","b'Yes, with A-GPS'",b'No',b'FM radio',b'microUSB 2.0',"b'Accelerometer, proximity'","b'Li-Ion 2500 mAh, removable'",,,"b'Blue, Red'",b'HSDPA 850 / 1700(AWS) / 1900 / 900 - LATAM',b'HSDPA 900 / 2100 - Saudi Arabia',,,,,,,,,b'eMMC 5.1',b'About 70 EUR',"b'1, 3, 7, 8, 20, 28 - International'",,,b'TA-1312',,,"b'Glass front, plastic back, plastic frame'","b'LED flash, HDR'",,,,,,,,,,,,,,,,,,,,,,,,,,,,,,,,,,,,,
,,,,,,,,,,,,,,,,,,,,,,,,,,,,,,,,,,,,,,,,,,,,,,,,,,,,,,,,,,,,,,,,,,,,,,,,,,,,,,,,,,,,,,,,,,,,,,,
b'nokia',b'Nokia 8000 4G',b'https://fdn2.gsmarena.com/vv/bigpic/nokia-8800-4g.jpg',b'GSM / HSPA / LTE',b'GSM 850 / 900 / 1800 / 1900 - SIM 1 & SIM 2 (dual-SIM model only)',b'HSDPA 2100',"b'HSPA, LTE Cat4 150/50 Mbps'","b'2020, November 13'","b'Available. Released 2021, January 06'",b'132.2 x 56.5 x 12.3 mm (5.20 x 2.22 x 0.48 in)',b'110.2 g (3.88 oz)',"b'Single SIM (Nano-SIM) or Dual SIM (Nano-SIM, dual stand-by)'","b'TFT, 16M colors'","b'2.8 inches, 24.3 cm2 (~32.5% screen-to-body ratio)'","b'240 x 320 pixels, 4:3 ratio (~143 ppi density)'",b'KaiOS',b'Qualcomm MSM8909 Snapdragon 210 (28 nm)',b'Quad-core 1.1 GHz Cortex-A7',b'Adreno 304',b'microSDHC',b'4GB 512MB RAM',b'2 MP',b'LED flash',b'',,,b'Yes',b'Yes',"b'Yes, hotspot'",b'Yes',"b'Yes, with A-GPS'",,b'FM radio',b'microUSB',b'',b'Removable Li-Ion 1500 mAh battery',,,"b'Onyx/Black, Opal/White, Topaz/Blue, Cintrine/Gold'",b'No',,,,,,,,,,,b'\xe2\x82\xac\xe2\x80\x8987.27 / \xc2\xa3\xe2\x80\x8978.20',b'LTE (unspecified)',,,b'TA-1303',,,"b'Plastic frame, plastic back'",,b'\xe2\x82\xac\xe2\x80\x8987.27',,,,,,,,,,,,,,,,,,,,,,,,,,,,,,,,,,,,
,,,,,,,,,,,,,,,,,,,,,,,,,,,,,,,,,,,,,,,,,,,,,,,,,,,,,,,,,,,,,,,,,,,,,,,,,,,,,,,,,,,,,,,,,,,,,,,
b'nokia',b'Nokia 6300 4G',b'https://fdn2.gsmarena.com/vv/bigpic/nokia-6300-4g.jpg',b'GSM / HSPA / LTE',b'GSM 850 / 900 / 1800 / 1900 - SIM 1 & SIM 2 (dual-SIM model only)',b'HSDPA 2100',"b'HSPA, LTE Cat4 150/50 Mbps'","b'2020, November 13'","b'Available. Released 2021, January 06'",b'131.4 x 53 x 13.7 mm (5.17 x 2.09 x 0.54 in)',b'104.7 g (3.70 oz)',"b'Single SIM (Nano-SIM) or Dual SIM (Nano-SIM, dual stand-by)'","b'TFT, 16M colors'","b'2.4 inches, 17.8 cm2 (~25.6% screen-to-body ratio)'","b'240 x 320 pixels, 4:3 ratio (~167 ppi density)'",b'KaiOS',b'Qualcomm MSM8909 Snapdragon 210 (28 nm)',b'Quad-core 1.1 GHz Cortex-A7',b'Adreno 304',b'microSDHC',b'4GB 512MB RAM',b'VGA',b'LED flash',b'',,,b'Yes',b'Yes',"b'Yes, hotspot'",b'Yes',"b'Yes, with A-GPS'",,b'FM radio',b'microUSB',b'',b'Removable Li-Ion 1500 mAh battery',,,"b'Light Charcoal, White, Cyan Green'",b'No',,,,,,,,,,,b'\xe2\x82\xac\xe2\x80\x8969.90 / \xc2\xa3\xe2\x80\x8959.99',b'LTE (unspecified)',,,b'TA-1294',,,"b'Plastic frame, plastic back'",,b'\xe2\x82\xac\xe2\x80\x8969.90',,,,,,,,,,,,,,,,,,,,,,,,,,,,,,,,,,,,
,,,,,,,,,,,,,,,,,,,,,,,,,,,,,,,,,,,,,,,,,,,,,,,,,,,,,,,,,,,,,,,,,,,,,,,,,,,,,,,,,,,,,,,,,,,,,,,
b'nokia',b'Nokia 8 V 5G UW',b'https://fdn2.gsmarena.com/vv/bigpic/nokia-8-v-5g-uw.jpg',b'GSM / HSPA / LTE / 5G',b'GSM 850 / 900 / 1800 / 1900 - SIM 1 & SIM 2',b'HSDPA 850 / 900 / 1700(AWS) / 1900 / 2100',"b'HSPA 42.2/5.76 Mbps, LTE-A (4CA) Cat18 1200/150 Mbps, 5G 2.4/1.2 Gbps'","b'2020, November 09'","b'Available. Released 2020, November 12'",b'171.9 x 78.6 x 9 mm (6.77 x 3.09 x 0.35 in)',b'230 g (8.11 oz)',b'Pre-installed Nano-SIM',b'IPS LCD',"b'6.81 inches, 112.0 cm2 (~82.9% screen-to-body ratio)'","b'1080 x 2400 pixels, 20:9 ratio (~386 ppi density)'",b'Android 10',b'Qualcomm SM7250 Snapdragon 765G (7 nm)',b'Octa-core (1x2.4 GHz Kryo 475 Prime & 1x2.2 GHz Kryo 475 Gold & 6x1.8 GHz Kryo 475 Silver)',b'Adreno 620',b'microSDXC',b'64GB 6GB RAM',"b'24 MP, f/2.0, (wide), 1/2.8"", 0.9\xc2\xb5m'","b'Zeiss optics, Dual-LED flash, panorama, HDR'","b'4K@30/60fps, 1080p@30/240fps, 720p@960fps, gyro-EIS'",,b'1080p@30fps',b'Yes',b'Yes',"b'Wi-Fi 802.11 a/b/g/n/ac, dual-band, Wi-Fi Direct, hotspot'","b'5.0, A2DP, EDR, LE'","b'Yes, with A-GPS, GLONASS, BDS'",b'Yes',b'FM radio',"b'USB Type-C 2.0, USB On-The-Go'","b'Fingerprint (side-mounted), accelerometer, gyro, proximity, compass'","b'Li-Po 4500 mAh, non-removable'",,,b'Meteor Gray',,,,,,,,,,,,b'About 700 USD',"b'1, 2, 3, 4, 5, 7, 12, 13, 17, 20, 28, 46, 66'","b'64 MP, f/1.8, (wide), 1/1.72"", 0.8\xc2\xb5m, PDAF 12 MP, f/2.2, 120\xcb\x9a (ultrawide), 1/2.43"", 1.4\xc2\xb5m, AF 2 MP, (macro) 2 MP, (depth)'",b'Fast charging 18W',,,,,"b'Zeiss optics, HDR'",,"b'2, 5, 66, 260, 261 Sub6/mmWave'",b'Corning Gorilla Glass',,,,,,,,,,,,,,,,,,,,,,,,,,,,,,,,,,
,,,,,,,,,,,,,,,,,,,,,,,,,,,,,,,,,,,,,,,,,,,,,,,,,,,,,,,,,,,,,,,,,,,,,,,,,,,,,,,,,,,,,,,,,,,,,,,
b'nokia',b'Nokia 2 V Tella',b'https://fdn2.gsmarena.com/vv/bigpic/nokia-2-v-tella.jpg',b'GSM / HSPA / LTE',b'GSM 850 / 900 / 1800 / 1900',b'HSDPA 850 / 1700(AWS) / 1900',"b'HSPA 42.2/5.76 Mbps, LTE Cat6 300/50 Mbps'","b'2020, October 21'","b'Available. Released 2020, October 21'",b'150.6 x 71.6 x 9.1 mm (5.93 x 2.82 x 0.36 in)',b'180 g (6.35 oz)',b'Nano-SIM',b'IPS LCD',"b'5.45 inches, 76.7 cm2 (~71.1% screen-to-body ratio)'","b'720 x 1440 pixels, 18:9 ratio (~295 ppi density)'",b'Android 10',b'Mediatek MT6761 Helio A22 (16 nm)',b'Quad-core 2.0 GHz Cortex-A53',b'PowerVR GE8320',b'microSDXC',b'16GB 2GB RAM',b'5 MP',"b'LED flash, HDR, panorama'",b'1080p@30fps',,b'720p@30fps',b'Yes',b'Yes',"b'Wi-Fi 802.11 b/g/n, hotspot'","b'4.2, A2DP, LE'","b'Yes, with A-GPS'",b'No',b'FM radio',b'USB Type-C 2.0',"b'Accelerometer, proximity'","b'Li-Po 3000 mAh, removable'",,,b'Blue',b'eMMC 5.1',,,,,,,,,,,b'About 140 EUR',b'LTE',,b'Charging 10W',,,,"b'Glass front, plastic back, plastic frame'",,,,,"b'8 MP, AF 2 MP'",,,,,,,,,,,,,,,,,,,,,,,,,,,,,,,,,
,,,,,,,,,,,,,,,,,,,,,,,,,,,,,,,,,,,,,,,,,,,,,,,,,,,,,,,,,,,,,,,,,,,,,,,,,,,,,,,,,,,,,,,,,,,,,,,
b'nokia',b'Nokia 225 4G',b'https://fdn2.gsmarena.com/vv/bigpic/nokia-225-4g.jpg',b'GSM / HSPA / LTE',b'GSM 850 / 900 / 1800 / 1900 - SIM 1 & SIM 2 (dual-SIM model only)',b'HSDPA 850 / 900 / 2100 - International',"b'HSPA, LTE'","b'2020, October 10'","b'Available. Released 2020, October 17'",b'124.7 x 51 x 13.7 mm (4.91 x 2.01 x 0.54 in)',b'90.1 g (3.17 oz)',"b'Single SIM (Nano-SIM) or Dual SIM (Nano-SIM, dual stand-by)'","b'TFT, 256K colors'","b'2.4 inches, 17.8 cm2 (~28.0% screen-to-body ratio)'","b'240 x 320 pixels, 4:3 ratio (~167 ppi density)'",,b'Unisoc UMS9117',,,b'microSDHC',b'128MB 64MB RAM',b'0.3 MP',,b'',,,b'Yes',b'Yes',b'No',b'5.0',b'No',b'No',"b'FM radio, built-in antenna'",b'microUSB 2.0',b'',"b'Li-Ion 1150 mAh, removable'",,,"b'Black, Classic Blue, Metallic Sand'","b'HSDPA 850 / 900 / 1700(AWS) / 1900 / 2100 - NA, LATAM'","b'1, 3, 5, 7, 8, 20, 28, 38, 40, 41 - MENA, AU, NZ, PHI, HK, TW, NG, TZ'",,,b'Yes',b'Yes',"b'SMS(threaded view), MMS, IM'",b'Yes',b'',,b'MP3 player',"b'\xc2\xa3\xe2\x80\x8944.99 / \xe2\x82\xb9\xe2\x80\x893,539'","b'1, 3, 5, 7, 8, 20, 38, 40 - EU, APAC, SSA'",,,"b'TA-1321, TA-1296, TA-1279, TA-1276'",,,,,,,,,b'1.41 W/kg (head) \xc2\xa0 \xc2\xa0 1.34 W/kg (body)',b'1.63 W/kg (head) \xc2\xa0 \xc2\xa0 1.79 W/kg (body)',b'\xc2\xa3\xe2\x80\x8944.99',,,,,,,,,,,,,,,,,,,,,,,,,,,,,,
,,,,,,,,,,,,,,,,,,,,,,,,,,,,,,,,,,,,,,,,,,,,,,,,,,,,,,,,,,,,,,,,,,,,,,,,,,,,,,,,,,,,,,,,,,,,,,,
b'nokia',b'Nokia 215 4G',b'https://fdn2.gsmarena.com/vv/bigpic/nokia-215-4g.jpg',b'GSM / HSPA / LTE',b'GSM 850 / 900 / 1800 / 1900 - SIM 1 & SIM 2 (dual-SIM model only)',b'HSDPA 850 / 900 / 2100 - International',"b'HSPA, LTE'","b'2020, October 10'","b'Available. Released 2020, October 17'",b'124.7 x 51 x 13.7 mm (4.91 x 2.01 x 0.54 in)',b'90.3 g (3.17 oz)',"b'Single SIM (Nano-SIM) or Dual SIM (Nano-SIM, dual stand-by)'","b'TFT, 256K colors'","b'2.4 inches, 17.8 cm2 (~28.0% screen-to-body ratio)'","b'240 x 320 pixels, 4:3 ratio (~167 ppi density)'",,b'Unisoc UMS9117',,,b'microSDHC',b'128MB 64MB RAM',,,,,,b'Yes',b'Yes',b'No',b'5.0',b'No',b'No',"b'FM radio, built-in antenna'",b'microUSB 2.0',b'',"b'Li-Ion 1150 mAh, removable'",,,"b'Black, Cyan Green'","b'HSDPA 850 / 900 / 1700(AWS) / 1900 / 2100 - NA, LATAM'","b'1, 3, 5, 7, 8, 20, 28, 38, 40, 41 - MENA, AU, NZ, PHI, HK, TW, NG, TZ'",,,b'Yes',b'Yes',"b'SMS(threaded view), MMS, IM'",b'Yes',b'',,b'MP3 player',"b'$\xe2\x80\x8969.95 / \xe2\x82\xb9\xe2\x80\x893,221'","b'1, 3, 5, 7, 8, 20, 38, 40 - EU, APAC, SSA'",,,"b'TA-1284, TA-1281, TA-1272, TA-1264'",,,,,,,,,b'1.14 W/kg (head) \xc2\xa0 \xc2\xa0 1.35 W/kg (body)',b'1.63 W/kg (head) \xc2\xa0 \xc2\xa0 1.79 W/kg (body)',b'$\xe2\x80\x8969.95',,,,,,,,,,,,,,,,,,,,,,,,,,,,,,
,,,,,,,,,,,,,,,,,,,,,,,,,,,,,,,,,,,,,,,,,,,,,,,,,,,,,,,,,,,,,,,,,,,,,,,,,,,,,,,,,,,,,,,,,,,,,,,
b'nokia',b'Nokia 3.4',b'https://fdn2.gsmarena.com/vv/bigpic/nokia-34.jpg',b'GSM / HSPA / LTE',b'GSM 850 / 900 / 1800 / 1900 - SIM 1 & SIM 2 (dual-SIM model only)',b'HSDPA 850 / 900 / 1700(AWS) / 1900 / 2100',"b'HSPA 42.2/5.76 Mbps, LTE-A'","b'2020, September 22'","b'Available. Released 2020, October 26'",b'161 x 76 x 8.7 mm (6.34 x 2.99 x 0.34 in)',b'180 g (6.35 oz)',"b'Single SIM (Nano-SIM) or Dual SIM (Nano-SIM, dual stand-by)'","b'IPS LCD, 400 nits (typ)'","b'6.39 inches, 100.2 cm2 (~81.9% screen-to-body ratio)'","b'720 x 1560 pixels, 19.5:9 ratio (~269 ppi density)'","b'Android 10, planned upgrade to Android 11'",b'Qualcomm SM4250 Snapdragon 460 (11 nm)',b'Octa-core (4x1.8 GHz Cortex-A73 & 4x1.8 GHz Cortex-A53)',b'Adreno 610',b'microSDXC (dedicated slot)',"b'32GB 3GB RAM, 64GB 3GB RAM, 64GB 4GB RAM'","b'8 MP, (wide)'","b'LED flash, HDR, panorama'",b'1080p@30fps',,b'1080p@30fps',b'Yes',b'Yes',"b'Wi-Fi 802.11 b/g/n, hotspot'","b'4.2, A2DP, aptX'","b'Yes, with A-GPS, GLONASS, GALILEO, BDS'",b'Yes (market/region dependent)',b'FM radio',b'USB Type-C 2.0',"b'Fingerprint (rear-mounted), accelerometer, gyro, proximity'","b'Li-Po 4000 mAh, non-removable'",,,"b'Fjord, Dusk, Charcoal'",b'eMMC 5.1',,,,,,,,,,,b'\xe2\x82\xac\xe2\x80\x89138.98 / \xc2\xa3\xe2\x80\x89115.99',"b'1, 2, 3, 4, 5, 7, 8, 12, 17, 13, 28, 66'",,b'Charging 10W',"b'TA-1288, TA-1285, TA-1283'",b'\xe2\x82\xac\xe2\x80\x89162.73',,,,,,,,b'0.83 W/kg (head) \xc2\xa0 \xc2\xa0 1.05 W/kg (body)',b'0.36 W/kg (head) \xc2\xa0 \xc2\xa0 1.56 W/kg (body)',,"b'13 MP, (wide), PDAF 5 MP, (ultrawide) 2 MP, (depth)'",b'\xe2\x82\xac\xe2\x80\x89161.74',b'\xe2\x82\xac\xe2\x80\x89138.98',,,,,,,,,,,,,,,,,,,,,,,,,,,
,,,,,,,,,,,,,,,,,,,,,,,,,,,,,,,,,,,,,,,,,,,,,,,,,,,,,,,,,,,,,,,,,,,,,,,,,,,,,,,,,,,,,,,,,,,,,,,
b'nokia',b'Nokia 2.4',b'https://fdn2.gsmarena.com/vv/bigpic/nokia-24.jpg',b'GSM / HSPA / LTE',b'GSM 850 / 900 / 1800 / 1900 - SIM 1 & SIM 2',b'HSDPA 850 / 900 / 1900 / 2100',"b'HSPA 42.2/5.76 Mbps, LTE-A Cat4 150/50 Mbps'","b'2020, September 22'","b'Available. Released 2020, September 30'",b'165.9 x 76.3 x 8.7 mm (6.53 x 3.00 x 0.34 in)',b'195 g (6.88 oz)',"b'Dual SIM (Nano-SIM, dual stand-by)'",b'IPS LCD',"b'6.5 inches, 102.0 cm2 (~80.6% screen-to-body ratio)'","b'720 x 1600 pixels, 20:9 ratio (~270 ppi density)'","b'Android 10, planned upgrade to Android 11'",b'Mediatek MT6762 Helio P22 (12 nm)',b'Octa-core 2.0 GHz Cortex-A53',b'PowerVR GE8320',b'microSDXC (dedicated slot)',"b'32GB 2GB RAM, 64GB 3GB RAM'","b'5 MP, f/2.4'","b'LED flash, HDR, panorama'",b'1080p@30fps',,b'',b'Yes',b'Yes',"b'Wi-Fi 802.11 b/g/n, hotspot'","b'5.0, A2DP, LE'","b'Yes, with A-GPS, GLONASS, BDS'",b'No',b'FM radio',"b'microUSB 2.0, USB On-The-Go'","b'Fingerprint (rear-mounted), accelerometer, proximity'","b'Li-Po 4500 mAh, non-removable'",,,"b'Fjord, Dusk, Charcoal'",b'eMMC 5.1',,,,,,,,,,,b'$\xe2\x80\x89139.00 / \xe2\x82\xac\xe2\x80\x89180.83 / \xc2\xa3\xe2\x80\x8999.95',b'LTE (unspecified)',,,"b'TA-1277, TA-1275, TA-1274, TA-1270'",,,,,,,,"b'13 MP, AF 2 MP, (depth)'",b'0.77 W/kg (head) \xc2\xa0 \xc2\xa0 1.32 W/kg (body)',b'0.27 W/kg (head) \xc2\xa0 \xc2\xa0 1.54 W/kg (body)',,,,b'\xe2\x82\xac\xe2\x80\x89180.83',b'$\xe2\x80\x89139.00',,,,,,,,,,,,,,,,,,,,,,,,,,
,,,,,,,,,,,,,,,,,,,,,,,,,,,,,,,,,,,,,,,,,,,,,,,,,,,,,,,,,,,,,,,,,,,,,,,,,,,,,,,,,,,,,,,,,,,,,,,
b'nokia',b'Nokia C3',b'https://fdn2.gsmarena.com/vv/bigpic/nokia-c3-2020.jpg',b'GSM / HSPA / LTE',b'GSM 850 / 900 / 1800 / 1900 - SIM 1 & SIM 2',b'HSDPA 850 / 900 / 1900 / 2100',"b'HSPA 42.2/5.76 Mbps, LTE Cat4 150/50 Mbps'","b'2020, August 04'","b'Available. Released 2020, August 13'",b'159.9 x 77 x 8.7 mm (6.30 x 3.03 x 0.34 in)',b'184.5 g (6.53 oz)',"b'Dual SIM (Nano-SIM, dual stand-by)'",b'IPS LCD',"b'5.99 inches, 92.6 cm2 (~75.2% screen-to-body ratio)'","b'720 x 1440 pixels, 18:9 ratio (~269 ppi density)'",b'Android 10',b'Unisoc SC9863A (28nm)',b'Octa-core (4x1.6 GHz Cortex-A55 & 4x1.2 GHz Cortex-A55)',b'IMG8322',b'microSDXC (dedicated slot)',"b'16GB 2GB RAM, 32GB 3GB RAM'","b'8 MP, f/2.0, AF'","b'LED flash, HDR'",b'1080p@30fps',"b'5 MP, f/2.4'",b'720p@30fps',b'Yes',b'Yes',"b'Wi-Fi 802.11 b/g/n, hotspot'","b'4.2, A2DP, LE'","b'Yes, with A-GPS'",b'No',b'FM radio',b'microUSB 2.0',"b'Fingerprint (rear-mounted), accelerometer, proximity'","b'Li-Ion 3040 mAh, removable'",,,"b'Nordic blue, Sand gold'",b'eMMC 5.1',,,,,,,,,,,"b'\xe2\x82\xb9\xe2\x80\x896,602'",b'LTE',,,,,,"b'Glass front, plastic back, plastic frame'",,,,,,,,,,"b'\xe2\x82\xb9\xe2\x80\x897,999'",,,"b'\xe2\x82\xb9\xe2\x80\x896,602'",,,,,,,,,,,,,,,,,,,,,,,,,
,,,,,,,,,,,,,,,,,,,,,,,,,,,,,,,,,,,,,,,,,,,,,,,,,,,,,,,,,,,,,,,,,,,,,,,,,,,,,,,,,,,,,,,,,,,,,,,
b'nokia',b'Nokia C5 Endi',b'https://fdn2.gsmarena.com/vv/bigpic/nokia-c5-endi.jpg',b'GSM / HSPA / LTE',b'GSM 850 / 900 / 1800 / 1900',b'HSDPA 850 / 1700(AWS) / 1900',"b'HSPA 42.2/5.76 Mbps, LTE-A (2CA) Cat6 300/50 Mbps'","b'2020, May 29'","b'Available. Released 2020, June 05'",b'171.7 x 76.7 x 8.9 mm (6.76 x 3.02 x 0.35 in)',b'200 g (7.05 oz)',b'Nano-SIM',b'IPS LCD',"b'6.52 inches, 102.6 cm2 (~77.9% screen-to-body ratio)'","b'720 x 1600 pixels, 20:9 ratio (~269 ppi density)'",b'Android 10',b'Mediatek MT6762 Helio P22 (12 nm)',b'Octa-core 2.0 GHz Cortex-A53',b'PowerVR GE8320',b'microSDXC',b'64GB 3GB RAM',"b'8 MP, (wide)'","b'LED flash, HDR, panorama'",b'1080p@30fps',,b'1080p@30fps',b'Yes',b'Yes',"b'Wi-Fi 802.11 b/g/n, hotspot'","b'5.0, A2DP, LE'","b'Yes, with A-GPS'",b'No',b'FM radio',b'USB Type-C 2.0',"b'Fingerprint (rear-mounted), accelerometer, proximity, compass'","b'Li-Po 4000 mAh, non-removable'",,,b'Midnight Blue',b'eMMC 5.1',,,,,,,,,,,b'About 150 EUR',b'LTE',,b'Charging 10W',,,,"b'Glass front, plastic back, plastic frame'",,,,,,,,,"b'13 MP, (wide), PDAF 5 MP, (ultrawide) 2 MP, (depth)'",,,,,,,,,,,,,,,,,,,,,,,,,,,,,
,,,,,,,,,,,,,,,,,,,,,,,,,,,,,,,,,,,,,,,,,,,,,,,,,,,,,,,,,,,,,,,,,,,,,,,,,,,,,,,,,,,,,,,,,,,,,,,
b'nokia',b'Nokia C2 Tennen',b'https://fdn2.gsmarena.com/vv/bigpic/nokia-c2-tennen.jpg',b'GSM / HSPA / LTE',b'GSM 850 / 900 / 1800 / 1900',b'HSDPA 850 / 1700(AWS) / 1900',"b'HSPA 21.1/5.76 Mbps, LTE, Cat6 300/50 Mbps'","b'2020, May 29'","b'Available. Released 2020, June 15'",b'150.6 x 72.4 x 9.1 mm (5.93 x 2.85 x 0.36 in)',b'180 g (6.35 oz)',b'Nano-SIM',b'IPS LCD',"b'5.45 inches, 76.7 cm2 (~70.3% screen-to-body ratio)'","b'720 x 1440 pixels, 18:9 ratio (~295 ppi density)'",b'Android 10',b'Mediatek MT6761 Helio A22 (16 nm)',b'Quad-core 2.0 GHz Cortex-A53',b'PowerVR GE8320',b'microSDXC',"b'16GB 2GB RAM, 32GB 2GB RAM'",b'5 MP',"b'LED flash, HDR, panorama'",b'1080p@30fps',,b'720p@30fps',b'Yes',b'Yes',"b'Wi-Fi 802.11 b/g/n, hotspot'","b'4.2, A2DP, LE'","b'Yes, with A-GPS'",b'No',b'FM radio',b'USB Type-C 2.0',"b'Accelerometer, proximity'","b'Li-Po 3000 mAh, removable'",,,b'Steel',b'eMMC 5.1',,,,,,,,,,,b'About 60 EUR',b'LTE',,b'Charging 10W',,,,"b'Glass front, plastic back, plastic frame'",,,,,"b'8 MP, AF 2 MP'",,,,,,,,,,,,,,,,,,,,,,,,,,,,,,,,,
,,,,,,,,,,,,,,,,,,,,,,,,,,,,,,,,,,,,,,,,,,,,,,,,,,,,,,,,,,,,,,,,,,,,,,,,,,,,,,,,,,,,,,,,,,,,,,,
b'nokia',b'Nokia C2 Tava',b'https://fdn2.gsmarena.com/vv/bigpic/nokia-c2-tava.jpg',b'GSM / HSPA / LTE',b'GSM 850 / 900 / 1800 / 1900',b'HSDPA 850 / 1700(AWS) / 1900',"b'HSPA 42.2/5.76 Mbps, LTE Cat6 300/50 Mbps'","b'2020, May 29'","b'Available. Released 2020, May 29'",b'150.6 x 72.4 x 9.1 mm (5.93 x 2.85 x 0.36 in)',b'180 g (6.35 oz)',b'Nano-SIM',b'IPS LCD',"b'5.45 inches, 76.7 cm2 (~70.3% screen-to-body ratio)'","b'720 x 1440 pixels, 18:9 ratio (~295 ppi density)'",b'Android 10',b'Mediatek MT6761 Helio A22 (16 nm)',b'Quad-core 2.0 GHz Cortex-A53',b'PowerVR GE8320',b'microSDXC',"b'16GB 2GB RAM, 32GB 2GB RAM'",b'5 MP',"b'LED flash, HDR, panorama'",b'1080p@30fps',,b'720p@30fps',b'Yes',b'Yes',"b'Wi-Fi 802.11 b/g/n, hotspot'","b'4.2, A2DP, LE'","b'Yes, with A-GPS'",b'No',b'FM radio',b'USB Type-C 2.0',"b'Accelerometer, proximity'","b'Li-Po 3000 mAh, removable'",,,b'Tempered Blue',b'eMMC 5.1',,,,,,,,,,,b'About 100 EUR',b'LTE',,b'Charging 10W',,,,"b'Glass front, plastic back, plastic frame'",,,,,"b'8 MP, AF 2 MP'",,,,,,,,,,,,,,,,,,,,,,,,,,,,,,,,,
,,,,,,,,,,,,,,,,,,,,,,,,,,,,,,,,,,,,,,,,,,,,,,,,,,,,,,,,,,,,,,,,,,,,,,,,,,,,,,,,,,,,,,,,,,,,,,,
b'nokia',b'Nokia 150 (2020)',b'https://fdn2.gsmarena.com/vv/bigpic/nokia-150-2020.jpg',b'GSM',b'GSM 900 / 1800 - SIM 1 & SIM 2',,,"b'2020, May 12'","b'Available. Released 2020, May 29'",b'132 x 50.5 x 15 mm (5.20 x 1.99 x 0.59 in)',b'90.5 g (3.21 oz)',"b'Dual SIM (Mini-SIM, dual stand-by)'","b'TFT, 65K colors'","b'2.4 inches, 17.8 cm2 (~26.8% screen-to-body ratio)'","b'240 x 320 pixels, 4:3 ratio (~167 ppi density)'",,,,,b'microSD',b'4MB',b'VGA',,b'Yes',,,b'Yes',b'Yes',b'No',b'3.0',b'No',b'No',b'FM radio; built-in antenna',b'microUSB 2.0',b'',"b'Li-Ion 1020 mAh, removable'",b'Up to 560 h',b'Up to 19 h',"b'Cyan, Red, Black'",b'Flashlight',b'No',b'No',b'No',b'2000 entries',b'Yes',b'SMS',b'Yes',b'No',,b'MP3 player',b'About 30 EUR',,,,b'TA-1235',,,,,,,,,,b'0.43 W/kg (head) \xc2\xa0 \xc2\xa0 0.63 W/kg (body)',,,,,,,,,,,,,,,,,,,,,,,,,,,,,,,
,,,,,,,,,,,,,,,,,,,,,,,,,,,,,,,,,,,,,,,,,,,,,,,,,,,,,,,,,,,,,,,,,,,,,,,,,,,,,,,,,,,,,,,,,,,,,,,
b'nokia',b'Nokia 125',b'https://fdn2.gsmarena.com/vv/bigpic/nokia-125-2020.jpg',b'GSM',b'GSM 900 / 1800 - SIM 1 & SIM 2 (dual-SIM model only)',,,"b'2020, May 12'","b'Available. Released 2020, May 29'",b'132 x 50.5 x 15 mm (5.20 x 1.99 x 0.59 in)',b'91.3 g (3.21 oz)',"b'Single SIM (Mini-SIM) or Dual SIM (Mini-SIM, dual stand-by)'","b'TFT, 65K colors'","b'2.4 inches, 17.8 cm2 (~26.8% screen-to-body ratio)'","b'240 x 320 pixels, 4:3 ratio (~167 ppi density)'",,,,,b'No',b'4MB',,,,,,b'Yes',b'Yes',b'No',b'No',b'No',b'No',b'FM radio; built-in antenna',b'microUSB 2.0',b'',"b'Li-Ion 1020 mAh, removable'",b'Up to 560 h',b'Up to 19 h',"b'Black, White'",b'Flashlight',b'No',b'No',b'No',b'2000 entries',b'Yes',b'SMS',b'Yes',b'No',,,b'About 20 EUR',,,,b'TA-1253',,,,,,,,,,b'0.43 W/kg (head) \xc2\xa0 \xc2\xa0 0.63 W/kg (body)',,,,,,,,,,,,,,,,,,,,,,,,,,,,,,,
,,,,,,,,,,,,,,,,,,,,,,,,,,,,,,,,,,,,,,,,,,,,,,,,,,,,,,,,,,,,,,,,,,,,,,,,,,,,,,,,,,,,,,,,,,,,,,,
b'nokia',b'Nokia 8.3 5G',b'https://fdn2.gsmarena.com/vv/bigpic/nokia-83-5g.jpg',b'GSM / HSPA / LTE / 5G',b'GSM 850 / 900 / 1800 / 1900 - SIM 1 & SIM 2',b'HSDPA 850 / 900 / 1700(AWS) / 1900 / 2100',"b'HSPA 42.2/5.76 Mbps, LTE-A (4CA) Cat18 1200/150 Mbps, 5G 2.4/1.2 Gbps'","b'2020, March 19'","b'Available. Released 2020, September 15'",b'171.9 x 78.6 x 9 mm (6.77 x 3.09 x 0.35 in)',b'220 g (7.76 oz)',"b'Single SIM (Nano-SIM) or Hybrid Dual SIM (Nano-SIM, dual stand-by)'",b'IPS LCD',"b'6.81 inches, 112.0 cm2 (~82.9% screen-to-body ratio)'","b'1080 x 2400 pixels, 20:9 ratio (~386 ppi density)'","b'Android 10, upgradable to Android 11, Android One'",b'Qualcomm SM7250 Snapdragon 765G (7 nm)',b'Octa-core (1x2.4 GHz Kryo 475 Prime & 1x2.2 GHz Kryo 475 Gold & 6x1.8 GHz Kryo 475 Silver)',b'Adreno 620',b'microSDXC (uses shared SIM slot)',"b'64GB 6GB RAM, 64GB 8GB RAM, 128GB 8GB RAM'","b'24 MP, f/2.0, (wide), 1/2.8"", 0.9\xc2\xb5m'","b'Zeiss optics, Dual-LED flash, panorama, HDR'","b'4K@30/60fps, 1080p@30/240fps, 720p@960fps, gyro-EIS'",,b'1080p@30fps',b'Yes',b'Yes',"b'Wi-Fi 802.11 a/b/g/n/ac, dual-band, Wi-Fi Direct, hotspot'","b'5.0, A2DP, EDR, LE'","b'Yes, with A-GPS, GLONASS, BDS'",b'Yes',b'FM radio',"b'USB Type-C 2.0, USB On-The-Go'","b'Fingerprint (side-mounted), accelerometer, gyro, proximity, compass'","b'Li-Po 4500 mAh, non-removable'",,,b'Polar Night',,,,,,,,,,,,b'$\xe2\x80\x89650.00 / \xe2\x82\xac\xe2\x80\x89444.00 / \xc2\xa3\xe2\x80\x89349.99',"b'1, 2, 3, 4, 5, 7, 8, 12, 13, 17, 20, 28, 32, 38, 39, 40, 41, 66, 71'","b'64 MP, f/1.9, (wide), 1/1.72"", 0.8\xc2\xb5m, PDAF 12 MP, f/2.2, 120\xcb\x9a (ultrawide), 1/2.43"", 1.4\xc2\xb5m, AF 2 MP, (macro) 2 MP, (depth)'",b'Fast charging 18W',"b'TA-1243, TA-1251'",,,,"b'Zeiss optics, HDR'",,"b'1, 2, 3, 5, 7, 8, 28, 38, 40, 41, 66, 71, 78 SA/NSA'",,,b'0.96 W/kg (head) \xc2\xa0 \xc2\xa0 1.41 W/kg (body)',b'0.96 W/kg (head) \xc2\xa0 \xc2\xa0 1.41 W/kg (body)',,,,,,,b'$\xe2\x80\x89650.00',b'\xc2\xa3\xe2\x80\x89349.99',b'\xc2\xa3\xe2\x80\x89713.35',,,,,,,,,,,,,,,,,,,,,,
,,,,,,,,,,,,,,,,,,,,,,,,,,,,,,,,,,,,,,,,,,,,,,,,,,,,,,,,,,,,,,,,,,,,,,,,,,,,,,,,,,,,,,,,,,,,,,,
b'nokia',b'Nokia 5.3',b'https://fdn2.gsmarena.com/vv/bigpic/nokia-53.jpg',b'GSM / HSPA / LTE',b'GSM 850 / 900 / 1800 / 1900 - SIM 1 & SIM 2 (dual-SIM model only)',b'HSDPA 850 / 900 / 1900 / 2100 - Global',"b'HSPA 42.2/5.76 Mbps, LTE Cat4 150/50 Mbps'","b'2020, March 19'","b'Available. Released 2020, April 02'",b'164.3 x 76.6 x 8.5 mm (6.47 x 3.02 x 0.33 in)',b'185 g (6.53 oz)',"b'Single SIM (Nano-SIM) or Dual SIM (Nano-SIM, dual stand-by)'","b'IPS LCD, 450 nits (typ)'","b'6.55 inches, 103.6 cm2 (~82.3% screen-to-body ratio)'","b'720 x 1600 pixels, 20:9 ratio (~268 ppi density)'","b'Android 10, Android One'",b'Qualcomm SM6125 Snapdragon 665 (11 nm)',b'Octa-core (4x2.0 GHz Kryo 260 Gold & 4x1.8 GHz Kryo 260 Silver)',b'Adreno 610',b'microSDXC (dedicated slot)',"b'64GB 3GB RAM, 64GB 4GB RAM, 64GB 6GB RAM'","b'8 MP, f/2.0, (wide)'","b'LED flash, HDR, panorama'","b'4K@30fps, 1080p@30fps'",,b'1080p@30fps',b'Yes',b'Yes',"b'Wi-Fi 802.11 b/g/n/ac, Wi-Fi Direct, hotspot'","b'4.2, A2DP, LE, aptX'","b'Yes, with A-GPS, GLONASS, BDS'",b'Yes',b'FM radio',"b'USB Type-C 2.0, USB On-The-Go'","b'Fingerprint (rear-mounted), accelerometer, proximity'","b'Li-Po 4000 mAh, non-removable'",,,"b'Cyan, Sand, Charcoal'",b'HSDPA 850 / 900 / 1700(AWS) / 1900 / 2100 - Americas',b'HSDPA 850 / 900 / 2100 - India',,,,,,,,,b'eMMC 5.1',"b'$\xe2\x80\x89184.99 / \xe2\x82\xac\xe2\x80\x89176.02 / \xc2\xa3\xe2\x80\x89134.95 / \xe2\x82\xb9\xe2\x80\x8911,497'","b'1, 3, 5, 7, 8, 20, 28, 38, 40, 41 - Global'","b'13 MP, f/1.8, (wide), PDAF 5 MP, 13mm (ultrawide) 2 MP, (macro) 2 MP, (depth)'",b'Charging 10W',"b'TA-1234, TA-1223, TA-1227, TA-1229'",b'$\xe2\x80\x89184.99',,"b'Glass front (Gorilla Glass 3), plastic back, plastic frame'",,,,b'Corning Gorilla Glass 3',,b'1.03 W/kg (head) \xc2\xa0 \xc2\xa0 0.95 W/kg (body)',b'0.70 W/kg (head) \xc2\xa0 \xc2\xa0 1.39 W/kg (body)',,,,,,,,"b'\xe2\x82\xb9\xe2\x80\x8913,498'",,,,,,,,,,,,,,,,,,,,,,,
,,,,,,,,,,,,,,,,,,,,,,,,,,,,,,,,,,,,,,,,,,,,,,,,,,,,,,,,,,,,,,,,,,,,,,,,,,,,,,,,,,,,,,,,,,,,,,,
b'nokia',b'Nokia 1.3',b'https://fdn2.gsmarena.com/vv/bigpic/nokia-13.jpg',b'GSM / HSPA / LTE',b'GSM 850 / 900 / 1800 / 1900 - SIM 1 & SIM 2 (dual-SIM model only)',b'HSDPA 850 / 900 / 1700(AWS) / 1900 / 2100 - LATAM',"b'HSPA 42.2/5.76 Mbps, LTE Cat4 150/50 Mbps'","b'2020, March 19'","b'Available. Released 2020, April 02'",b'147.3 x 71.2 x 9.4 mm (5.80 x 2.80 x 0.37 in)',b'155 g (5.47 oz)',"b'Single SIM (Nano-SIM) or Dual SIM (Nano-SIM, dual stand-by)'","b'IPS LCD, 400 nits (typ)'","b'5.71 inches, 81.4 cm2 (~77.6% screen-to-body ratio)'","b'720 x 1520 pixels, 19:9 ratio (~295 ppi density)'","b'Android 10 (Go edition), Android One'",b'Qualcomm QM215 (28 nm)',b'Quad-core 1.3 GHz Cortex-A53',b'Adreno 308',b'microSDXC (dedicated slot)',b'16GB 1GB RAM',"b'8 MP, AF'","b'LED flash, HDR'",b'720p@30fps',b'5 MP',b'720p@30fps',b'Yes',b'Yes',"b'Wi-Fi 802.11 b/g/n, hotspot'","b'4.2, A2DP, LE, aptX HD'","b'Yes, with A-GPS, GLONASS, BDS'",b'No',b'FM radio',"b'microUSB 2.0, USB On-The-Go'","b'Accelerometer, proximity'","b'Li-Po 3000 mAh, removable'",,,"b'Cyan, Charcoal, Sand'",b'HSDPA 850 / 900 / 2100 - Global',"b'1, 3, 5, 7, 8, 20, 28 - Global'",,,,,,,,,b'eMMC 5.1',b'$\xe2\x80\x8999.99 / \xe2\x82\xac\xe2\x80\x8979.99 / \xc2\xa3\xe2\x80\x8979.95',"b'1, 2, 3, 4, 5, 7, 8, 12, 17, 28, 66 - LATAM'",,,"b'TA-1216, TA-1205'",,,"b'Glass front, plastic back, plastic frame'",,,,,,b'0.64 W/kg (head) \xc2\xa0 \xc2\xa0 1.17 W/kg (body)',b'0.38 W/kg (head) \xc2\xa0 \xc2\xa0 0.86 W/kg (body)',,,,,,,,,,b'$\xe2\x80\x8999.99',,,,,,,,,,,,,,,,,,,,,
,,,,,,,,,,,,,,,,,,,,,,,,,,,,,,,,,,,,,,,,,,,,,,,,,,,,,,,,,,,,,,,,,,,,,,,,,,,,,,,,,,,,,,,,,,,,,,,
b'nokia',b'Nokia 5310 (2020)',b'https://fdn2.gsmarena.com/vv/bigpic/nokia-5310.jpg',b'GSM',b'GSM 900 / 1800 - SIM 1 & SIM 2 (dual-SIM model only)',,b'No',"b'2020, March 19'","b'Available. Released 2020, April 02'","b'123.7 x 52.4 x 13.1 mm, 44.8 cc (4.87 x 2.06 x 0.52 in)'",b'88.2 g (3.10 oz)',"b'Single SIM (Mini-SIM) or Dual SIM (Mini-SIM, dual stand-by)'",b'TFT',"b'2.4 inches, 17.8 cm2 (~27.5% screen-to-body ratio)'","b'240 x 320 pixels, 4:3 ratio (~167 ppi density)'",,b'Mediatek MT6260A',,,b'microSDHC',b'16MB 8MB RAM',b'VGA',b'LED flash',b'',,,"b'Yes, with dual speakers'",b'Yes',b'No',"b'3.0, A2DP'",b'No',b'No',b'FM radio',b'microUSB 1.1',b'',"b'Li-Ion 1200 mAh, removable'",,,"b'White/Red, Black/Red'",b'No',b'MP3 player',b'Yes',b'Yes',b'Yes',b'Yes',"b'SMS, MMS, Email, IM'",b'Yes',b'No',,,"b'\xe2\x82\xac\xe2\x80\x8955.76 / \xc2\xa3\xe2\x80\x8941.51 / \xe2\x82\xb9\xe2\x80\x893,307'",,,,"b'TA-1230, TA-1212'",,,,,,,,,,b'1.13 W/kg (head) \xc2\xa0 \xc2\xa0 1.57 W/kg (body)',,,,,,,,,,,b'\xe2\x82\xac\xe2\x80\x8955.76',,,,,,,,,,,,,,,,,,,,
,,,,,,,,,,,,,,,,,,,,,,,,,,,,,,,,,,,,,,,,,,,,,,,,,,,,,,,,,,,,,,,,,,,,,,,,,,,,,,,,,,,,,,,,,,,,,,,
b'nokia',b'Nokia C2',b'https://fdn2.gsmarena.com/vv/bigpic/nokia-c2-.jpg',b'GSM / HSPA / LTE',b'GSM 850 / 900 / 1800 / 1900 - SIM 1 & SIM 2 (dual-SIM model only)',"b'HSDPA 850 / 900 / 2100 - Africa, ME, APAC'","b'HSPA 42.2/5.76 Mbps, LTE Cat4 150/50 Mbps'","b'2020, March 16'","b'Available. Released 2020, March 22'",b'154.8 x 75.6 x 8.9 mm (6.09 x 2.98 x 0.35 in)',b'161 g (5.68 oz)',"b'Single SIM (Nano-SIM) or Dual SIM (Nano-SIM, dual stand-by)'",b'IPS LCD',"b'5.7 inches, 83.8 cm2 (~71.6% screen-to-body ratio)'","b'720 x 1440 pixels, 18:9 ratio (~282 ppi density)'",b'Android 9.0 Pie (Go edition)',b'Unisoc (28nm)',b'Quad-core 1.4 GHz',,b'microSDXC (dedicated slot)',b'16GB 1GB RAM',"b'5 MP, f/2.2, AF'","b'LED flash, HDR'",b'720p@30fps',b'5 MP',b'720p@30fps',b'Yes',b'Yes',"b'Wi-Fi 802.11 b/g/n, hotspot'","b'4.2, A2DP, LE'","b'Yes, with A-GPS'",b'No',b'FM radio',b'microUSB 2.0',"b'Accelerometer, proximity'","b'Li-Ion 2800 mAh, removable'",,,"b'Cyan, Black'",b'HSDPA 900 / 2100 - Saudi Arabia',"b'1, 3, 5, 8, 28, 38, 40, 41 - Saudi Arabia'",,,,,,,,,b'eMMC 5.1',b'$\xe2\x80\x8959.99',"b'1, 3, 5, 7, 8, 20, 28, 38, 40, 41 - Africa, ME, APAC'",,,,,,"b'Glass front, plastic back, plastic frame'",b'LED flash',,,,,,,,,,,,,,,,b'$\xe2\x80\x8959.99',,,,,,,,,,,,,,,,,,,,,
,,,,,,,,,,,,,,,,,,,,,,,,,,,,,,,,,,,,,,,,,,,,,,,,,,,,,,,,,,,,,,,,,,,,,,,,,,,,,,,,,,,,,,,,,,,,,,,
b'nokia',b'Nokia C1',b'https://fdn2.gsmarena.com/vv/bigpic/nokia-c1-.jpg',b'GSM / HSPA',b'GSM 850 / 900 / 1800 / 1900 - SIM 1 & SIM 2',b'HSDPA 850 / 900 / 1900 / 2100',b'HSPA 21.1/5.76 Mbps',"b'2019, December 11'","b'Available. Released 2020, December 11'",b'147.6 x 71.4 x 8.7 mm (5.81 x 2.81 x 0.34 in)',b'155 g (5.47 oz)',"b'Dual SIM (Nano-SIM, dual stand-by)'",b'IPS LCD',"b'5.45 inches, 76.7 cm2 (~72.7% screen-to-body ratio)'","b'480 x 960 pixels, 18:9 ratio (~197 ppi density)'",b'Android 9.0 Pie (Go edition)',,b'Quad-core 1.3 GHz',,b'microSDXC (dedicated slot)',b'16GB 1GB RAM',"b'5 MP, f/2.4, AF'",b'LED flash',b'720p@30fps',b'5 MP',b'720p@30fps',b'Yes',b'Yes',"b'Wi-Fi 802.11 a/b/g/n, hotspot'","b'4.2, A2DP, LE'","b'Yes, with A-GPS'",b'No',b'FM radio',b'microUSB 2.0',"b'Accelerometer, proximity'","b'Li-Ion 2500 mAh, removable'",,,"b'Black, Red'",b'eMMC 5.1',,,,,,,,,,,b'About 50 EUR',,,,b'TA-1165',,,"b'Glass front, plastic back, plastic frame'",b'LED flash',,,b'Yes',,,b'0.40 W/kg (head) \xc2\xa0 \xc2\xa0 1.30 W/kg (body)',,,,,,,,,,,,,,,,,,,,,,,,,,,,,,,
,,,,,,,,,,,,,,,,,,,,,,,,,,,,,,,,,,,,,,,,,,,,,,,,,,,,,,,,,,,,,,,,,,,,,,,,,,,,,,,,,,,,,,,,,,,,,,,
b'nokia',b'Nokia 2.3',b'https://fdn2.gsmarena.com/vv/bigpic/nokia-23.jpg',b'GSM / HSPA / LTE',b'GSM 850 / 900 / 1800 / 1900 - SIM 1 & SIM 2 (Dual SIM model only)',b'HSDPA 850 / 900 / 2100 - Global',"b'HSPA 42.2/5.76 Mbps, LTE Cat4 150/50 Mbps'","b'2019, December 05'","b'Available. Released 2019, December 19'",b'157.7 x 75.4 x 8.7 mm (6.21 x 2.97 x 0.34 in)',b'183 g (6.46 oz)',"b'Single SIM (Nano-SIM) or Hybrid Dual SIM (Nano-SIM, dual stand-by)'",b'IPS LCD',"b'6.2 inches, 95.9 cm2 (~80.7% screen-to-body ratio)'","b'720 x 1520 pixels, 19:9 ratio (~271 ppi density)'","b'Android 9.0 (Pie), upgradable to Android 10, Android One'",b'Mediatek MT6761 Helio A22 (12 nm)',b'Quad-core 2.0 GHz Cortex-A53',b'PowerVR GE8320',b'microSDXC (uses shared SIM slot)',b'32GB 2GB RAM',"b'13 MP, f/2.2, 1/3.1"", 1.12\xc2\xb5m, AF 2 MP, (depth)'","b'LED flash, HDR, panorama'",b'1080p@30fps',"b'5 MP, f/2.4'",b'',b'Yes',b'Yes',"b'Wi-Fi 802.11 b/g/n, hotspot'","b'5.0, A2DP, LE'","b'Yes, with A-GPS, GLONASS, BDS'",b'No',b'FM radio',"b'microUSB 2.0, USB On-The-Go'","b'Accelerometer, proximity'","b'Li-Po 4000 mAh, non-removable'",,,"b'Cyan Green, Sand, Charcoal'",b'GSM 900 / 1800  / 850 - India',b'HSDPA 850 / 900 / 1700(AWS) / 1900 / 2100 - USA / LATAM',,,,,,,,,b'eMMC 5.1',"b'$\xe2\x80\x89125.99 / \xe2\x82\xac\xe2\x80\x89129.00 / \xc2\xa3\xe2\x80\x89107.99 / \xe2\x82\xb9\xe2\x80\x897,699'","b'1, 3, 5, 7, 8, 20, 28, 38, 40, 41 - Global'",,,"b'TA-1211, TA-1214, TA-1206, TA-1209'",,,"b'Glass front, plastic back, plastic frame'",,,,,,b'0.81 W/kg (head) \xc2\xa0 \xc2\xa0 0.86 W/kg (body)',b'0.41 W/kg (head) \xc2\xa0 \xc2\xa0 1.40 W/kg (body)',,,,,b'$\xe2\x80\x89125.99',,,,,,,,,,,,,,,,,,,,,,,,,,
,,,,,,,,,,,,,,,,,,,,,,,,,,,,,,,,,,,,,,,,,,,,,,,,,,,,,,,,,,,,,,,,,,,,,,,,,,,,,,,,,,,,,,,,,,,,,,,
b'nokia',b'Nokia 7.2',b'https://fdn2.gsmarena.com/vv/bigpic/nokia-72.jpg',b'GSM / HSPA / LTE',b'GSM 850 / 900 / 1800 / 1900 - SIM 1 & SIM 2',b'HSDPA 850 / 900 / 2100 - ROW',"b'HSPA 42.2/5.76 Mbps, LTE-A (2CA) Cat6 300/50 Mbps or LTE Cat4 150/50 Mbps'","b'2019, September 05'","b'Available. Released 2019, September 23'",b'159.9 x 75.2 x 8.3 mm (6.30 x 2.96 x 0.33 in)',b'180 g (6.35 oz)',"b'Single SIM (Nano-SIM) or Dual SIM (Nano-SIM, dual stand-by)'","b'IPS LCD, HDR10'","b'6.3 inches, 99.1 cm2 (~82.4% screen-to-body ratio)'","b'1080 x 2280 pixels, 19:9 ratio (~400 ppi density)'","b'Android 9.0 (Pie), upgradable to Android 10, Android One'",b'Qualcomm SDM660 Snapdragon 660 (14 nm)',b'Octa-core (4x2.2 GHz Kryo 260 Gold & 4x1.8 GHz Kryo 260 Silver)',b'Adreno 512',b'microSDXC (dedicated slot)',"b'64GB 4GB RAM, 64GB 6GB RAM, 128GB 6GB RAM'","b'20 MP, f/2.0, (wide), 1/3"", 0.9\xc2\xb5m'","b'Zeiss optics, LED flash, panorama, HDR'","b'4K@30fps, 1080p@30fps (gyro-EIS)'",,b'1080p@30fps',b'Yes',b'Yes',"b'Wi-Fi 802.11 b/g/n/ac, dual-band, Wi-Fi Direct, hotspot'","b'5.0, A2DP, EDR, LE, aptX'","b'Yes, with A-GPS, GLONASS, GALILEO, BDS'",b'Yes (excl. India)',b'FM radio',"b'USB Type-C 2.0, USB On-The-Go'","b'Fingerprint (rear-mounted), accelerometer, gyro, proximity, compass'","b'Li-Po 3500 mAh, non-removable'",,,"b'Cyan Green, Charcoal, Ice'",b'HSDPA 850 / 900 / 1700(AWS) / 1900 / 2100 - USA',"b'1, 2, 3, 4, 5, 7, 8, 12, 17, 13, 28, 66 - USA'",,,,,,,,,b'eMMC 5.1',b'$\xe2\x80\x89297.00 / \xe2\x82\xac\xe2\x80\x89280.99 / \xc2\xa3\xe2\x80\x89169.99',"b'1, 3, 5, 7, 8, 20, 28, 38, 40, 41 - ROW'",,b'Charging 10W',"b'TA-1193, TA-1178, TA-1196, TA-1181'",b'\xe2\x82\xac\xe2\x80\x89280.99',b'$\xe2\x80\x89297.00',"b'Glass front (Gorilla Glass 3), glass back (Gorilla Glass 3), plastic frame'","b'Zeiss optics, HDR'",,,b'Corning Gorilla Glass 3',,b'1.15 W/kg (head) \xc2\xa0 \xc2\xa0 0.90 W/kg (body)',b'0.99 W/kg (head) \xc2\xa0 \xc2\xa0 1.44 W/kg (body)',,"b'48 MP, f/1.8, (wide), 1/2.0"", 0.8\xc2\xb5m, PDAF 8 MP, f/2.2, 13mm (ultrawide), 1/4.0"", 1.12\xc2\xb5m 5 MP, f/2.4, (depth)'",,,,,,,,,,"b'AnTuTu: 139495 (v7), 164484 (v8) GeekBench: 5440 (v4.4), 1398 (v5.1) GFXBench: 8.1fps (ES 3.1 onscreen)'",b'Contrast ratio: 1342:1 (nominal)',b'Photo / Video',b'-29.6 LUFS (Average)',b'Noise -93.0dB / Crosstalk -93.4dB',b'Endurance rating 69h',b'$\xe2\x80\x89297.00',,,,,,,,,,,,,
,,,,,,,,,,,,,,,,,,,,,,,,,,,,,,,,,,,,,,,,,,,,,,,,,,,,,,,,,,,,,,,,,,,,,,,,,,,,,,,,,,,,,,,,,,,,,,,
b'nokia',b'Nokia 6.2',b'https://fdn2.gsmarena.com/vv/bigpic/nokia-62.jpg',b'GSM / HSPA / LTE',b'GSM 850 / 900 / 1800 / 1900 - SIM 1 & SIM 2',b'HSDPA 850 / 900 / 2100 - ROW',"b'HSPA 42.2/5.76 Mbps, LTE Cat4 150/50 Mbps'","b'2019, September 05'","b'Available. Released 2019, October 17'",b'159.9 x 75.1 x 8.3 mm (6.30 x 2.96 x 0.33 in)',b'180 g (6.35 oz)',"b'Single SIM (Nano-SIM) or Dual SIM (Nano-SIM, dual stand-by)'","b'IPS LCD, HDR10'","b'6.3 inches, 99.1 cm2 (~82.5% screen-to-body ratio)'","b'1080 x 2280 pixels, 19:9 ratio (~400 ppi density)'","b'Android 9.0 (Pie), upgradable to Android 10, Android One'",b'Qualcomm SDM636 Snapdragon 636 (14 nm)',b'Octa-core (4x1.8 GHz Kryo 260 Gold & 4x1.6 GHz Kryo 260 Silver)',b'Adreno 509',b'microSDXC (dedicated slot)',"b'32GB 3GB RAM, 64GB 3GB RAM, 64GB 4GB RAM, 128GB 4GB RAM'","b'8 MP, f/2.0, 1/4"", 1.12\xc2\xb5m'","b'LED flash, panorama, HDR'","b'4K@30fps, 1080p@30fps'",,b'1080p@30fps',b'Yes',b'Yes',"b'Wi-Fi 802.11 b/g/n/ac, dual-band, Wi-Fi Direct, hotspot'","b'5.0, A2DP, EDR, LE, aptX'","b'Yes, with A-GPS, GLONASS, GALILEO, BDS'",b'Yes (excl. India)',b'FM radio',"b'USB Type-C 2.0, USB On-The-Go'","b'Fingerprint (rear-mounted), accelerometer, gyro, proximity, compass'","b'Li-Po 3500 mAh, non-removable'",,,"b'Ceramic Black, Ice'",b'HSDPA 850 / 900 / 1700(AWS) / 1900 / 2100 - LATAM',"b'1, 2, 3, 4, 5, 7, 8, 12, 13, 17, 28 - LATAM'",,,,,,,,,b'eMMC 5.1',b'$\xe2\x80\x89249.00 / \xe2\x82\xac\xe2\x80\x89259.99 / \xc2\xa3\xe2\x80\x89149.99',"b'1, 3, 5, 7, 8, 20, 28, 38, 40, 41 - ROW'",,b'Charging 10W',"b'TA-1200, TA-1198, TA-1201, TA-1187'",b'$\xe2\x80\x89249.00',,"b'Glass front (Gorilla Glass 3), glass back (Gorilla Glass 3), plastic frame'",b'HDR',,,b'Corning Gorilla Glass 3',,b'1.04 W/kg (head) \xc2\xa0 \xc2\xa0 1.05 W/kg (body)',b'0.97 W/kg (head) \xc2\xa0 \xc2\xa0 1.42 W/kg (body)',,"b'16 MP, f/1.8, 27mm (wide), 1.0\xc2\xb5m, PDAF 8 MP, f/2.2, 13mm (ultrawide), 1/4.0"", 1.12\xc2\xb5m 5 MP, f/2.4, (depth)'",b'\xc2\xa3\xe2\x80\x89149.99',,,,,,,,,"b'AnTuTu: 114947 (v7), 140736 (v8) GeekBench: 4882 (v4.4) GFXBench: 5.7fps (ES 3.1 onscreen)'",b'Contrast ratio: 1525:1 (nominal)',b'Photo / Video',b'Voice 65dB / Noise 70dB / Ring 79dB',b'Noise -91.0dB / Crosstalk -94.8dB',b'Endurance rating 73h',,,,,,,,,,,,,,
,,,,,,,,,,,,,,,,,,,,,,,,,,,,,,,,,,,,,,,,,,,,,,,,,,,,,,,,,,,,,,,,,,,,,,,,,,,,,,,,,,,,,,,,,,,,,,,
b'nokia',b'Nokia 800 Tough',b'https://fdn2.gsmarena.com/vv/bigpic/nokia-800t.jpg',b'GSM / HSPA / LTE',b'GSM 850 / 900 / 1800 / 1900 - SIM 1 & SIM 2 (dual-SIM model only)',b'HSDPA 850 / 900 / 2100',"b'HSPA 42.2/5.76 Mbps, LTE Cat4 150/50 Mbps'","b'2019, September 05'","b'Available. Released 2019, September 05'",b'145.4 x 62.1 x 16.1 mm (5.72 x 2.44 x 0.63 in)',b'161 g (5.68 oz)',"b'Single SIM (Nano-SIM) or Hybrid Dual SIM (Nano-SIM, dual stand-by)'","b'TFT, 256K colors'","b'2.4 inches, 17.8 cm2 (~19.8% screen-to-body ratio)'","b'240 x 320 pixels, 4:3 ratio (~167 ppi density)'",b'KaiOS',b'Qualcomm MSM8905 Snapdragon 205 (28 nm)',b'Dual-core (2x1.1 GHz Cortex-A7)',b'Adreno 304',b'microSDHC (uses shared SIM slot)',b'4GB 512MB',b'2 MP',b'LED flash',b'Yes',,,b'Yes',b'Yes',"b'Wi-Fi 802.11 b/g/n, hotspot'","b'4.1, A2DP, LE'","b'Yes, with A-GPS, GLONASS'",b'No',b'FM radio',b'microUSB 2.0',b'',"b'Li-Ion 2100 mAh, non-removable'",b'Up to 1032 h (3G)',,"b'Black Steel, Desert Sand'","b'1, 3, 5, 7, 8, 20, 28, 38, 39, 40, 41 - MENA, APAC, GCR'",b'IP68 water resistant (up to 1.5m for 30 mins) Flashlight MIL-STD-810G compliant* *does not guarantee ruggedness or use in extreme conditions',,,,,,,,,b'SNS applications MP4/H.264 player MP3/WAV/AAC player Organizer Voice memo Predictive text input',"b'$\xe2\x80\x89149.99 / \xe2\x82\xac\xe2\x80\x8994.98 / \xc2\xa3\xe2\x80\x89109.97 / \xe2\x82\xb9\xe2\x80\x898,999'","b'1, 3, 5, 7, 8, 20 - EU'",,,"b'TA-1189, TA-1186, TA-1180, TA-1176'",,,,,,,,,,b'1.46 W/kg (head) \xc2\xa0 \xc2\xa0 1.76 W/kg (body)',,,,,,,,,,,,,,,,,,,b'$\xe2\x80\x89149.99',,,,,,,,,,,,
,,,,,,,,,,,,,,,,,,,,,,,,,,,,,,,,,,,,,,,,,,,,,,,,,,,,,,,,,,,,,,,,,,,,,,,,,,,,,,,,,,,,,,,,,,,,,,,
b'nokia',b'Nokia 2720 Flip',b'https://fdn2.gsmarena.com/vv/bigpic/nokia-2720f-0.jpg',b'GSM / HSPA / LTE',b'GSM 850 / 900 / 1800 / 1900 - SIM 1 & SIM 2 (dual-SIM model only)',b'HSDPA 850 / 900 / 2100',"b'HSPA 42.2/5.76 Mbps, LTE Cat4 150/50 Mbps'","b'2019, September 05'","b'Available. Released 2019, September 05'",b'192.7 x 54.5 x 11.6 mm (7.59 x 2.15 x 0.46 in)',b'118 g (4.16 oz)',"b'Single SIM (Nano-SIM) or Dual SIM (Nano-SIM, dual stand-by)'","b'TFT, 256K colors'","b'2.8 inches, 24.3 cm2 (~23.1% screen-to-body ratio)'","b'240 x 320 pixels, 4:3 ratio (~143 ppi density)'",b'KaiOS',b'Qualcomm MSM8905 Snapdragon 205 (28 nm)',b'Dual-core (2x1.1 GHz Cortex-A7)',b'Adreno 304',b'microSDHC (dedicated slot)',b'4GB 512MB',b'2 MP',b'LED flash',b'Yes',,,b'Yes',b'Yes',"b'Wi-Fi 802.11 b/g/n, hotspot'","b'4.2, A2DP, LE'","b'Yes, with A-GPS, GLONASS'",b'No',b'FM radio',b'microUSB 2.0',b'',"b'Li-Ion 1500 mAh, removable (BL-6V)'",b'Up to 700 h (3G)',,"b'Black, Gray, Red'","b'1, 3, 5, 7, 8, 20, 28, 38, 39, 40, 41 - MENA, APAC, GCR'","b'Second external TFT display, 240 x 240 pixels, 1.3 inches'",,,,,,,,,b'SNS applications MP4/H.264 player MP3/WAV/AAC player Organizer Voice memo Predictive text input',b'\xe2\x82\xac\xe2\x80\x8987.77 / \xc2\xa3\xe2\x80\x8989.95',"b'1, 3, 5, 7, 8, 20 - EU'",,,"b'TA-1175, TA-1173, TA-1170, TA-1168'",,,,,,,,,b'0.87 W/kg (head) \xc2\xa0 \xc2\xa0 1.10 W/kg (body)',b'1.03 W/kg (head) \xc2\xa0 \xc2\xa0 1.69 W/kg (body)',,,,,,,,,,,,,,,,,,,b'\xe2\x82\xac\xe2\x80\x8987.77',,,,,,,,,,,,
,,,,,,,,,,,,,,,,,,,,,,,,,,,,,,,,,,,,,,,,,,,,,,,,,,,,,,,,,,,,,,,,,,,,,,,,,,,,,,,,,,,,,,,,,,,,,,,
b'nokia',b'Nokia 220 4G',b'https://fdn2.gsmarena.com/vv/bigpic/nokia-220-4g.jpg',b'GSM / LTE',b'GSM 900 / 1800 - SIM 1 & SIM 2 (dual-SIM model only)',,"b'HSPA, LTE'","b'2019, July 24'","b'Available. Released 2019, July 24'",b'121.3 x 52.9 x 13.4 mm (4.78 x 2.08 x 0.53 in)',b'86.5 g (3.03 oz)',"b'Single SIM (Nano-SIM) or Dual SIM (Mini-SIM, dual stand-by)'","b'TFT, 256K colors'","b'2.4 inches, 17.8 cm2 (~27.8% screen-to-body ratio)'","b'240 x 320 pixels, 4:3 ratio (~167 ppi density)'",,,,,b'microSDHC (dedicated slot)',b'24MB 16MB RAM',b'0.3 MP',b'LED flash',b'320p@15fps',,,b'Yes',b'Yes',b'No',b'4.2',b'No',b'No',"b'Stereo FM radio, RDS'",b'microUSB 2.0',b'',"b'Li-Ion 1200 mAh, removable'",,,"b'Blue, Black'",b'No',,b'Yes',b'No',b'Yes',b'Yes',"b'SMS(threaded view), MMS, IM'",b'Yes',b'',,,b'About 40 EUR',"b'1, 3, 5, 7, 8, 20'",,,"b'TA-1155, TA-1171, TA-1148'",,,,,,,,,b'1.42 W/kg (head) \xc2\xa0 \xc2\xa0 1.13 W/kg (body)',b'1.39 W/kg (head) \xc2\xa0 \xc2\xa0 1.75 W/kg (body)',,,,,,,,,,,,,,,,,,,,,,,,,,,,,,,
,,,,,,,,,,,,,,,,,,,,,,,,,,,,,,,,,,,,,,,,,,,,,,,,,,,,,,,,,,,,,,,,,,,,,,,,,,,,,,,,,,,,,,,,,,,,,,,
b'nokia',b'Nokia 110 (2019)',b'https://fdn2.gsmarena.com/vv/bigpic/nokia-110-2019.jpg',b'GSM',b'GSM 900 / 1800 - SIM 1 & SIM 2',,,"b'2019, September'","b'Available. Released 2019, September'",b'115.2 x 49.9 x 14.3 mm (4.54 x 1.96 x 0.56 in)',b'75 g (2.65 oz)',"b'Dual SIM (Mini-SIM, dual stand-by)'","b'TFT, 65K colors'","b'1.77 inches, 9.7 cm2 (~16.9% screen-to-body ratio)'","b'120 x 160 pixels, 4:3 ratio (~113 ppi density)'",,,,,b'microSDHC',b'4MB',b'QVGA',,b'Yes',,,b'Yes',b'Yes',b'No',b'No',b'No',b'No',b'FM radio',b'microUSB 2.0',b'',"b'Li-Ion 800 mAh, removable'",b'Up to 444 h',,"b'Ocean Blue, Pink, Black'",b'Flashlight',b'No',b'No',b'No',b'Yes',b'Yes',b'SMS',b'Yes',b'No',,b'MP3 player',b'About 20 EUR',,,,b'TA-1192',,,,,,,,,,b'1.23 W/kg (head) \xc2\xa0 \xc2\xa0 1.19 W/kg (body)',,,,,,,,,,,,,,,,,,,,,,,,,,,,,,,
,,,,,,,,,,,,,,,,,,,,,,,,,,,,,,,,,,,,,,,,,,,,,,,,,,,,,,,,,,,,,,,,,,,,,,,,,,,,,,,,,,,,,,,,,,,,,,,
b'nokia',b'Nokia 105 (2019)',b'https://fdn2.gsmarena.com/vv/bigpic/nokia-105-2019.jpg',b'GSM',b'GSM 900 / 1800 - SIM 1 & SIM 2 (dual-SIM model only)',,,"b'2019, July'","b'Available. Released 2019, September'",b'119 x 49.2 x 14.4 mm (4.69 x 1.94 x 0.57 in)',b'73 g (2.57 oz)',"b'Dual SIM (Mini-SIM, dual stand-by)'","b'TFT, 65K colors'","b'1.77 inches, 9.7 cm2 (~16.6% screen-to-body ratio)'","b'120 x 160 pixels, 4:3 ratio (~113 ppi density)'",,,,,b'No',b'4MB 4MB RAM',,,,,,b'Yes',b'Yes',b'No',b'No',b'No',b'No',b'FM radio',b'microUSB 1.1 (charging only)',b'',"b'Li-Ion 800 mAh, removable'",b'Up to 619 h',b'Up to 14 h 24 min',"b'Black, Blue, Pink'",b'Flashlight',b'No',b'No',b'No',b'Yes',b'Yes',b'SMS',b'Yes',b'No',,,b'About 10 EUR',,,,"b'TA-1203, TA-1174, TA-1010, TA-1034'",,,,,,,,,,b'1.50 W/kg (head) \xc2\xa0 \xc2\xa0 1.38 W/kg (body)',,,,,,,,,,,,,,,,,,,,,,,,,,,,,,,
,,,,,,,,,,,,,,,,,,,,,,,,,,,,,,,,,,,,,,,,,,,,,,,,,,,,,,,,,,,,,,,,,,,,,,,,,,,,,,,,,,,,,,,,,,,,,,,
b'nokia',b'Nokia 3.1 C',b'https://fdn2.gsmarena.com/vv/bigpic/nokia-31-c.jpg',b'GSM / HSPA / LTE',b'GSM 850 / 900 / 1800 / 1900',b'HSDPA 850 / 1700(AWS) / 1900',"b'HSPA 42.2/5.76 Mbps, LTE Cat4 150/50 Mbps'","b'2019, June'","b'Available. Released 2019, June'",b'152.7 x 71.9 x 9.4 mm (6.01 x 2.83 x 0.37 in)',b'156 g (5.50 oz)',b'Nano-SIM',b'IPS LCD',"b'5.45 inches, 76.7 cm2 (~69.8% screen-to-body ratio)'","b'720 x 1440 pixels, 18:9 ratio (~295 ppi density)'",b'Android 9.0 (Pie)',b'Qualcomm SDM429 Snapdragon 429 (12 nm)',b'Quad-core 1.8 GHz Cortex-A53',b'Adreno 504',b'microSDXC (dedicated slot)',b'32GB 2GB RAM',"b'8 MP, f/2.0, AF'","b'LED flash, HDR, panorama'",b'1080p@30fps',"b'5 MP, f/2.2'",b'720p@30fps',b'Yes',b'Yes',"b'Wi-Fi 802.11 b/g/n, hotspot'","b'5.0, A2DP, LE'","b'Yes, with A-GPS, GLONASS, BDS'",b'No',b'FM radio',b'USB Type-C 2.0',"b'Accelerometer, gyro, proximity'","b'Li-Ion 2990 mAh, non-removable'",,,b'White',b'eMMC 5.1',,,,,,,,,,,,"b'2, 4, 5, 12, 14, 29, 30'",,b'Charging 10W',b'TA-1140',,,,b'HDR',,,,,b'1.11 W/kg (head) \xc2\xa0 \xc2\xa0 0.81 W/kg (body)',,,,,,,,,,,,,,,,,,,,,,,,,,,,,,,,
,,,,,,,,,,,,,,,,,,,,,,,,,,,,,,,,,,,,,,,,,,,,,,,,,,,,,,,,,,,,,,,,,,,,,,,,,,,,,,,,,,,,,,,,,,,,,,,
b'nokia',b'Nokia 3.1 A',b'https://fdn2.gsmarena.com/vv/bigpic/nokia-31-a.jpg',b'GSM / HSPA / LTE',b'GSM 850 / 900 / 1800 / 1900',b'HSDPA 850 / 1700(AWS) / 1900',"b'HSPA 42.2/5.76 Mbps, LTE Cat4 150/50 Mbps'","b'2019, June'","b'Available. Released 2019, June'",b'152.7 x 71.9 x 9.4 mm (6.01 x 2.83 x 0.37 in)',b'156 g (5.50 oz)',b'Nano-SIM',b'IPS LCD',"b'5.45 inches, 76.7 cm2 (~69.8% screen-to-body ratio)'","b'720 x 1440 pixels, 18:9 ratio (~295 ppi density)'",b'Android 9.0 (Pie)',b'Qualcomm SDM429 Snapdragon 429 (12 nm)',b'Quad-core 1.8 GHz Cortex-A53',b'Adreno 504',b'microSDXC (dedicated slot)',b'32GB 2GB RAM',"b'8 MP, f/2.0, AF'","b'LED flash, HDR, panorama'",b'1080p@30fps',"b'5 MP, f/2.2'",b'720p@30fps',b'Yes',b'Yes',"b'Wi-Fi 802.11 b/g/n, hotspot'","b'5.0, A2DP, LE'","b'Yes, with A-GPS, GLONASS, BDS'",b'No',b'FM radio',b'USB Type-C 2.0',"b'Accelerometer, gyro, proximity'","b'Li-Ion 2990 mAh, non-removable'",,,b'Black',b'eMMC 5.1',,,,,,,,,,,,"b'2, 4, 5, 12, 14, 29, 30'",,b'Charging 10W',b'TA1140',,,,b'HDR',,,,,b'1.11 W/kg (head) \xc2\xa0 \xc2\xa0 0.81 W/kg (body)',,,,,,,,,,,,,,,,,,,,,,,,,,,,,,,,
,,,,,,,,,,,,,,,,,,,,,,,,,,,,,,,,,,,,,,,,,,,,,,,,,,,,,,,,,,,,,,,,,,,,,,,,,,,,,,,,,,,,,,,,,,,,,,,
b'nokia',b'Nokia 2.2',b'https://fdn2.gsmarena.com/vv/bigpic/nokia-22.jpg',b'GSM / HSPA / LTE',b'GSM 850 / 900 / 1800 / 1900 - SIM 1 & SIM 2 (Dual SIM model only)',"b'HSDPA 850 / 900 / 2100 - APAC, EMEA, India'","b'HSPA 42.2/5.76 Mbps, LTE Cat4 150/50 Mbps'","b'2019, June 06'","b'Available. Released 2019, June 11'",b'146 x 70.6 x 9.3 mm (5.75 x 2.78 x 0.37 in)',b'153 g (5.40 oz)',"b'Single SIM (Nano-SIM) or Hybrid Dual SIM (Nano-SIM, dual stand-by)'",b'IPS LCD',"b'5.71 inches, 81.4 cm2 (~79.0% screen-to-body ratio)'","b'720 x 1520 pixels, 19:9 ratio (~295 ppi density)'","b'Android 9.0 (Pie), upgradable to Android 10, Android One'",b'Mediatek MT6761 Helio A22 (12 nm)',b'Quad-core 2.0 GHz Cortex-A53',b'PowerVR GE8320',b'microSDXC (uses shared SIM slot)',"b'16GB 2GB RAM, 32GB 3GB RAM'","b'13 MP, f/2.2, 1/3.1"", 1.12\xc2\xb5m, AF'","b'LED flash, HDR, panorama'",b'1080p@30fps',b'5 MP',b'1080p@30fps',b'Yes',b'Yes',"b'Wi-Fi 802.11 b/g/n, hotspot'","b'4.2, A2DP, LE'","b'Yes, with A-GPS, GLONASS, BDS'",b'No',b'FM radio',"b'microUSB 2.0, USB On-The-Go'","b'Accelerometer, proximity'","b'Li-Ion 3000 mAh, removable'",,,"b'Steel, Tungsten Black'",b'GSM 900 / 1800 - India',"b'1, 3, 5, 40, 41 - India'",,,,,,,,,b'eMMC 5.1',b'\xe2\x82\xac\xe2\x80\x89112.00 / \xc2\xa3\xe2\x80\x89119.95',"b'1, 3, 5, 7, 8, 20, 38, 40 - APAC, EMEA'",,,"b'TA-1183, TA-1179, TA-1191, TA-1188'",,,"b'Glass front, plastic back, plastic frame'",,,,,,b'0.43 W/kg (head) \xc2\xa0 \xc2\xa0 1.37 W/kg (body)',b'0.45 W/kg (head) \xc2\xa0 \xc2\xa0 1.61 W/kg (body)',,,,,,b'\xe2\x82\xac\xe2\x80\x89112.00',,,,,,,,,,,,,,,,,,,,,,,,,
,,,,,,,,,,,,,,,,,,,,,,,,,,,,,,,,,,,,,,,,,,,,,,,,,,,,,,,,,,,,,,,,,,,,,,,,,,,,,,,,,,,,,,,,,,,,,,,
b'nokia',b'Nokia X71',b'https://fdn2.gsmarena.com/vv/bigpic/nokia-x71.jpg',b'GSM / HSPA / LTE',b'GSM 850 / 900 / 1800 / 1900 - SIM 1 & SIM 2',b'HSDPA 850 / 900 / 1900 / 2100',"b'HSPA 42.2/5.76 Mbps, LTE-A'","b'2019, April 02'","b'Available. Released 2019, April 17'",b'157.2 x 76.5 x 8 mm (6.19 x 3.01 x 0.31 in)',b'180 g (6.35 oz)',"b'Hybrid Dual SIM (Nano-SIM, dual stand-by)'",b'IPS LCD',"b'6.39 inches, 100.9 cm2 (~83.9% screen-to-body ratio)'",b'1080 x 2316 pixels (~400 ppi density)',"b'Android 9.0 (Pie), Android One'",b'Qualcomm SDM660 Snapdragon 660 (14 nm)',b'Octa-core (4x2.2 GHz Kryo 260 Gold & 4x1.8 GHz Kryo 260 Silver)',b'Adreno 512',b'microSDXC (uses shared SIM slot)',"b'64GB 6GB RAM, 128GB 6GB RAM'","b'16 MP, f/2.0, 1/3.06"", 1.0\xc2\xb5m'","b'Zeiss optics, dual-LED flash, panorama, HDR'","b'4K@30fps, 1080p@30fps'",,b'1080p@30fps',b'Yes',b'Yes',"b'Wi-Fi 802.11 a/b/g/n/ac, dual-band, Wi-Fi Direct, hotspot'","b'5.0, A2DP, LE, aptX'","b'Yes, with A-GPS, GLONASS, BDS'",b'No',b'FM radio',"b'USB Type-C 2.0, USB On-The-Go'","b'Fingerprint (rear-mounted), accelerometer, gyro, proximity, compass'","b'Li-Po 3500 mAh, non-removable'",,,b'Black',b'eMMC 5.1',,,,,,,,,,,b'About 290 EUR',"b'1, 3, 5, 7, 8, 28, 38, 40, 41'",,b'Fast charging 18W',"b'TA-1167, TA-1172'",,,"b'Glass front, glass back, aluminum frame'",,,,,,,,,"b'48 MP, f/1.8, (wide), 1/2.0"", 0.8\xc2\xb5m, PDAF 8 MP, 13mm (ultrawide), 1/4.0"", 1.12\xc2\xb5m 5 MP, f/2.4, (depth)'",,,,,,,,,,,,,,,,,,,,,,,,,,,,,
,,,,,,,,,,,,,,,,,,,,,,,,,,,,,,,,,,,,,,,,,,,,,,,,,,,,,,,,,,,,,,,,,,,,,,,,,,,,,,,,,,,,,,,,,,,,,,,
b'nokia',b'Nokia 9 PureView',b'https://fdn2.gsmarena.com/vv/bigpic/nokia-9-pureview-.jpg',b'GSM / HSPA / LTE',b'GSM 850 / 900 / 1800 / 1900 - SIM 1 & SIM 2 (dual-SIM model only)',b'HSDPA 850 / 900 / 1700(AWS) / 1900 / 2100',"b'HSPA 42.2/5.76 Mbps, LTE-A (5CA) Cat16 1024/150 Mbps'","b'2019, February 24'","b'Available. Released 2019, March 15'",b'155 x 75 x 8 mm (6.10 x 2.95 x 0.31 in)',b'172 g (6.07 oz)',"b'Single SIM (Nano-SIM) or Hybrid Dual SIM (Nano-SIM, dual stand-by)'","b'P-OLED, HDR10'","b'5.99 inches, 92.6 cm2 (~79.7% screen-to-body ratio)'","b'1440 x 2880 pixels, 18:9 ratio (~538 ppi density)'","b'Android 9.0 (Pie), upgradable to Android 10, Android One'",b'Qualcomm SDM845 Snapdragon 845 (10 nm)',b'Octa-core (4x2.8 GHz Kryo 385 Gold & 4x1.7 GHz Kryo 385 Silver)',b'Adreno 630',b'No',b'128GB 6GB RAM',"b'20 MP, f/2.0, (wide), 1/2.8"", 1.0\xc2\xb5m'","b'Zeiss optics, dual-LED dual-tone flash, HDR, panorama'","b'4K@30fps, 1080p@30fps, HDR'",,"b'4K@30fps, 1080p@30fps, HDR'",b'Yes',b'No',"b'Wi-Fi 802.11 a/b/g/n/ac, dual-band, Wi-Fi Direct, hotspot'","b'5.0, A2DP, LE, aptX'","b'Yes, with A-GPS, GLONASS, BDS'",b'Yes',b'No',b'USB Type-C 3.1',"b'Fingerprint (under display, optical), accelerometer, gyro, proximity, compass, barometer'","b'Li-Po 3320 mAh, non-removable'",,,b'Midnight Blue',b'IP67 dust/water resistant (up to 1m for 30 mins)',b'Always-on display',,,,,,,,,b'ANT+',b'\xe2\x82\xac\xe2\x80\x89489.90',"b'1, 2, 3, 4, 5, 7, 8, 12, 13, 17, 20, 28, 32, 38, 39, 40, 41, 66 - TA-1082'",,b'Fast charging 18W Quick Charge 3.0 USB Power Delivery Fast wireless charging 10W - Qi Fast wireless charging 5W - PMA',"b'TA-1094, A-1087, TA-1082'",,,"b'Glass front (Gorilla Glass 5), glass back, aluminum frame'",b'HDR',,,b'Corning Gorilla Glass 5',,b'1.31 W/kg (head)',b'0.88 W/kg (head) \xc2\xa0 \xc2\xa0 0.86 W/kg (body)',,,,,,,,,,,,b'AnTuTu: 288473 (v7)GeekBench: 8986 (v4.4)GFXBench: 19fps (ES 3.1 onscreen)',"b'Contrast ratio: Infinite (nominal), 5.981 (sunlight)'",b'Photo / Video',b'Voice 68dB / Noise 71dB / Ring 81dB',b'Noise -94.0dB / Crosstalk -93.2dB',b'Endurance rating 79h',b'\xe2\x82\xac\xe2\x80\x89489.90',,"b'5x 12 MP, f/1.8, 28mm (wide), 1/2.9"", 1.25\xc2\xb5m (2x RGB & 3x B/W cameras, working simultaneously) TOF 3D, (depth)'",,,,,,,,,,,
,,,,,,,,,,,,,,,,,,,,,,,,,,,,,,,,,,,,,,,,,,,,,,,,,,,,,,,,,,,,,,,,,,,,,,,,,,,,,,,,,,,,,,,,,,,,,,,
b'nokia',b'Nokia 4.2',b'https://fdn2.gsmarena.com/vv/bigpic/nokia-42.jpg',b'GSM / HSPA / LTE',b'GSM 850 / 900 / 1800 / 1900 - SIM 1 & SIM 2',b'HSDPA 850 / 900 / 2100 - Global',"b'HSPA 42.2/5.76 Mbps, LTE Cat4 150/50 Mbps'","b'2019, February 24'","b'Available. Released 2019, May 07'",b'149 x 71.3 x 8.4 mm (5.87 x 2.81 x 0.33 in)',b'161 g (5.68 oz)',"b'Dual SIM (Nano-SIM, dual stand-by)'",b'IPS LCD',"b'5.71 inches, 81.4 cm2 (~76.6% screen-to-body ratio)'","b'720 x 1520 pixels, 19:9 ratio (~295 ppi density)'","b'Android 9.0 (Pie), upgradable to Android 10, Android One'",b'Qualcomm SDM439 Snapdragon 439 (12 nm)',b'Octa-core (4x1.95 GHz Cortex-A53 & 4x1.45 GHz Cortex A53)',b'Adreno 505',b'microSDXC (dedicated slot)',"b'16GB 2GB RAM, 32GB 3GB RAM'","b'8 MP, f/2.0, 1/4"", 1.12\xc2\xb5m'",b'LED flash',b'1080p@30fps',,b'1080p@30fps',b'Yes',b'Yes',"b'Wi-Fi 802.11 b/g/n, hotspot'","b'4.2, A2DP, LE, aptX'","b'Yes, with A-GPS, GLONASS, BDS'",b'Yes (market dependent)',b'FM radio',"b'microUSB 2.0, USB On-The-Go'","b'Fingerprint (rear-mounted), accelerometer, proximity'","b'Li-Ion 3000 mAh, non-removable'",,,"b'Black, Pink Sand'",b'HSDPA 850 / 900 / 1700(AWS) / 1900 / 2100 - LATAM',"b'1, 2, 3, 4, 5, 7, 8, 12, 17, 28, 38, 66 - LATAM'",,,,,,,,,b'eMMC 5.1',b'$\xe2\x80\x89110.26 / \xe2\x82\xac\xe2\x80\x89182.26 / \xc2\xa3\xe2\x80\x89129.99',"b'1, 3, 5, 7, 8, 20, 28, 38, 40, 41 - EMEA, APAC, MENA'",,,"b'TA-1184, TA-1133, TA-1149, TA-1150, TA-1157, TA-1152'",,,"b'Glass front, glass back, plastic frame'",,,,,"b'13 MP, f/2.2, 1/3.1"", 1.12\xc2\xb5m, PDAF 2 MP, (depth)'",b'0.43 W/kg (head) \xc2\xa0 \xc2\xa0 1.08 W/kg (body)',b'0.45 W/kg (head) \xc2\xa0 \xc2\xa0 1.53 W/kg (body)',,,b'$\xe2\x80\x89110.26',,,b'\xc2\xa3\xe2\x80\x89129.99',,,,,,,,,,,,,,,,,,,,,,,,,
,,,,,,,,,,,,,,,,,,,,,,,,,,,,,,,,,,,,,,,,,,,,,,,,,,,,,,,,,,,,,,,,,,,,,,,,,,,,,,,,,,,,,,,,,,,,,,,
b'nokia',b'Nokia 3 V',b'https://fdn2.gsmarena.com/vv/bigpic/nokia-3v.jpg',b'GSM / HSPA / LTE',b'GSM 850 / 900 / 1800 / 1900',b'HSDPA 850 / 900 / 1700(AWS) / 1900 / 2100',"b'HSPA 42.2/5.76 Mbps, LTE Cat4 150/50 Mbps'","b'2020, August 20'","b'Available. Released 2019, August 23'",b'161.2 x 76.2 x 9.1 mm (6.35 x 3.00 x 0.36 in)',b'188.6 g (6.67 oz)',b'Nano-SIM',b'IPS LCD',"b'6.26 inches, 97.8 cm2 (~79.6% screen-to-body ratio)'","b'720 x 1520 pixels, 19:9 ratio (~269 ppi density)'","b'Android 9.0 (Pie), upgradable to Android 10, Android One'",b'Qualcomm SDM429 Snapdragon 429 (12 nm)',b'Quad-core 1.8 GHz Cortex-A53',b'Adreno 504',b'microSDXC (dedicated slot)',b'16GB 2GB RAM',"b'13 MP, f/2.2, 1/3.1"", 1.12\xc2\xb5m, AF'",b'LED flash',b'1080p@30fps',"b'5 MP, f/2.2, 27mm (wide), 1/5"", 1.12\xc2\xb5m'",b'',b'Yes',b'Yes',"b'Wi-Fi 802.11 b/g/n, hotspot'","b'4.2, A2DP, LE, aptX'","b'Yes, with A-GPS, GLONASS, BDS'",b'No',b'FM radio',"b'microUSB 2.0, USB On-The-Go'","b'Accelerometer, proximity'","b'Li-Ion 4000 mAh, non-removable'",,,b'Blue',b'eMMC 5.1',,,,,,,,,,,b'About 170 USD',"b'1, 2, 4, 5, 8, 13'",,b'Charging 10W',,,,"b'Glass front, plastic back, plastic frame'",,,,,,,,,,,,,,,,,,,,,,,,,,,,,,,,,,,,,,
,,,,,,,,,,,,,,,,,,,,,,,,,,,,,,,,,,,,,,,,,,,,,,,,,,,,,,,,,,,,,,,,,,,,,,,,,,,,,,,,,,,,,,,,,,,,,,,
b'nokia',b'Nokia 3.2',b'https://fdn2.gsmarena.com/vv/bigpic/nokia-32.jpg',b'GSM / HSPA / LTE',b'GSM 850 / 900 / 1800 / 1900 - SIM 1 & SIM 2',b'HSDPA 850 / 900 / 2100',"b'HSPA 42.2/5.76 Mbps, LTE Cat4 150/50 Mbps'","b'2019, February 24'","b'Available. Released 2019, May 22'",b'159.4 x 76.2 x 8.6 mm (6.28 x 3.00 x 0.34 in)',b'181 g (6.38 oz)',"b'Dual SIM (Nano-SIM, dual stand-by)'",b'IPS LCD',"b'6.26 inches, 97.8 cm2 (~80.5% screen-to-body ratio)'","b'720 x 1520 pixels, 19:9 ratio (~269 ppi density)'","b'Android 9.0 (Pie), upgradable to Android 10, Android One'",b'Qualcomm SDM429 Snapdragon 429 (12 nm)',b'Quad-core 1.8 GHz Cortex-A53',b'Adreno 504',b'microSDXC (dedicated slot)',"b'16GB 2GB RAM, 32GB 3GB RAM'","b'13 MP, f/2.2, 1/3.1"", 1.12\xc2\xb5m, AF'",b'LED flash',b'1080p@30fps',"b'5 MP, f/2.2, 27mm (wide), 1/5"", 1.12\xc2\xb5m'",b'',b'Yes',b'Yes',"b'Wi-Fi 802.11 b/g/n, hotspot'","b'4.2, A2DP, LE, aptX'","b'Yes, with A-GPS, GLONASS, BDS'",b'No',b'FM radio',"b'microUSB 2.0, USB On-The-Go'","b'Fingerprint (rear-mounted, 32/3GB only), accelerometer, proximity'","b'Li-Ion 4000 mAh, non-removable'",,,"b'Black, Steel'","b'1, 3, 5, 8, 40, 41 - India'",b'eMMC 5.1',,,,,,,,,,"b'\xe2\x82\xac\xe2\x80\x89138.00 / \xc2\xa3\xe2\x80\x8984.99 / \xe2\x82\xb9\xe2\x80\x899,300'","b'1, 3, 5, 7, 8, 20, 28, 38, 40 - EMEA, APAC, MENA'",,b'Charging 10W',"b'TA-1156, TA-1159, TA-1164'",,,"b'Glass front, plastic back, plastic frame'",,,,,,,b'0.24 W/kg (head) \xc2\xa0 \xc2\xa0 1.63 W/kg (body)',,,b'\xe2\x82\xac\xe2\x80\x89190.50',,,b'\xe2\x82\xac\xe2\x80\x89138.00',,,,,,,,,,,,,,,,,,,,,,,,,
,,,,,,,,,,,,,,,,,,,,,,,,,,,,,,,,,,,,,,,,,,,,,,,,,,,,,,,,,,,,,,,,,,,,,,,,,,,,,,,,,,,,,,,,,,,,,,,
b'nokia',b'Nokia 1 Plus',b'https://fdn2.gsmarena.com/vv/bigpic/nokia-1-plus.jpg',b'GSM / HSPA / LTE',b'GSM 850 / 900 / 1800 / 1900 - SIM 1 & SIM 2 (dual-SIM model only)',b'HSDPA 850 / 900 / 2100 - Global',"b'HSPA 42.2/5.76 Mbps, LTE Cat4 150/50 Mbps'","b'2019, February 24'","b'Available. Released 2019, February 24'",b'145 x 70.4 x 8.6 mm (5.71 x 2.77 x 0.34 in)',b'138.4 g (4.87 oz)',"b'Dual SIM (Nano-SIM, dual stand-by)'",b'IPS LCD',"b'5.45 inches, 76.7 cm2 (~75.1% screen-to-body ratio)'","b'480 x 960 pixels, 18:9 ratio (~197 ppi density)'","b'Android 9.0 Pie (Go edition), upgradable to Android 10 (Go edition)'",b'Mediatek MT6739WW (28 nm)',b'Quad-core 1.5 GHz Cortex-A53',b'PowerVR GE8100',b'microSDXC (dedicated slot)',"b'8GB 1GB RAM, 16GB 1GB RAM'","b'8 MP, AF'",b'LED flash',b'720p@30fps',b'5 MP',b'720p',b'Yes',b'Yes',"b'Wi-Fi 802.11 a/b/g/n, hotspot'","b'4.2, A2DP'","b'Yes, with A-GPS, GLONASS'",b'No',b'FM radio',b'microUSB 2.0',"b'Accelerometer, proximity'","b'Li-Ion 2500 mAh, removable'",,,"b'Black, Red, Blue'",b'HSDPA 850 / 900 / 1700(AWS) / 1900 / 2100 - LATAM',"b'1, 2, 3, 4, 5, 7, 8, 12, 17, 28 - LATAM'",,,,,,,,,b'eMMC 5.1',b'\xe2\x82\xac\xe2\x80\x8999.99 / \xc2\xa3\xe2\x80\x8995.15',"b'1, 3, 5, 7, 8, 20, 38, 40 - Global'",,,"b'TA-1130, TA-1111, TA-1123, TA-1127, TA-1131'",,,"b'Glass front, plastic back, plastic frame'",,,,,,b'0.96 W/kg (head) \xc2\xa0 \xc2\xa0 0.72 W/kg (body)',b'0.59 W/kg (head) \xc2\xa0 \xc2\xa0 1.79 W/kg (body)',,,,,,,,,,,,,,,,,,,,,b'\xe2\x82\xac\xe2\x80\x8999.99',,,,,,,,,,
,,,,,,,,,,,,,,,,,,,,,,,,,,,,,,,,,,,,,,,,,,,,,,,,,,,,,,,,,,,,,,,,,,,,,,,,,,,,,,,,,,,,,,,,,,,,,,,
b'nokia',b'Nokia 210',b'https://fdn2.gsmarena.com/vv/bigpic/nokia-210-2019.jpg',b'GSM',b'GSM 900 / 1800 - SIM 1 & SIM 2',,,"b'2019, February'","b'Available. Released 2019, March'",b'120.8 x 53.5 x 13.8 mm (4.76 x 2.11 x 0.54 in)',b'82 g (2.89 oz)',"b'Dual SIM (Mini-SIM, dual stand-by)'","b'TFT, 65K colors'","b'2.4 inches, 17.8 cm2 (~27.6% screen-to-body ratio)'","b'240 x 320 pixels, 4:3 ratio (~167 ppi density)'",,b'Mediatek MT6260A',,,b'microSDHC (dedicated slot)',b'16MB',b'0.3 MP',b'LED flash',b'Yes',,,b'Yes',b'Yes',b'No',b'3.0',b'No',b'No',b'FM radio',b'microUSB 2.0',b'',"b'Li-Ion 1020 mAh, removable'",,,"b'Charcoal, Red, Grey'",b'Flashlight',b'No',b'Yes',b'Yes',b'Yes',b'Yes',b'SMS',b'Yes',b'No',,b'MP3 player',b'About 30 EUR',,,,b'TA-1139',,,"b'Glass front, plastic back, plastic frame'",,,,,,,b'1.18 W/kg (head) \xc2\xa0 \xc2\xa0 1.55 W/kg (body)',,,,,,,,,,,,,,,,,,,,,,,,,,,,,,,
